task,strategy,model,features,repeat,fold,metric,value
gbm_selectivity,grouped,Baseline,descriptors,0,0,rmse,0.3389982299329356
gbm_selectivity,grouped,Baseline,descriptors,0,0,mae,0.27040550356430604
gbm_selectivity,grouped,Baseline,descriptors,0,0,r2,-0.002516412519476763
gbm_selectivity,grouped,Baseline,descriptors,0,0,pearson_r,0.0
gbm_selectivity,grouped,Baseline,descriptors,0,0,spearman_rho,0.0
gbm_selectivity,grouped,Baseline,descriptors,0,1,rmse,0.27105795130811305
gbm_selectivity,grouped,Baseline,descriptors,0,1,mae,0.20785472199604718
gbm_selectivity,grouped,Baseline,descriptors,0,1,r2,-0.0008991385866172763
gbm_selectivity,grouped,Baseline,descriptors,0,1,pearson_r,0.0
gbm_selectivity,grouped,Baseline,descriptors,0,1,spearman_rho,0.0
gbm_selectivity,grouped,Baseline,descriptors,0,2,rmse,0.22007919844249357
gbm_selectivity,grouped,Baseline,descriptors,0,2,mae,0.17716649431153209
gbm_selectivity,grouped,Baseline,descriptors,0,2,r2,-0.03047634348704542
gbm_selectivity,grouped,Baseline,descriptors,0,2,pearson_r,0.0
gbm_selectivity,grouped,Baseline,descriptors,0,2,spearman_rho,0.0
gbm_selectivity,grouped,Baseline,descriptors,0,3,rmse,0.27539670112031056
gbm_selectivity,grouped,Baseline,descriptors,0,3,mae,0.21360363763189147
gbm_selectivity,grouped,Baseline,descriptors,0,3,r2,-0.017449419147493872
gbm_selectivity,grouped,Baseline,descriptors,0,3,pearson_r,0.0
gbm_selectivity,grouped,Baseline,descriptors,0,3,spearman_rho,0.0
gbm_selectivity,grouped,Baseline,descriptors,0,4,rmse,0.27564813237891295
gbm_selectivity,grouped,Baseline,descriptors,0,4,mae,0.21312277312373423
gbm_selectivity,grouped,Baseline,descriptors,0,4,r2,-0.008573468165611553
gbm_selectivity,grouped,Baseline,descriptors,0,4,pearson_r,0.0
gbm_selectivity,grouped,Baseline,descriptors,0,4,spearman_rho,0.0
gbm_selectivity,grouped,Baseline,descriptors,1,0,rmse,0.3180884140261858
gbm_selectivity,grouped,Baseline,descriptors,1,0,mae,0.2306676529137112
gbm_selectivity,grouped,Baseline,descriptors,1,0,r2,-0.0040572017499587165
gbm_selectivity,grouped,Baseline,descriptors,1,0,pearson_r,0.0
gbm_selectivity,grouped,Baseline,descriptors,1,0,spearman_rho,0.0
gbm_selectivity,grouped,Baseline,descriptors,1,1,rmse,0.2785166303089003
gbm_selectivity,grouped,Baseline,descriptors,1,1,mae,0.2228800037862804
gbm_selectivity,grouped,Baseline,descriptors,1,1,r2,-0.003714953835776358
gbm_selectivity,grouped,Baseline,descriptors,1,1,pearson_r,0.0
gbm_selectivity,grouped,Baseline,descriptors,1,1,spearman_rho,0.0
gbm_selectivity,grouped,Baseline,descriptors,1,2,rmse,0.26670552081779775
gbm_selectivity,grouped,Baseline,descriptors,1,2,mae,0.2086585510089022
gbm_selectivity,grouped,Baseline,descriptors,1,2,r2,-0.005349566055405708
gbm_selectivity,grouped,Baseline,descriptors,1,2,pearson_r,0.0
gbm_selectivity,grouped,Baseline,descriptors,1,2,spearman_rho,0.0
gbm_selectivity,grouped,Baseline,descriptors,1,3,rmse,0.2573096269983269
gbm_selectivity,grouped,Baseline,descriptors,1,3,mae,0.19516042505862663
gbm_selectivity,grouped,Baseline,descriptors,1,3,r2,-6.477015354278137e-05
gbm_selectivity,grouped,Baseline,descriptors,1,3,pearson_r,0.0
gbm_selectivity,grouped,Baseline,descriptors,1,3,spearman_rho,0.0
gbm_selectivity,grouped,Baseline,descriptors,1,4,rmse,0.27145560725600776
gbm_selectivity,grouped,Baseline,descriptors,1,4,mae,0.22787273713903222
gbm_selectivity,grouped,Baseline,descriptors,1,4,r2,-0.05051572835546203
gbm_selectivity,grouped,Baseline,descriptors,1,4,pearson_r,0.0
gbm_selectivity,grouped,Baseline,descriptors,1,4,spearman_rho,0.0
gbm_selectivity,grouped,Baseline,descriptors,2,0,rmse,0.2587206718524253
gbm_selectivity,grouped,Baseline,descriptors,2,0,mae,0.2039207181497435
gbm_selectivity,grouped,Baseline,descriptors,2,0,r2,-0.026736272050896792
gbm_selectivity,grouped,Baseline,descriptors,2,0,pearson_r,0.0
gbm_selectivity,grouped,Baseline,descriptors,2,0,spearman_rho,0.0
gbm_selectivity,grouped,Baseline,descriptors,2,1,rmse,0.28673503474822315
gbm_selectivity,grouped,Baseline,descriptors,2,1,mae,0.22709069972104093
gbm_selectivity,grouped,Baseline,descriptors,2,1,r2,-0.0008754541410083139
gbm_selectivity,grouped,Baseline,descriptors,2,1,pearson_r,0.0
gbm_selectivity,grouped,Baseline,descriptors,2,1,spearman_rho,0.0
gbm_selectivity,grouped,Baseline,descriptors,2,2,rmse,0.2723802374061924
gbm_selectivity,grouped,Baseline,descriptors,2,2,mae,0.21396838493021889
gbm_selectivity,grouped,Baseline,descriptors,2,2,r2,-0.00880845272642583
gbm_selectivity,grouped,Baseline,descriptors,2,2,pearson_r,0.0
gbm_selectivity,grouped,Baseline,descriptors,2,2,spearman_rho,0.0
gbm_selectivity,grouped,Baseline,descriptors,2,3,rmse,0.28648088989604437
gbm_selectivity,grouped,Baseline,descriptors,2,3,mae,0.20130048556506883
gbm_selectivity,grouped,Baseline,descriptors,2,3,r2,-0.001855296459276401
gbm_selectivity,grouped,Baseline,descriptors,2,3,pearson_r,0.0
gbm_selectivity,grouped,Baseline,descriptors,2,3,spearman_rho,0.0
gbm_selectivity,grouped,Baseline,descriptors,2,4,rmse,0.29188804296652576
gbm_selectivity,grouped,Baseline,descriptors,2,4,mae,0.23851058897619049
gbm_selectivity,grouped,Baseline,descriptors,2,4,r2,-0.017100093285018714
gbm_selectivity,grouped,Baseline,descriptors,2,4,pearson_r,0.0
gbm_selectivity,grouped,Baseline,descriptors,2,4,spearman_rho,0.0
gbm_selectivity,grouped,Baseline,descriptors,3,0,rmse,0.26915426149328925
gbm_selectivity,grouped,Baseline,descriptors,3,0,mae,0.21113048133167922
gbm_selectivity,grouped,Baseline,descriptors,3,0,r2,-0.010629552485926341
gbm_selectivity,grouped,Baseline,descriptors,3,0,pearson_r,0.0
gbm_selectivity,grouped,Baseline,descriptors,3,0,spearman_rho,0.0
gbm_selectivity,grouped,Baseline,descriptors,3,1,rmse,0.31444153146579645
gbm_selectivity,grouped,Baseline,descriptors,3,1,mae,0.22903284870142382
gbm_selectivity,grouped,Baseline,descriptors,3,1,r2,-0.005286372062056843
gbm_selectivity,grouped,Baseline,descriptors,3,1,pearson_r,0.0
gbm_selectivity,grouped,Baseline,descriptors,3,1,spearman_rho,0.0
gbm_selectivity,grouped,Baseline,descriptors,3,2,rmse,0.24893938218228664
gbm_selectivity,grouped,Baseline,descriptors,3,2,mae,0.20012066746820936
gbm_selectivity,grouped,Baseline,descriptors,3,2,r2,-0.009002611660173132
gbm_selectivity,grouped,Baseline,descriptors,3,2,pearson_r,0.0
gbm_selectivity,grouped,Baseline,descriptors,3,2,spearman_rho,0.0
gbm_selectivity,grouped,Baseline,descriptors,3,3,rmse,0.268873972202577
gbm_selectivity,grouped,Baseline,descriptors,3,3,mae,0.21590604285714288
gbm_selectivity,grouped,Baseline,descriptors,3,3,r2,-0.005896404003665534
gbm_selectivity,grouped,Baseline,descriptors,3,3,pearson_r,0.0
gbm_selectivity,grouped,Baseline,descriptors,3,3,spearman_rho,0.0
gbm_selectivity,grouped,Baseline,descriptors,3,4,rmse,0.2906871897156242
gbm_selectivity,grouped,Baseline,descriptors,3,4,mae,0.22832166659110706
gbm_selectivity,grouped,Baseline,descriptors,3,4,r2,-0.0004504266501321741
gbm_selectivity,grouped,Baseline,descriptors,3,4,pearson_r,0.0
gbm_selectivity,grouped,Baseline,descriptors,3,4,spearman_rho,0.0
gbm_selectivity,grouped,Baseline,descriptors,4,0,rmse,0.2583974082734456
gbm_selectivity,grouped,Baseline,descriptors,4,0,mae,0.20144733029614548
gbm_selectivity,grouped,Baseline,descriptors,4,0,r2,-0.002567027448124204
gbm_selectivity,grouped,Baseline,descriptors,4,0,pearson_r,0.0
gbm_selectivity,grouped,Baseline,descriptors,4,0,spearman_rho,0.0
gbm_selectivity,grouped,Baseline,descriptors,4,1,rmse,0.2966631791584173
gbm_selectivity,grouped,Baseline,descriptors,4,1,mae,0.23176792684072914
gbm_selectivity,grouped,Baseline,descriptors,4,1,r2,-0.004754383060354472
gbm_selectivity,grouped,Baseline,descriptors,4,1,pearson_r,0.0
gbm_selectivity,grouped,Baseline,descriptors,4,1,spearman_rho,0.0
gbm_selectivity,grouped,Baseline,descriptors,4,2,rmse,0.2957589898074862
gbm_selectivity,grouped,Baseline,descriptors,4,2,mae,0.23462181957645695
gbm_selectivity,grouped,Baseline,descriptors,4,2,r2,-0.026879521225282588
gbm_selectivity,grouped,Baseline,descriptors,4,2,pearson_r,0.0
gbm_selectivity,grouped,Baseline,descriptors,4,2,spearman_rho,0.0
gbm_selectivity,grouped,Baseline,descriptors,4,3,rmse,0.3047007226753116
gbm_selectivity,grouped,Baseline,descriptors,4,3,mae,0.22597532091958591
gbm_selectivity,grouped,Baseline,descriptors,4,3,r2,-0.011614638218377937
gbm_selectivity,grouped,Baseline,descriptors,4,3,pearson_r,0.0
gbm_selectivity,grouped,Baseline,descriptors,4,3,spearman_rho,0.0
gbm_selectivity,grouped,Baseline,descriptors,4,4,rmse,0.2349050482607248
gbm_selectivity,grouped,Baseline,descriptors,4,4,mae,0.18973454086436164
gbm_selectivity,grouped,Baseline,descriptors,4,4,r2,-0.0013602406970352199
gbm_selectivity,grouped,Baseline,descriptors,4,4,pearson_r,0.0
gbm_selectivity,grouped,Baseline,descriptors,4,4,spearman_rho,0.0
gbm_selectivity,grouped,Linear (descriptors),descriptors,0,0,rmse,0.33838843779594396
gbm_selectivity,grouped,Linear (descriptors),descriptors,0,0,mae,0.2703965357221872
gbm_selectivity,grouped,Linear (descriptors),descriptors,0,0,r2,0.0010870092246475505
gbm_selectivity,grouped,Linear (descriptors),descriptors,0,0,pearson_r,0.07685370165275314
gbm_selectivity,grouped,Linear (descriptors),descriptors,0,0,spearman_rho,0.09396692985890574
gbm_selectivity,grouped,Linear (descriptors),descriptors,0,1,rmse,0.2692837153919404
gbm_selectivity,grouped,Linear (descriptors),descriptors,0,1,mae,0.2093717372070147
gbm_selectivity,grouped,Linear (descriptors),descriptors,0,1,r2,0.012160941404107506
gbm_selectivity,grouped,Linear (descriptors),descriptors,0,1,pearson_r,0.16635826517464775
gbm_selectivity,grouped,Linear (descriptors),descriptors,0,1,spearman_rho,0.1112232767942022
gbm_selectivity,grouped,Linear (descriptors),descriptors,0,2,rmse,0.24048843918554397
gbm_selectivity,grouped,Linear (descriptors),descriptors,0,2,mae,0.1890187188579096
gbm_selectivity,grouped,Linear (descriptors),descriptors,0,2,r2,-0.2304626694866918
gbm_selectivity,grouped,Linear (descriptors),descriptors,0,2,pearson_r,-0.12396474600848267
gbm_selectivity,grouped,Linear (descriptors),descriptors,0,2,spearman_rho,-0.04458866350499325
gbm_selectivity,grouped,Linear (descriptors),descriptors,0,3,rmse,0.2620159361745973
gbm_selectivity,grouped,Linear (descriptors),descriptors,0,3,mae,0.20214039871965658
gbm_selectivity,grouped,Linear (descriptors),descriptors,0,3,r2,0.0790187813150105
gbm_selectivity,grouped,Linear (descriptors),descriptors,0,3,pearson_r,0.3056142760907224
gbm_selectivity,grouped,Linear (descriptors),descriptors,0,3,spearman_rho,0.20056865307815375
gbm_selectivity,grouped,Linear (descriptors),descriptors,0,4,rmse,0.2782255547018633
gbm_selectivity,grouped,Linear (descriptors),descriptors,0,4,mae,0.21652933466582375
gbm_selectivity,grouped,Linear (descriptors),descriptors,0,4,r2,-0.027522793401616452
gbm_selectivity,grouped,Linear (descriptors),descriptors,0,4,pearson_r,0.08379445885286438
gbm_selectivity,grouped,Linear (descriptors),descriptors,0,4,spearman_rho,0.06769237227656269
gbm_selectivity,grouped,Linear (descriptors),descriptors,1,0,rmse,0.31946802897262105
gbm_selectivity,grouped,Linear (descriptors),descriptors,1,0,mae,0.2292932306217195
gbm_selectivity,grouped,Linear (descriptors),descriptors,1,0,r2,-0.012785695067706326
gbm_selectivity,grouped,Linear (descriptors),descriptors,1,0,pearson_r,0.13735463303654136
gbm_selectivity,grouped,Linear (descriptors),descriptors,1,0,spearman_rho,-0.01670972493112421
gbm_selectivity,grouped,Linear (descriptors),descriptors,1,1,rmse,0.28294141560773794
gbm_selectivity,grouped,Linear (descriptors),descriptors,1,1,mae,0.22388825092934278
gbm_selectivity,grouped,Linear (descriptors),descriptors,1,1,r2,-0.03586026563442668
gbm_selectivity,grouped,Linear (descriptors),descriptors,1,1,pearson_r,0.12781570893135136
gbm_selectivity,grouped,Linear (descriptors),descriptors,1,1,spearman_rho,0.1272713549880217
gbm_selectivity,grouped,Linear (descriptors),descriptors,1,2,rmse,0.2670738104950861
gbm_selectivity,grouped,Linear (descriptors),descriptors,1,2,mae,0.2103367405648809
gbm_selectivity,grouped,Linear (descriptors),descriptors,1,2,r2,-0.008128027553117478
gbm_selectivity,grouped,Linear (descriptors),descriptors,1,2,pearson_r,0.15208792830427853
gbm_selectivity,grouped,Linear (descriptors),descriptors,1,2,spearman_rho,0.06840012116919438
gbm_selectivity,grouped,Linear (descriptors),descriptors,1,3,rmse,0.2626612120793662
gbm_selectivity,grouped,Linear (descriptors),descriptors,1,3,mae,0.20023938972337524
gbm_selectivity,grouped,Linear (descriptors),descriptors,1,3,r2,-0.0420965209532147
gbm_selectivity,grouped,Linear (descriptors),descriptors,1,3,pearson_r,0.0777996148172238
gbm_selectivity,grouped,Linear (descriptors),descriptors,1,3,spearman_rho,0.0839429176021569
gbm_selectivity,grouped,Linear (descriptors),descriptors,1,4,rmse,0.2672574753122769
gbm_selectivity,grouped,Linear (descriptors),descriptors,1,4,mae,0.225962683855716
gbm_selectivity,grouped,Linear (descriptors),descriptors,1,4,r2,-0.018273983897514334
gbm_selectivity,grouped,Linear (descriptors),descriptors,1,4,pearson_r,0.14394123923023916
gbm_selectivity,grouped,Linear (descriptors),descriptors,1,4,spearman_rho,0.09498822541224836
gbm_selectivity,grouped,Linear (descriptors),descriptors,2,0,rmse,0.2513741603515328
gbm_selectivity,grouped,Linear (descriptors),descriptors,2,0,mae,0.19891563563349646
gbm_selectivity,grouped,Linear (descriptors),descriptors,2,0,r2,0.030745312388946622
gbm_selectivity,grouped,Linear (descriptors),descriptors,2,0,pearson_r,0.2516476119023089
gbm_selectivity,grouped,Linear (descriptors),descriptors,2,0,spearman_rho,0.2419984463505839
gbm_selectivity,grouped,Linear (descriptors),descriptors,2,1,rmse,0.2723402764195606
gbm_selectivity,grouped,Linear (descriptors),descriptors,2,1,mae,0.21336247811763123
gbm_selectivity,grouped,Linear (descriptors),descriptors,2,1,r2,0.09709456879637268
gbm_selectivity,grouped,Linear (descriptors),descriptors,2,1,pearson_r,0.317692861225235
gbm_selectivity,grouped,Linear (descriptors),descriptors,2,1,spearman_rho,0.2543402298609579
gbm_selectivity,grouped,Linear (descriptors),descriptors,2,2,rmse,0.2828402179623976
gbm_selectivity,grouped,Linear (descriptors),descriptors,2,2,mae,0.2179523542533355
gbm_selectivity,grouped,Linear (descriptors),descriptors,2,2,r2,-0.0877769474255965
gbm_selectivity,grouped,Linear (descriptors),descriptors,2,2,pearson_r,-0.04496124826672185
gbm_selectivity,grouped,Linear (descriptors),descriptors,2,2,spearman_rho,-0.04378584899416572
gbm_selectivity,grouped,Linear (descriptors),descriptors,2,3,rmse,0.28831749142201657
gbm_selectivity,grouped,Linear (descriptors),descriptors,2,3,mae,0.20694840899368852
gbm_selectivity,grouped,Linear (descriptors),descriptors,2,3,r2,-0.01474206895924568
gbm_selectivity,grouped,Linear (descriptors),descriptors,2,3,pearson_r,0.04554961727563206
gbm_selectivity,grouped,Linear (descriptors),descriptors,2,3,spearman_rho,-0.0012925320893613173
gbm_selectivity,grouped,Linear (descriptors),descriptors,2,4,rmse,0.29887024980926535
gbm_selectivity,grouped,Linear (descriptors),descriptors,2,4,mae,0.24267319749724814
gbm_selectivity,grouped,Linear (descriptors),descriptors,2,4,r2,-0.06634185948645777
gbm_selectivity,grouped,Linear (descriptors),descriptors,2,4,pearson_r,0.05816075648761056
gbm_selectivity,grouped,Linear (descriptors),descriptors,2,4,spearman_rho,0.021211001372152784
gbm_selectivity,grouped,Linear (descriptors),descriptors,3,0,rmse,0.2708143405659405
gbm_selectivity,grouped,Linear (descriptors),descriptors,3,0,mae,0.2078793274166653
gbm_selectivity,grouped,Linear (descriptors),descriptors,3,0,r2,-0.023134640564451914
gbm_selectivity,grouped,Linear (descriptors),descriptors,3,0,pearson_r,0.11792202505845883
gbm_selectivity,grouped,Linear (descriptors),descriptors,3,0,spearman_rho,0.11078811211834452
gbm_selectivity,grouped,Linear (descriptors),descriptors,3,1,rmse,0.3022798338044554
gbm_selectivity,grouped,Linear (descriptors),descriptors,3,1,mae,0.22044474854763632
gbm_selectivity,grouped,Linear (descriptors),descriptors,3,1,r2,0.07097299323412598
gbm_selectivity,grouped,Linear (descriptors),descriptors,3,1,pearson_r,0.28681557661451007
gbm_selectivity,grouped,Linear (descriptors),descriptors,3,1,spearman_rho,0.23215684058740302
gbm_selectivity,grouped,Linear (descriptors),descriptors,3,2,rmse,0.24647507417633951
gbm_selectivity,grouped,Linear (descriptors),descriptors,3,2,mae,0.19630104054324507
gbm_selectivity,grouped,Linear (descriptors),descriptors,3,2,r2,0.010875207663612607
gbm_selectivity,grouped,Linear (descriptors),descriptors,3,2,pearson_r,0.16488356415035302
gbm_selectivity,grouped,Linear (descriptors),descriptors,3,2,spearman_rho,0.15814606232236453
gbm_selectivity,grouped,Linear (descriptors),descriptors,3,3,rmse,0.26355843514519756
gbm_selectivity,grouped,Linear (descriptors),descriptors,3,3,mae,0.21198180992987628
gbm_selectivity,grouped,Linear (descriptors),descriptors,3,3,r2,0.03348283877689928
gbm_selectivity,grouped,Linear (descriptors),descriptors,3,3,pearson_r,0.20649939644928395
gbm_selectivity,grouped,Linear (descriptors),descriptors,3,3,spearman_rho,0.04376857228248996
gbm_selectivity,grouped,Linear (descriptors),descriptors,3,4,rmse,0.28408268970397177
gbm_selectivity,grouped,Linear (descriptors),descriptors,3,4,mae,0.22434727133538904
gbm_selectivity,grouped,Linear (descriptors),descriptors,3,4,r2,0.044494195485003885
gbm_selectivity,grouped,Linear (descriptors),descriptors,3,4,pearson_r,0.22526705796423668
gbm_selectivity,grouped,Linear (descriptors),descriptors,3,4,spearman_rho,0.2473709151631085
gbm_selectivity,grouped,Linear (descriptors),descriptors,4,0,rmse,0.2718355867878913
gbm_selectivity,grouped,Linear (descriptors),descriptors,4,0,mae,0.21137484899956765
gbm_selectivity,grouped,Linear (descriptors),descriptors,4,0,r2,-0.10955729312158224
gbm_selectivity,grouped,Linear (descriptors),descriptors,4,0,pearson_r,0.02617136777830366
gbm_selectivity,grouped,Linear (descriptors),descriptors,4,0,spearman_rho,0.035520878541875585
gbm_selectivity,grouped,Linear (descriptors),descriptors,4,1,rmse,0.28812287234732675
gbm_selectivity,grouped,Linear (descriptors),descriptors,4,1,mae,0.22765604619621851
gbm_selectivity,grouped,Linear (descriptors),descriptors,4,1,r2,0.052262450445661024
gbm_selectivity,grouped,Linear (descriptors),descriptors,4,1,pearson_r,0.23300439703026954
gbm_selectivity,grouped,Linear (descriptors),descriptors,4,1,spearman_rho,0.09680259951775635
gbm_selectivity,grouped,Linear (descriptors),descriptors,4,2,rmse,0.29261182778490596
gbm_selectivity,grouped,Linear (descriptors),descriptors,4,2,mae,0.23241936497069549
gbm_selectivity,grouped,Linear (descriptors),descriptors,4,2,r2,-0.005141810224022825
gbm_selectivity,grouped,Linear (descriptors),descriptors,4,2,pearson_r,0.1700500165456196
gbm_selectivity,grouped,Linear (descriptors),descriptors,4,2,spearman_rho,0.1377512895047172
gbm_selectivity,grouped,Linear (descriptors),descriptors,4,3,rmse,0.29973642525360067
gbm_selectivity,grouped,Linear (descriptors),descriptors,4,3,mae,0.21762923867163345
gbm_selectivity,grouped,Linear (descriptors),descriptors,4,3,r2,0.021080040745266038
gbm_selectivity,grouped,Linear (descriptors),descriptors,4,3,pearson_r,0.19872888236607306
gbm_selectivity,grouped,Linear (descriptors),descriptors,4,3,spearman_rho,0.15871296301186968
gbm_selectivity,grouped,Linear (descriptors),descriptors,4,4,rmse,0.24682987146855317
gbm_selectivity,grouped,Linear (descriptors),descriptors,4,4,mae,0.19839070144990545
gbm_selectivity,grouped,Linear (descriptors),descriptors,4,4,r2,-0.1056077579770538
gbm_selectivity,grouped,Linear (descriptors),descriptors,4,4,pearson_r,0.04874133560200476
gbm_selectivity,grouped,Linear (descriptors),descriptors,4,4,spearman_rho,0.031720318519787426
gbm_selectivity,grouped,KNN-Jaccard (morgan),morgan,0,0,rmse,0.3378939446166515
gbm_selectivity,grouped,KNN-Jaccard (morgan),morgan,0,0,mae,0.2663433252890582
gbm_selectivity,grouped,KNN-Jaccard (morgan),morgan,0,0,r2,0.004004335541493043
gbm_selectivity,grouped,KNN-Jaccard (morgan),morgan,0,0,pearson_r,0.16453576515229296
gbm_selectivity,grouped,KNN-Jaccard (morgan),morgan,0,0,spearman_rho,0.1819497350968485
gbm_selectivity,grouped,KNN-Jaccard (morgan),morgan,0,1,rmse,0.2657971617144454
gbm_selectivity,grouped,KNN-Jaccard (morgan),morgan,0,1,mae,0.19275968937296248
gbm_selectivity,grouped,KNN-Jaccard (morgan),morgan,0,1,r2,0.03757545478070612
gbm_selectivity,grouped,KNN-Jaccard (morgan),morgan,0,1,pearson_r,0.2478658071475807
gbm_selectivity,grouped,KNN-Jaccard (morgan),morgan,0,1,spearman_rho,0.2958941072267846
gbm_selectivity,grouped,KNN-Jaccard (morgan),morgan,0,2,rmse,0.21845349321317056
gbm_selectivity,grouped,KNN-Jaccard (morgan),morgan,0,2,mae,0.1755613416403986
gbm_selectivity,grouped,KNN-Jaccard (morgan),morgan,0,2,r2,-0.015308500921722423
gbm_selectivity,grouped,KNN-Jaccard (morgan),morgan,0,2,pearson_r,0.2662178980725601
gbm_selectivity,grouped,KNN-Jaccard (morgan),morgan,0,2,spearman_rho,0.2802079589382818
gbm_selectivity,grouped,KNN-Jaccard (morgan),morgan,0,3,rmse,0.27350026807246935
gbm_selectivity,grouped,KNN-Jaccard (morgan),morgan,0,3,mae,0.2089296792730056
gbm_selectivity,grouped,KNN-Jaccard (morgan),morgan,0,3,r2,-0.003484973228811139
gbm_selectivity,grouped,KNN-Jaccard (morgan),morgan,0,3,pearson_r,0.26892094496115837
gbm_selectivity,grouped,KNN-Jaccard (morgan),morgan,0,3,spearman_rho,0.2222941139777093
gbm_selectivity,grouped,KNN-Jaccard (morgan),morgan,0,4,rmse,0.28738859497449787
gbm_selectivity,grouped,KNN-Jaccard (morgan),morgan,0,4,mae,0.22622593046465903
gbm_selectivity,grouped,KNN-Jaccard (morgan),morgan,0,4,r2,-0.0963178593720988
gbm_selectivity,grouped,KNN-Jaccard (morgan),morgan,0,4,pearson_r,0.011679066259596362
gbm_selectivity,grouped,KNN-Jaccard (morgan),morgan,0,4,spearman_rho,0.014315100121741321
gbm_selectivity,grouped,KNN-Jaccard (morgan),morgan,1,0,rmse,0.30346148480417595
gbm_selectivity,grouped,KNN-Jaccard (morgan),morgan,1,0,mae,0.22153262097057097
gbm_selectivity,grouped,KNN-Jaccard (morgan),morgan,1,0,r2,0.086160532103146
gbm_selectivity,grouped,KNN-Jaccard (morgan),morgan,1,0,pearson_r,0.31428567304707195
gbm_selectivity,grouped,KNN-Jaccard (morgan),morgan,1,0,spearman_rho,0.2657127171294153
gbm_selectivity,grouped,KNN-Jaccard (morgan),morgan,1,1,rmse,0.26819042637616197
gbm_selectivity,grouped,KNN-Jaccard (morgan),morgan,1,1,mae,0.2174917844405722
gbm_selectivity,grouped,KNN-Jaccard (morgan),morgan,1,1,r2,0.06933223508241027
gbm_selectivity,grouped,KNN-Jaccard (morgan),morgan,1,1,pearson_r,0.29198128324850825
gbm_selectivity,grouped,KNN-Jaccard (morgan),morgan,1,1,spearman_rho,0.3269241655333527
gbm_selectivity,grouped,KNN-Jaccard (morgan),morgan,1,2,rmse,0.24648596896611066
gbm_selectivity,grouped,KNN-Jaccard (morgan),morgan,1,2,mae,0.19207661379498572
gbm_selectivity,grouped,KNN-Jaccard (morgan),morgan,1,2,r2,0.14130785877150442
gbm_selectivity,grouped,KNN-Jaccard (morgan),morgan,1,2,pearson_r,0.3787441992967526
gbm_selectivity,grouped,KNN-Jaccard (morgan),morgan,1,2,spearman_rho,0.324079774099643
gbm_selectivity,grouped,KNN-Jaccard (morgan),morgan,1,3,rmse,0.25647807087778546
gbm_selectivity,grouped,KNN-Jaccard (morgan),morgan,1,3,mae,0.19506076346184634
gbm_selectivity,grouped,KNN-Jaccard (morgan),morgan,1,3,r2,0.006388670546378483
gbm_selectivity,grouped,KNN-Jaccard (morgan),morgan,1,3,pearson_r,0.25303768556729284
gbm_selectivity,grouped,KNN-Jaccard (morgan),morgan,1,3,spearman_rho,0.29639716714547626
gbm_selectivity,grouped,KNN-Jaccard (morgan),morgan,1,4,rmse,0.2682885150820323
gbm_selectivity,grouped,KNN-Jaccard (morgan),morgan,1,4,mae,0.2215854221365535
gbm_selectivity,grouped,KNN-Jaccard (morgan),morgan,1,4,r2,-0.02614583942075277
gbm_selectivity,grouped,KNN-Jaccard (morgan),morgan,1,4,pearson_r,0.13363293921695502
gbm_selectivity,grouped,KNN-Jaccard (morgan),morgan,1,4,spearman_rho,0.09868183195538487
gbm_selectivity,grouped,KNN-Jaccard (morgan),morgan,2,0,rmse,0.2492242727013393
gbm_selectivity,grouped,KNN-Jaccard (morgan),morgan,2,0,mae,0.2007217807443321
gbm_selectivity,grouped,KNN-Jaccard (morgan),morgan,2,0,r2,0.047253594994341674
gbm_selectivity,grouped,KNN-Jaccard (morgan),morgan,2,0,pearson_r,0.280671540491904
gbm_selectivity,grouped,KNN-Jaccard (morgan),morgan,2,0,spearman_rho,0.2411385633142094
gbm_selectivity,grouped,KNN-Jaccard (morgan),morgan,2,1,rmse,0.29915855106744554
gbm_selectivity,grouped,KNN-Jaccard (morgan),morgan,2,1,mae,0.23539228310601484
gbm_selectivity,grouped,KNN-Jaccard (morgan),morgan,2,1,r2,-0.089485262213155
gbm_selectivity,grouped,KNN-Jaccard (morgan),morgan,2,1,pearson_r,0.21901883219504253
gbm_selectivity,grouped,KNN-Jaccard (morgan),morgan,2,1,spearman_rho,0.23033542889011205
gbm_selectivity,grouped,KNN-Jaccard (morgan),morgan,2,2,rmse,0.2901308641472414
gbm_selectivity,grouped,KNN-Jaccard (morgan),morgan,2,2,mae,0.2324124839244071
gbm_selectivity,grouped,KNN-Jaccard (morgan),morgan,2,2,r2,-0.14457798257571408
gbm_selectivity,grouped,KNN-Jaccard (morgan),morgan,2,2,pearson_r,0.2807359664387358
gbm_selectivity,grouped,KNN-Jaccard (morgan),morgan,2,2,spearman_rho,0.21281231984912632
gbm_selectivity,grouped,KNN-Jaccard (morgan),morgan,2,3,rmse,0.26124359172465145
gbm_selectivity,grouped,KNN-Jaccard (morgan),morgan,2,3,mae,0.20308317355142913
gbm_selectivity,grouped,KNN-Jaccard (morgan),morgan,2,3,r2,0.1668849566443522
gbm_selectivity,grouped,KNN-Jaccard (morgan),morgan,2,3,pearson_r,0.4099796649045033
gbm_selectivity,grouped,KNN-Jaccard (morgan),morgan,2,3,spearman_rho,0.2751772514627849
gbm_selectivity,grouped,KNN-Jaccard (morgan),morgan,2,4,rmse,0.30195251095721676
gbm_selectivity,grouped,KNN-Jaccard (morgan),morgan,2,4,mae,0.24099891051953537
gbm_selectivity,grouped,KNN-Jaccard (morgan),morgan,2,4,r2,-0.08844972903405357
gbm_selectivity,grouped,KNN-Jaccard (morgan),morgan,2,4,pearson_r,0.1474914199416219
gbm_selectivity,grouped,KNN-Jaccard (morgan),morgan,2,4,spearman_rho,0.11488364323141652
gbm_selectivity,grouped,KNN-Jaccard (morgan),morgan,3,0,rmse,0.2598323716116259
gbm_selectivity,grouped,KNN-Jaccard (morgan),morgan,3,0,mae,0.20223546205192047
gbm_selectivity,grouped,KNN-Jaccard (morgan),morgan,3,0,r2,0.05816247972362365
gbm_selectivity,grouped,KNN-Jaccard (morgan),morgan,3,0,pearson_r,0.2484574065827179
gbm_selectivity,grouped,KNN-Jaccard (morgan),morgan,3,0,spearman_rho,0.23877388496417942
gbm_selectivity,grouped,KNN-Jaccard (morgan),morgan,3,1,rmse,0.3000608353057415
gbm_selectivity,grouped,KNN-Jaccard (morgan),morgan,3,1,mae,0.2286509970865335
gbm_selectivity,grouped,KNN-Jaccard (morgan),morgan,3,1,r2,0.08456267181406296
gbm_selectivity,grouped,KNN-Jaccard (morgan),morgan,3,1,pearson_r,0.29813667826967394
gbm_selectivity,grouped,KNN-Jaccard (morgan),morgan,3,1,spearman_rho,0.2366665723629457
gbm_selectivity,grouped,KNN-Jaccard (morgan),morgan,3,2,rmse,0.23419432198391105
gbm_selectivity,grouped,KNN-Jaccard (morgan),morgan,3,2,mae,0.18413418515083135
gbm_selectivity,grouped,KNN-Jaccard (morgan),morgan,3,2,r2,0.10698696441137479
gbm_selectivity,grouped,KNN-Jaccard (morgan),morgan,3,2,pearson_r,0.36789992301378
gbm_selectivity,grouped,KNN-Jaccard (morgan),morgan,3,2,spearman_rho,0.335319955584518
gbm_selectivity,grouped,KNN-Jaccard (morgan),morgan,3,3,rmse,0.3146451999187294
gbm_selectivity,grouped,KNN-Jaccard (morgan),morgan,3,3,mae,0.2570970016866402
gbm_selectivity,grouped,KNN-Jaccard (morgan),morgan,3,3,r2,-0.37752011897023174
gbm_selectivity,grouped,KNN-Jaccard (morgan),morgan,3,3,pearson_r,0.11686086327651371
gbm_selectivity,grouped,KNN-Jaccard (morgan),morgan,3,3,spearman_rho,-0.07466879957977411
gbm_selectivity,grouped,KNN-Jaccard (morgan),morgan,3,4,rmse,0.27933117875547736
gbm_selectivity,grouped,KNN-Jaccard (morgan),morgan,3,4,mae,0.22052381075149172
gbm_selectivity,grouped,KNN-Jaccard (morgan),morgan,3,4,r2,0.07619009303756663
gbm_selectivity,grouped,KNN-Jaccard (morgan),morgan,3,4,pearson_r,0.29321229803759885
gbm_selectivity,grouped,KNN-Jaccard (morgan),morgan,3,4,spearman_rho,0.2996427725724138
gbm_selectivity,grouped,KNN-Jaccard (morgan),morgan,4,0,rmse,0.24969410505325976
gbm_selectivity,grouped,KNN-Jaccard (morgan),morgan,4,0,mae,0.19857115105010123
gbm_selectivity,grouped,KNN-Jaccard (morgan),morgan,4,0,r2,0.06383222134816102
gbm_selectivity,grouped,KNN-Jaccard (morgan),morgan,4,0,pearson_r,0.4389133840147187
gbm_selectivity,grouped,KNN-Jaccard (morgan),morgan,4,0,spearman_rho,0.26200539654353966
gbm_selectivity,grouped,KNN-Jaccard (morgan),morgan,4,1,rmse,0.2905195960083628
gbm_selectivity,grouped,KNN-Jaccard (morgan),morgan,4,1,mae,0.22981708620923647
gbm_selectivity,grouped,KNN-Jaccard (morgan),morgan,4,1,r2,0.036429535290709136
gbm_selectivity,grouped,KNN-Jaccard (morgan),morgan,4,1,pearson_r,0.2562177820606073
gbm_selectivity,grouped,KNN-Jaccard (morgan),morgan,4,1,spearman_rho,0.24440609020425064
gbm_selectivity,grouped,KNN-Jaccard (morgan),morgan,4,2,rmse,0.29229368918696863
gbm_selectivity,grouped,KNN-Jaccard (morgan),morgan,4,2,mae,0.22897044096787741
gbm_selectivity,grouped,KNN-Jaccard (morgan),morgan,4,2,r2,-0.0029573423351871853
gbm_selectivity,grouped,KNN-Jaccard (morgan),morgan,4,2,pearson_r,0.1960351992913543
gbm_selectivity,grouped,KNN-Jaccard (morgan),morgan,4,2,spearman_rho,0.17675469775294356
gbm_selectivity,grouped,KNN-Jaccard (morgan),morgan,4,3,rmse,0.28692599380979456
gbm_selectivity,grouped,KNN-Jaccard (morgan),morgan,4,3,mae,0.21450527139971987
gbm_selectivity,grouped,KNN-Jaccard (morgan),morgan,4,3,r2,0.10296802144091932
gbm_selectivity,grouped,KNN-Jaccard (morgan),morgan,4,3,pearson_r,0.3517155850254228
gbm_selectivity,grouped,KNN-Jaccard (morgan),morgan,4,3,spearman_rho,0.2895833227906032
gbm_selectivity,grouped,KNN-Jaccard (morgan),morgan,4,4,rmse,0.2384932417010945
gbm_selectivity,grouped,KNN-Jaccard (morgan),morgan,4,4,mae,0.18301163216518498
gbm_selectivity,grouped,KNN-Jaccard (morgan),morgan,4,4,r2,-0.03218560202904586
gbm_selectivity,grouped,KNN-Jaccard (morgan),morgan,4,4,pearson_r,0.1874497392683989
gbm_selectivity,grouped,KNN-Jaccard (morgan),morgan,4,4,spearman_rho,0.2326325434500976
gbm_selectivity,grouped,Random Forest (descriptors),descriptors,0,0,rmse,0.3325332446962677
gbm_selectivity,grouped,Random Forest (descriptors),descriptors,0,0,mae,0.26356077387551435
gbm_selectivity,grouped,Random Forest (descriptors),descriptors,0,0,r2,0.03535666009265015
gbm_selectivity,grouped,Random Forest (descriptors),descriptors,0,0,pearson_r,0.19404994096912342
gbm_selectivity,grouped,Random Forest (descriptors),descriptors,0,0,spearman_rho,0.25345278888929423
gbm_selectivity,grouped,Random Forest (descriptors),descriptors,0,1,rmse,0.26055541601544585
gbm_selectivity,grouped,Random Forest (descriptors),descriptors,0,1,mae,0.2081339369431384
gbm_selectivity,grouped,Random Forest (descriptors),descriptors,0,1,r2,0.07516081475492575
gbm_selectivity,grouped,Random Forest (descriptors),descriptors,0,1,pearson_r,0.281369715968006
gbm_selectivity,grouped,Random Forest (descriptors),descriptors,0,1,spearman_rho,0.23579636584252228
gbm_selectivity,grouped,Random Forest (descriptors),descriptors,0,2,rmse,0.23574876475330236
gbm_selectivity,grouped,Random Forest (descriptors),descriptors,0,2,mae,0.18291150882603852
gbm_selectivity,grouped,Random Forest (descriptors),descriptors,0,2,r2,-0.18243938433454177
gbm_selectivity,grouped,Random Forest (descriptors),descriptors,0,2,pearson_r,-0.009271535972932156
gbm_selectivity,grouped,Random Forest (descriptors),descriptors,0,2,spearman_rho,0.014457904515243042
gbm_selectivity,grouped,Random Forest (descriptors),descriptors,0,3,rmse,0.25527768366285947
gbm_selectivity,grouped,Random Forest (descriptors),descriptors,0,3,mae,0.2039923576415741
gbm_selectivity,grouped,Random Forest (descriptors),descriptors,0,3,r2,0.12577934788730183
gbm_selectivity,grouped,Random Forest (descriptors),descriptors,0,3,pearson_r,0.3807902606593943
gbm_selectivity,grouped,Random Forest (descriptors),descriptors,0,3,spearman_rho,0.32107934726260123
gbm_selectivity,grouped,Random Forest (descriptors),descriptors,0,4,rmse,0.2929379178055366
gbm_selectivity,grouped,Random Forest (descriptors),descriptors,0,4,mae,0.23108479095435336
gbm_selectivity,grouped,Random Forest (descriptors),descriptors,0,4,r2,-0.13906527200886343
gbm_selectivity,grouped,Random Forest (descriptors),descriptors,0,4,pearson_r,-0.06372918831175968
gbm_selectivity,grouped,Random Forest (descriptors),descriptors,0,4,spearman_rho,-0.10914739095755845
gbm_selectivity,grouped,Random Forest (descriptors),descriptors,1,0,rmse,0.33003583573591616
gbm_selectivity,grouped,Random Forest (descriptors),descriptors,1,0,mae,0.23561617186001424
gbm_selectivity,grouped,Random Forest (descriptors),descriptors,1,0,r2,-0.08089859281817735
gbm_selectivity,grouped,Random Forest (descriptors),descriptors,1,0,pearson_r,0.019870909348252697
gbm_selectivity,grouped,Random Forest (descriptors),descriptors,1,0,spearman_rho,0.010155222538375539
gbm_selectivity,grouped,Random Forest (descriptors),descriptors,1,1,rmse,0.27017517441417105
gbm_selectivity,grouped,Random Forest (descriptors),descriptors,1,1,mae,0.21865439064830663
gbm_selectivity,grouped,Random Forest (descriptors),descriptors,1,1,r2,0.05550641776627563
gbm_selectivity,grouped,Random Forest (descriptors),descriptors,1,1,pearson_r,0.26713647990444256
gbm_selectivity,grouped,Random Forest (descriptors),descriptors,1,1,spearman_rho,0.27826103365579774
gbm_selectivity,grouped,Random Forest (descriptors),descriptors,1,2,rmse,0.26879591917441326
gbm_selectivity,grouped,Random Forest (descriptors),descriptors,1,2,mae,0.21513421538261038
gbm_selectivity,grouped,Random Forest (descriptors),descriptors,1,2,r2,-0.021170888499765672
gbm_selectivity,grouped,Random Forest (descriptors),descriptors,1,2,pearson_r,0.12308113197850659
gbm_selectivity,grouped,Random Forest (descriptors),descriptors,1,2,spearman_rho,0.07049121058779546
gbm_selectivity,grouped,Random Forest (descriptors),descriptors,1,3,rmse,0.2628517277615265
gbm_selectivity,grouped,Random Forest (descriptors),descriptors,1,3,mae,0.2036046248241926
gbm_selectivity,grouped,Random Forest (descriptors),descriptors,1,3,r2,-0.04360879396690209
gbm_selectivity,grouped,Random Forest (descriptors),descriptors,1,3,pearson_r,0.10333251615535485
gbm_selectivity,grouped,Random Forest (descriptors),descriptors,1,3,spearman_rho,0.05601931770506985
gbm_selectivity,grouped,Random Forest (descriptors),descriptors,1,4,rmse,0.2647644591582155
gbm_selectivity,grouped,Random Forest (descriptors),descriptors,1,4,mae,0.22271936628847103
gbm_selectivity,grouped,Random Forest (descriptors),descriptors,1,4,r2,0.000634623982681326
gbm_selectivity,grouped,Random Forest (descriptors),descriptors,1,4,pearson_r,0.19845584987223447
gbm_selectivity,grouped,Random Forest (descriptors),descriptors,1,4,spearman_rho,0.09545725481455142
gbm_selectivity,grouped,Random Forest (descriptors),descriptors,2,0,rmse,0.2644994971997002
gbm_selectivity,grouped,Random Forest (descriptors),descriptors,2,0,mae,0.2143968451710272
gbm_selectivity,grouped,Random Forest (descriptors),descriptors,2,0,r2,-0.07311519832171887
gbm_selectivity,grouped,Random Forest (descriptors),descriptors,2,0,pearson_r,0.14812132820741986
gbm_selectivity,grouped,Random Forest (descriptors),descriptors,2,0,spearman_rho,0.11586923915146669
gbm_selectivity,grouped,Random Forest (descriptors),descriptors,2,1,rmse,0.2800520638310722
gbm_selectivity,grouped,Random Forest (descriptors),descriptors,2,1,mae,0.22285814963133693
gbm_selectivity,grouped,Random Forest (descriptors),descriptors,2,1,r2,0.04523591790402548
gbm_selectivity,grouped,Random Forest (descriptors),descriptors,2,1,pearson_r,0.24464842191613145
gbm_selectivity,grouped,Random Forest (descriptors),descriptors,2,1,spearman_rho,0.23908611520147005
gbm_selectivity,grouped,Random Forest (descriptors),descriptors,2,2,rmse,0.280909936022853
gbm_selectivity,grouped,Random Forest (descriptors),descriptors,2,2,mae,0.2155132911755388
gbm_selectivity,grouped,Random Forest (descriptors),descriptors,2,2,r2,-0.07298024482037868
gbm_selectivity,grouped,Random Forest (descriptors),descriptors,2,2,pearson_r,0.04270811737672189
gbm_selectivity,grouped,Random Forest (descriptors),descriptors,2,2,spearman_rho,0.07245527120993947
gbm_selectivity,grouped,Random Forest (descriptors),descriptors,2,3,rmse,0.289946380509163
gbm_selectivity,grouped,Random Forest (descriptors),descriptors,2,3,mae,0.20451129315011432
gbm_selectivity,grouped,Random Forest (descriptors),descriptors,2,3,r2,-0.02624030600991567
gbm_selectivity,grouped,Random Forest (descriptors),descriptors,2,3,pearson_r,0.12451556168904634
gbm_selectivity,grouped,Random Forest (descriptors),descriptors,2,3,spearman_rho,0.12760216429643662
gbm_selectivity,grouped,Random Forest (descriptors),descriptors,2,4,rmse,0.3032128988966046
gbm_selectivity,grouped,Random Forest (descriptors),descriptors,2,4,mae,0.25152837073055107
gbm_selectivity,grouped,Random Forest (descriptors),descriptors,2,4,r2,-0.0975553468932826
gbm_selectivity,grouped,Random Forest (descriptors),descriptors,2,4,pearson_r,-0.014479461624901338
gbm_selectivity,grouped,Random Forest (descriptors),descriptors,2,4,spearman_rho,-0.05774049681402737
gbm_selectivity,grouped,Random Forest (descriptors),descriptors,3,0,rmse,0.26661229893099647
gbm_selectivity,grouped,Random Forest (descriptors),descriptors,3,0,mae,0.20539816515229795
gbm_selectivity,grouped,Random Forest (descriptors),descriptors,3,0,r2,0.00836959992999231
gbm_selectivity,grouped,Random Forest (descriptors),descriptors,3,0,pearson_r,0.1812092668545328
gbm_selectivity,grouped,Random Forest (descriptors),descriptors,3,0,spearman_rho,0.1792856130840876
gbm_selectivity,grouped,Random Forest (descriptors),descriptors,3,1,rmse,0.30599283429029744
gbm_selectivity,grouped,Random Forest (descriptors),descriptors,3,1,mae,0.2238617950577699
gbm_selectivity,grouped,Random Forest (descriptors),descriptors,3,1,r2,0.048009746190071034
gbm_selectivity,grouped,Random Forest (descriptors),descriptors,3,1,pearson_r,0.24587619611130998
gbm_selectivity,grouped,Random Forest (descriptors),descriptors,3,1,spearman_rho,0.26642325441328374
gbm_selectivity,grouped,Random Forest (descriptors),descriptors,3,2,rmse,0.2565416180214235
gbm_selectivity,grouped,Random Forest (descriptors),descriptors,3,2,mae,0.20780252716913436
gbm_selectivity,grouped,Random Forest (descriptors),descriptors,3,2,r2,-0.07157046430394765
gbm_selectivity,grouped,Random Forest (descriptors),descriptors,3,2,pearson_r,0.062131542241745205
gbm_selectivity,grouped,Random Forest (descriptors),descriptors,3,2,spearman_rho,0.10368709790848588
gbm_selectivity,grouped,Random Forest (descriptors),descriptors,3,3,rmse,0.25986509221492
gbm_selectivity,grouped,Random Forest (descriptors),descriptors,3,3,mae,0.20854006413459936
gbm_selectivity,grouped,Random Forest (descriptors),descriptors,3,3,r2,0.06038137227800855
gbm_selectivity,grouped,Random Forest (descriptors),descriptors,3,3,pearson_r,0.2712721469902253
gbm_selectivity,grouped,Random Forest (descriptors),descriptors,3,3,spearman_rho,0.22009830970368943
gbm_selectivity,grouped,Random Forest (descriptors),descriptors,3,4,rmse,0.2967441977794144
gbm_selectivity,grouped,Random Forest (descriptors),descriptors,3,4,mae,0.23880967742176082
gbm_selectivity,grouped,Random Forest (descriptors),descriptors,3,4,r2,-0.042577286412328386
gbm_selectivity,grouped,Random Forest (descriptors),descriptors,3,4,pearson_r,0.0975504025576237
gbm_selectivity,grouped,Random Forest (descriptors),descriptors,3,4,spearman_rho,0.03416443400060762
gbm_selectivity,grouped,Random Forest (descriptors),descriptors,4,0,rmse,0.2608315250348991
gbm_selectivity,grouped,Random Forest (descriptors),descriptors,4,0,mae,0.20512375480898673
gbm_selectivity,grouped,Random Forest (descriptors),descriptors,4,0,r2,-0.021544457637625136
gbm_selectivity,grouped,Random Forest (descriptors),descriptors,4,0,pearson_r,0.15076182678036626
gbm_selectivity,grouped,Random Forest (descriptors),descriptors,4,0,spearman_rho,0.12303526615261606
gbm_selectivity,grouped,Random Forest (descriptors),descriptors,4,1,rmse,0.28664762513381714
gbm_selectivity,grouped,Random Forest (descriptors),descriptors,4,1,mae,0.2297775078167452
gbm_selectivity,grouped,Random Forest (descriptors),descriptors,4,1,r2,0.061942818893976126
gbm_selectivity,grouped,Random Forest (descriptors),descriptors,4,1,pearson_r,0.26048432334807226
gbm_selectivity,grouped,Random Forest (descriptors),descriptors,4,1,spearman_rho,0.1757909846423151
gbm_selectivity,grouped,Random Forest (descriptors),descriptors,4,2,rmse,0.29093734949660816
gbm_selectivity,grouped,Random Forest (descriptors),descriptors,4,2,mae,0.236567253421112
gbm_selectivity,grouped,Random Forest (descriptors),descriptors,4,2,r2,0.006329170933644601
gbm_selectivity,grouped,Random Forest (descriptors),descriptors,4,2,pearson_r,0.2242394614660361
gbm_selectivity,grouped,Random Forest (descriptors),descriptors,4,2,spearman_rho,0.13614741103469669
gbm_selectivity,grouped,Random Forest (descriptors),descriptors,4,3,rmse,0.30488808088145997
gbm_selectivity,grouped,Random Forest (descriptors),descriptors,4,3,mae,0.22316531785108218
gbm_selectivity,grouped,Random Forest (descriptors),descriptors,4,3,r2,-0.012859089323591366
gbm_selectivity,grouped,Random Forest (descriptors),descriptors,4,3,pearson_r,0.11893466543934829
gbm_selectivity,grouped,Random Forest (descriptors),descriptors,4,3,spearman_rho,0.20320038068692428
gbm_selectivity,grouped,Random Forest (descriptors),descriptors,4,4,rmse,0.2355814039265668
gbm_selectivity,grouped,Random Forest (descriptors),descriptors,4,4,mae,0.1916060760445654
gbm_selectivity,grouped,Random Forest (descriptors),descriptors,4,4,r2,-0.007134920364454844
gbm_selectivity,grouped,Random Forest (descriptors),descriptors,4,4,pearson_r,0.200549997191583
gbm_selectivity,grouped,Random Forest (descriptors),descriptors,4,4,spearman_rho,0.16530406654087754
gbm_selectivity,grouped,Random Forest (morgan),morgan,0,0,rmse,0.33330984519308804
gbm_selectivity,grouped,Random Forest (morgan),morgan,0,0,mae,0.2641258638776404
gbm_selectivity,grouped,Random Forest (morgan),morgan,0,0,r2,0.030845729018312507
gbm_selectivity,grouped,Random Forest (morgan),morgan,0,0,pearson_r,0.18550615856768937
gbm_selectivity,grouped,Random Forest (morgan),morgan,0,0,spearman_rho,0.2160158328679637
gbm_selectivity,grouped,Random Forest (morgan),morgan,0,1,rmse,0.2665582409036477
gbm_selectivity,grouped,Random Forest (morgan),morgan,0,1,mae,0.20558257570605634
gbm_selectivity,grouped,Random Forest (morgan),morgan,0,1,r2,0.03205598290063627
gbm_selectivity,grouped,Random Forest (morgan),morgan,0,1,pearson_r,0.18953706553178745
gbm_selectivity,grouped,Random Forest (morgan),morgan,0,1,spearman_rho,0.18379342227736475
gbm_selectivity,grouped,Random Forest (morgan),morgan,0,2,rmse,0.2130244460213635
gbm_selectivity,grouped,Random Forest (morgan),morgan,0,2,mae,0.17134650626133852
gbm_selectivity,grouped,Random Forest (morgan),morgan,0,2,r2,0.03452968748426677
gbm_selectivity,grouped,Random Forest (morgan),morgan,0,2,pearson_r,0.2209894680613073
gbm_selectivity,grouped,Random Forest (morgan),morgan,0,2,spearman_rho,0.2542485281420051
gbm_selectivity,grouped,Random Forest (morgan),morgan,0,3,rmse,0.26530881174579035
gbm_selectivity,grouped,Random Forest (morgan),morgan,0,3,mae,0.21047595793577445
gbm_selectivity,grouped,Random Forest (morgan),morgan,0,3,r2,0.0557245258111051
gbm_selectivity,grouped,Random Forest (morgan),morgan,0,3,pearson_r,0.29790268394532426
gbm_selectivity,grouped,Random Forest (morgan),morgan,0,3,spearman_rho,0.2512735458823178
gbm_selectivity,grouped,Random Forest (morgan),morgan,0,4,rmse,0.2686658108267334
gbm_selectivity,grouped,Random Forest (morgan),morgan,0,4,mae,0.20974240767261565
gbm_selectivity,grouped,Random Forest (morgan),morgan,0,4,r2,0.041874854979273124
gbm_selectivity,grouped,Random Forest (morgan),morgan,0,4,pearson_r,0.21338671183182645
gbm_selectivity,grouped,Random Forest (morgan),morgan,0,4,spearman_rho,0.170815666848579
gbm_selectivity,grouped,Random Forest (morgan),morgan,1,0,rmse,0.3042048569489757
gbm_selectivity,grouped,Random Forest (morgan),morgan,1,0,mae,0.22180668949323168
gbm_selectivity,grouped,Random Forest (morgan),morgan,1,0,r2,0.08167788841811041
gbm_selectivity,grouped,Random Forest (morgan),morgan,1,0,pearson_r,0.35942920313074994
gbm_selectivity,grouped,Random Forest (morgan),morgan,1,0,spearman_rho,0.25754086999040393
gbm_selectivity,grouped,Random Forest (morgan),morgan,1,1,rmse,0.27198165864544493
gbm_selectivity,grouped,Random Forest (morgan),morgan,1,1,mae,0.21998596397701337
gbm_selectivity,grouped,Random Forest (morgan),morgan,1,1,r2,0.04283377358623308
gbm_selectivity,grouped,Random Forest (morgan),morgan,1,1,pearson_r,0.22196746600659328
gbm_selectivity,grouped,Random Forest (morgan),morgan,1,1,spearman_rho,0.2510896843329288
gbm_selectivity,grouped,Random Forest (morgan),morgan,1,2,rmse,0.2541283950199614
gbm_selectivity,grouped,Random Forest (morgan),morgan,1,2,mae,0.20040878670177992
gbm_selectivity,grouped,Random Forest (morgan),morgan,1,2,r2,0.08723396603209554
gbm_selectivity,grouped,Random Forest (morgan),morgan,1,2,pearson_r,0.3209379302731663
gbm_selectivity,grouped,Random Forest (morgan),morgan,1,2,spearman_rho,0.2610344052734084
gbm_selectivity,grouped,Random Forest (morgan),morgan,1,3,rmse,0.25004068604328095
gbm_selectivity,grouped,Random Forest (morgan),morgan,1,3,mae,0.18908356146116698
gbm_selectivity,grouped,Random Forest (morgan),morgan,1,3,r2,0.05564035210743168
gbm_selectivity,grouped,Random Forest (morgan),morgan,1,3,pearson_r,0.2559026599758559
gbm_selectivity,grouped,Random Forest (morgan),morgan,1,3,spearman_rho,0.19334916143389103
gbm_selectivity,grouped,Random Forest (morgan),morgan,1,4,rmse,0.2668284392955243
gbm_selectivity,grouped,Random Forest (morgan),morgan,1,4,mae,0.22496363445147627
gbm_selectivity,grouped,Random Forest (morgan),morgan,1,4,r2,-0.015007279768052051
gbm_selectivity,grouped,Random Forest (morgan),morgan,1,4,pearson_r,0.12378969049327754
gbm_selectivity,grouped,Random Forest (morgan),morgan,1,4,spearman_rho,0.09332707961242508
gbm_selectivity,grouped,Random Forest (morgan),morgan,2,0,rmse,0.2465156678531661
gbm_selectivity,grouped,Random Forest (morgan),morgan,2,0,mae,0.19561403531530974
gbm_selectivity,grouped,Random Forest (morgan),morgan,2,0,r2,0.0678502268262241
gbm_selectivity,grouped,Random Forest (morgan),morgan,2,0,pearson_r,0.3169369815459783
gbm_selectivity,grouped,Random Forest (morgan),morgan,2,0,spearman_rho,0.3057861334125484
gbm_selectivity,grouped,Random Forest (morgan),morgan,2,1,rmse,0.2804747556920184
gbm_selectivity,grouped,Random Forest (morgan),morgan,2,1,mae,0.21597773460072264
gbm_selectivity,grouped,Random Forest (morgan),morgan,2,1,r2,0.042351628728304114
gbm_selectivity,grouped,Random Forest (morgan),morgan,2,1,pearson_r,0.20606899858801336
gbm_selectivity,grouped,Random Forest (morgan),morgan,2,1,spearman_rho,0.22342340818503162
gbm_selectivity,grouped,Random Forest (morgan),morgan,2,2,rmse,0.26108360000719866
gbm_selectivity,grouped,Random Forest (morgan),morgan,2,2,mae,0.20638442200236154
gbm_selectivity,grouped,Random Forest (morgan),morgan,2,2,r2,0.07313451674362215
gbm_selectivity,grouped,Random Forest (morgan),morgan,2,2,pearson_r,0.30423851465519675
gbm_selectivity,grouped,Random Forest (morgan),morgan,2,2,spearman_rho,0.33311836153985797
gbm_selectivity,grouped,Random Forest (morgan),morgan,2,3,rmse,0.26871633046418764
gbm_selectivity,grouped,Random Forest (morgan),morgan,2,3,mae,0.19224591676396866
gbm_selectivity,grouped,Random Forest (morgan),morgan,2,3,r2,0.11854163237378867
gbm_selectivity,grouped,Random Forest (morgan),morgan,2,3,pearson_r,0.44955651816796766
gbm_selectivity,grouped,Random Forest (morgan),morgan,2,3,spearman_rho,0.3274068693219401
gbm_selectivity,grouped,Random Forest (morgan),morgan,2,4,rmse,0.28843582190111816
gbm_selectivity,grouped,Random Forest (morgan),morgan,2,4,mae,0.23517663823411894
gbm_selectivity,grouped,Random Forest (morgan),morgan,2,4,r2,0.006816543802956265
gbm_selectivity,grouped,Random Forest (morgan),morgan,2,4,pearson_r,0.17298176040649405
gbm_selectivity,grouped,Random Forest (morgan),morgan,2,4,spearman_rho,0.1049615518974262
gbm_selectivity,grouped,Random Forest (morgan),morgan,3,0,rmse,0.2500624313946179
gbm_selectivity,grouped,Random Forest (morgan),morgan,3,0,mae,0.20080166990442816
gbm_selectivity,grouped,Random Forest (morgan),morgan,3,0,r2,0.12765882475427748
gbm_selectivity,grouped,Random Forest (morgan),morgan,3,0,pearson_r,0.3667466893913115
gbm_selectivity,grouped,Random Forest (morgan),morgan,3,0,spearman_rho,0.21657326838869181
gbm_selectivity,grouped,Random Forest (morgan),morgan,3,1,rmse,0.3015553334460381
gbm_selectivity,grouped,Random Forest (morgan),morgan,3,1,mae,0.22411631715130706
gbm_selectivity,grouped,Random Forest (morgan),morgan,3,1,r2,0.07542101595376383
gbm_selectivity,grouped,Random Forest (morgan),morgan,3,1,pearson_r,0.35599347826430466
gbm_selectivity,grouped,Random Forest (morgan),morgan,3,1,spearman_rho,0.3211627183498918
gbm_selectivity,grouped,Random Forest (morgan),morgan,3,2,rmse,0.2667925129004257
gbm_selectivity,grouped,Random Forest (morgan),morgan,3,2,mae,0.21302732310674982
gbm_selectivity,grouped,Random Forest (morgan),morgan,3,2,r2,-0.1589170463087639
gbm_selectivity,grouped,Random Forest (morgan),morgan,3,2,pearson_r,0.005944459991743055
gbm_selectivity,grouped,Random Forest (morgan),morgan,3,2,spearman_rho,-0.01704120874396806
gbm_selectivity,grouped,Random Forest (morgan),morgan,3,3,rmse,0.261400880258529
gbm_selectivity,grouped,Random Forest (morgan),morgan,3,3,mae,0.2098708452315106
gbm_selectivity,grouped,Random Forest (morgan),morgan,3,3,r2,0.049242367583872126
gbm_selectivity,grouped,Random Forest (morgan),morgan,3,3,pearson_r,0.2553439903087628
gbm_selectivity,grouped,Random Forest (morgan),morgan,3,3,spearman_rho,0.13363437093605945
gbm_selectivity,grouped,Random Forest (morgan),morgan,3,4,rmse,0.275865127486615
gbm_selectivity,grouped,Random Forest (morgan),morgan,3,4,mae,0.22553140415256814
gbm_selectivity,grouped,Random Forest (morgan),morgan,3,4,r2,0.09897384991368496
gbm_selectivity,grouped,Random Forest (morgan),morgan,3,4,pearson_r,0.31688089120589263
gbm_selectivity,grouped,Random Forest (morgan),morgan,3,4,spearman_rho,0.25061512388655915
gbm_selectivity,grouped,Random Forest (morgan),morgan,4,0,rmse,0.22771958100640935
gbm_selectivity,grouped,Random Forest (morgan),morgan,4,0,mae,0.18293308715607698
gbm_selectivity,grouped,Random Forest (morgan),morgan,4,0,r2,0.22135793389750857
gbm_selectivity,grouped,Random Forest (morgan),morgan,4,0,pearson_r,0.4753340728469046
gbm_selectivity,grouped,Random Forest (morgan),morgan,4,0,spearman_rho,0.41299507521131573
gbm_selectivity,grouped,Random Forest (morgan),morgan,4,1,rmse,0.28354359307936206
gbm_selectivity,grouped,Random Forest (morgan),morgan,4,1,mae,0.22179099402366545
gbm_selectivity,grouped,Random Forest (morgan),morgan,4,1,r2,0.08214877187824532
gbm_selectivity,grouped,Random Forest (morgan),morgan,4,1,pearson_r,0.3699961517159698
gbm_selectivity,grouped,Random Forest (morgan),morgan,4,1,spearman_rho,0.3072797880625951
gbm_selectivity,grouped,Random Forest (morgan),morgan,4,2,rmse,0.2902831521750468
gbm_selectivity,grouped,Random Forest (morgan),morgan,4,2,mae,0.2268153281849899
gbm_selectivity,grouped,Random Forest (morgan),morgan,4,2,r2,0.010792853180535578
gbm_selectivity,grouped,Random Forest (morgan),morgan,4,2,pearson_r,0.2006895505569769
gbm_selectivity,grouped,Random Forest (morgan),morgan,4,2,spearman_rho,0.1777753476884112
gbm_selectivity,grouped,Random Forest (morgan),morgan,4,3,rmse,0.28153798289314264
gbm_selectivity,grouped,Random Forest (morgan),morgan,4,3,mae,0.21588656588305694
gbm_selectivity,grouped,Random Forest (morgan),morgan,4,3,r2,0.13634135217031096
gbm_selectivity,grouped,Random Forest (morgan),morgan,4,3,pearson_r,0.43204696034824497
gbm_selectivity,grouped,Random Forest (morgan),morgan,4,3,spearman_rho,0.23098223642209714
gbm_selectivity,grouped,Random Forest (morgan),morgan,4,4,rmse,0.23477678352599216
gbm_selectivity,grouped,Random Forest (morgan),morgan,4,4,mae,0.1908340078515127
gbm_selectivity,grouped,Random Forest (morgan),morgan,4,4,r2,-0.0002669977812783664
gbm_selectivity,grouped,Random Forest (morgan),morgan,4,4,pearson_r,0.15306972206432223
gbm_selectivity,grouped,Random Forest (morgan),morgan,4,4,spearman_rho,0.11241324498091282
gbm_selectivity,grouped,XGBoost (descriptors),descriptors,0,0,rmse,0.3312917014076615
gbm_selectivity,grouped,XGBoost (descriptors),descriptors,0,0,mae,0.25563519369645576
gbm_selectivity,grouped,XGBoost (descriptors),descriptors,0,0,r2,0.04254638155545065
gbm_selectivity,grouped,XGBoost (descriptors),descriptors,0,0,pearson_r,0.24361821517634555
gbm_selectivity,grouped,XGBoost (descriptors),descriptors,0,0,spearman_rho,0.3093102935304881
gbm_selectivity,grouped,XGBoost (descriptors),descriptors,0,1,rmse,0.2566356785276995
gbm_selectivity,grouped,XGBoost (descriptors),descriptors,0,1,mae,0.2026711455679625
gbm_selectivity,grouped,XGBoost (descriptors),descriptors,0,1,r2,0.10277765788484028
gbm_selectivity,grouped,XGBoost (descriptors),descriptors,0,1,pearson_r,0.32190953593371235
gbm_selectivity,grouped,XGBoost (descriptors),descriptors,0,1,spearman_rho,0.2981583863370237
gbm_selectivity,grouped,XGBoost (descriptors),descriptors,0,2,rmse,0.24243332217392038
gbm_selectivity,grouped,XGBoost (descriptors),descriptors,0,2,mae,0.18718980747789032
gbm_selectivity,grouped,XGBoost (descriptors),descriptors,0,2,r2,-0.25044519096857654
gbm_selectivity,grouped,XGBoost (descriptors),descriptors,0,2,pearson_r,-0.00910737871278642
gbm_selectivity,grouped,XGBoost (descriptors),descriptors,0,2,spearman_rho,-0.006520231448050783
gbm_selectivity,grouped,XGBoost (descriptors),descriptors,0,3,rmse,0.25883158542858803
gbm_selectivity,grouped,XGBoost (descriptors),descriptors,0,3,mae,0.19920240648413942
gbm_selectivity,grouped,XGBoost (descriptors),descriptors,0,3,r2,0.10126861969169865
gbm_selectivity,grouped,XGBoost (descriptors),descriptors,0,3,pearson_r,0.3684064165375255
gbm_selectivity,grouped,XGBoost (descriptors),descriptors,0,3,spearman_rho,0.35466997179102483
gbm_selectivity,grouped,XGBoost (descriptors),descriptors,0,4,rmse,0.31696419771495166
gbm_selectivity,grouped,XGBoost (descriptors),descriptors,0,4,mae,0.2543650996470383
gbm_selectivity,grouped,XGBoost (descriptors),descriptors,0,4,r2,-0.3335762434234468
gbm_selectivity,grouped,XGBoost (descriptors),descriptors,0,4,pearson_r,-0.03872979696841171
gbm_selectivity,grouped,XGBoost (descriptors),descriptors,0,4,spearman_rho,-0.08652029721674154
gbm_selectivity,grouped,XGBoost (descriptors),descriptors,1,0,rmse,0.3523892986114991
gbm_selectivity,grouped,XGBoost (descriptors),descriptors,1,0,mae,0.24805851325574677
gbm_selectivity,grouped,XGBoost (descriptors),descriptors,1,0,r2,-0.23227652870729165
gbm_selectivity,grouped,XGBoost (descriptors),descriptors,1,0,pearson_r,-0.03672056023005864
gbm_selectivity,grouped,XGBoost (descriptors),descriptors,1,0,spearman_rho,-0.014087923974024742
gbm_selectivity,grouped,XGBoost (descriptors),descriptors,1,1,rmse,0.2779879643915947
gbm_selectivity,grouped,XGBoost (descriptors),descriptors,1,1,mae,0.2244175849254402
gbm_selectivity,grouped,XGBoost (descriptors),descriptors,1,1,r2,9.182983125000099e-05
gbm_selectivity,grouped,XGBoost (descriptors),descriptors,1,1,pearson_r,0.312336471317195
gbm_selectivity,grouped,XGBoost (descriptors),descriptors,1,1,spearman_rho,0.2510519463477581
gbm_selectivity,grouped,XGBoost (descriptors),descriptors,1,2,rmse,0.27341229517428817
gbm_selectivity,grouped,XGBoost (descriptors),descriptors,1,2,mae,0.21327997514202288
gbm_selectivity,grouped,XGBoost (descriptors),descriptors,1,2,r2,-0.056547835477262165
gbm_selectivity,grouped,XGBoost (descriptors),descriptors,1,2,pearson_r,0.20337330277971477
gbm_selectivity,grouped,XGBoost (descriptors),descriptors,1,2,spearman_rho,0.13701521414777765
gbm_selectivity,grouped,XGBoost (descriptors),descriptors,1,3,rmse,0.3015620007976161
gbm_selectivity,grouped,XGBoost (descriptors),descriptors,1,3,mae,0.23480143212773838
gbm_selectivity,grouped,XGBoost (descriptors),descriptors,1,3,r2,-0.37362849102226225
gbm_selectivity,grouped,XGBoost (descriptors),descriptors,1,3,pearson_r,-0.05326963392858623
gbm_selectivity,grouped,XGBoost (descriptors),descriptors,1,3,spearman_rho,-0.014184540774408616
gbm_selectivity,grouped,XGBoost (descriptors),descriptors,1,4,rmse,0.29567070266161555
gbm_selectivity,grouped,XGBoost (descriptors),descriptors,1,4,mae,0.24725322085847815
gbm_selectivity,grouped,XGBoost (descriptors),descriptors,1,4,r2,-0.2462968917770183
gbm_selectivity,grouped,XGBoost (descriptors),descriptors,1,4,pearson_r,0.0555863220374964
gbm_selectivity,grouped,XGBoost (descriptors),descriptors,1,4,spearman_rho,0.031551998750761236
gbm_selectivity,grouped,XGBoost (descriptors),descriptors,2,0,rmse,0.2918899851682636
gbm_selectivity,grouped,XGBoost (descriptors),descriptors,2,0,mae,0.2302898237643618
gbm_selectivity,grouped,XGBoost (descriptors),descriptors,2,0,r2,-0.3068779578026728
gbm_selectivity,grouped,XGBoost (descriptors),descriptors,2,0,pearson_r,-0.008548483508160287
gbm_selectivity,grouped,XGBoost (descriptors),descriptors,2,0,spearman_rho,0.008247060030682905
gbm_selectivity,grouped,XGBoost (descriptors),descriptors,2,1,rmse,0.2906775223920313
gbm_selectivity,grouped,XGBoost (descriptors),descriptors,2,1,mae,0.22645796808628632
gbm_selectivity,grouped,XGBoost (descriptors),descriptors,2,1,r2,-0.028587914367041334
gbm_selectivity,grouped,XGBoost (descriptors),descriptors,2,1,pearson_r,0.19071411689095874
gbm_selectivity,grouped,XGBoost (descriptors),descriptors,2,1,spearman_rho,0.2156601534029709
gbm_selectivity,grouped,XGBoost (descriptors),descriptors,2,2,rmse,0.29601160690830614
gbm_selectivity,grouped,XGBoost (descriptors),descriptors,2,2,mae,0.23219273278658153
gbm_selectivity,grouped,XGBoost (descriptors),descriptors,2,2,r2,-0.1914477607278744
gbm_selectivity,grouped,XGBoost (descriptors),descriptors,2,2,pearson_r,0.10500111786744412
gbm_selectivity,grouped,XGBoost (descriptors),descriptors,2,2,spearman_rho,0.11632906321703701
gbm_selectivity,grouped,XGBoost (descriptors),descriptors,2,3,rmse,0.29793684303103635
gbm_selectivity,grouped,XGBoost (descriptors),descriptors,2,3,mae,0.21632153211151572
gbm_selectivity,grouped,XGBoost (descriptors),descriptors,2,3,r2,-0.08358281219576247
gbm_selectivity,grouped,XGBoost (descriptors),descriptors,2,3,pearson_r,0.1419734538216259
gbm_selectivity,grouped,XGBoost (descriptors),descriptors,2,3,spearman_rho,0.13322515061219822
gbm_selectivity,grouped,XGBoost (descriptors),descriptors,2,4,rmse,0.31633997394673263
gbm_selectivity,grouped,XGBoost (descriptors),descriptors,2,4,mae,0.2620965033337515
gbm_selectivity,grouped,XGBoost (descriptors),descriptors,2,4,r2,-0.19464600123787013
gbm_selectivity,grouped,XGBoost (descriptors),descriptors,2,4,pearson_r,0.0831232117112367
gbm_selectivity,grouped,XGBoost (descriptors),descriptors,2,4,spearman_rho,0.017930636482139654
gbm_selectivity,grouped,XGBoost (descriptors),descriptors,3,0,rmse,0.27526411873289336
gbm_selectivity,grouped,XGBoost (descriptors),descriptors,3,0,mae,0.2181700382048831
gbm_selectivity,grouped,XGBoost (descriptors),descriptors,3,0,r2,-0.05703332774701764
gbm_selectivity,grouped,XGBoost (descriptors),descriptors,3,0,pearson_r,0.1852501846007796
gbm_selectivity,grouped,XGBoost (descriptors),descriptors,3,0,spearman_rho,0.12417492757099331
gbm_selectivity,grouped,XGBoost (descriptors),descriptors,3,1,rmse,0.31309991967936407
gbm_selectivity,grouped,XGBoost (descriptors),descriptors,3,1,mae,0.24344147949339778
gbm_selectivity,grouped,XGBoost (descriptors),descriptors,3,1,r2,0.003273736493193291
gbm_selectivity,grouped,XGBoost (descriptors),descriptors,3,1,pearson_r,0.282525810707686
gbm_selectivity,grouped,XGBoost (descriptors),descriptors,3,1,spearman_rho,0.26763088133225754
gbm_selectivity,grouped,XGBoost (descriptors),descriptors,3,2,rmse,0.27213098376408107
gbm_selectivity,grouped,XGBoost (descriptors),descriptors,3,2,mae,0.22332397877577237
gbm_selectivity,grouped,XGBoost (descriptors),descriptors,3,2,r2,-0.20576051767602666
gbm_selectivity,grouped,XGBoost (descriptors),descriptors,3,2,pearson_r,0.060161705819470924
gbm_selectivity,grouped,XGBoost (descriptors),descriptors,3,2,spearman_rho,0.09903949552376731
gbm_selectivity,grouped,XGBoost (descriptors),descriptors,3,3,rmse,0.2777138392400164
gbm_selectivity,grouped,XGBoost (descriptors),descriptors,3,3,mae,0.22031037937095296
gbm_selectivity,grouped,XGBoost (descriptors),descriptors,3,3,r2,-0.07312613983490235
gbm_selectivity,grouped,XGBoost (descriptors),descriptors,3,3,pearson_r,0.2035793862848975
gbm_selectivity,grouped,XGBoost (descriptors),descriptors,3,3,spearman_rho,0.23741134662320312
gbm_selectivity,grouped,XGBoost (descriptors),descriptors,3,4,rmse,0.3086254671618342
gbm_selectivity,grouped,XGBoost (descriptors),descriptors,3,4,mae,0.24604512703236883
gbm_selectivity,grouped,XGBoost (descriptors),descriptors,3,4,r2,-0.1277356455248615
gbm_selectivity,grouped,XGBoost (descriptors),descriptors,3,4,pearson_r,0.12059377251906692
gbm_selectivity,grouped,XGBoost (descriptors),descriptors,3,4,spearman_rho,0.07579237065432211
gbm_selectivity,grouped,XGBoost (descriptors),descriptors,4,0,rmse,0.2724707501850362
gbm_selectivity,grouped,XGBoost (descriptors),descriptors,4,0,mae,0.20245727108448913
gbm_selectivity,grouped,XGBoost (descriptors),descriptors,4,0,r2,-0.11474847164019386
gbm_selectivity,grouped,XGBoost (descriptors),descriptors,4,0,pearson_r,0.1997848227978138
gbm_selectivity,grouped,XGBoost (descriptors),descriptors,4,0,spearman_rho,0.19668094421314217
gbm_selectivity,grouped,XGBoost (descriptors),descriptors,4,1,rmse,0.2804497505769792
gbm_selectivity,grouped,XGBoost (descriptors),descriptors,4,1,mae,0.22695198854042734
gbm_selectivity,grouped,XGBoost (descriptors),descriptors,4,1,r2,0.10206948109993819
gbm_selectivity,grouped,XGBoost (descriptors),descriptors,4,1,pearson_r,0.36946867576209513
gbm_selectivity,grouped,XGBoost (descriptors),descriptors,4,1,spearman_rho,0.2979984326644585
gbm_selectivity,grouped,XGBoost (descriptors),descriptors,4,2,rmse,0.29884019934802153
gbm_selectivity,grouped,XGBoost (descriptors),descriptors,4,2,mae,0.24386926463854056
gbm_selectivity,grouped,XGBoost (descriptors),descriptors,4,2,r2,-0.04838698158331978
gbm_selectivity,grouped,XGBoost (descriptors),descriptors,4,2,pearson_r,0.23387168915778125
gbm_selectivity,grouped,XGBoost (descriptors),descriptors,4,2,spearman_rho,0.1961288206351233
gbm_selectivity,grouped,XGBoost (descriptors),descriptors,4,3,rmse,0.3228986205686384
gbm_selectivity,grouped,XGBoost (descriptors),descriptors,4,3,mae,0.23665335653134628
gbm_selectivity,grouped,XGBoost (descriptors),descriptors,4,3,r2,-0.13605803037123754
gbm_selectivity,grouped,XGBoost (descriptors),descriptors,4,3,pearson_r,0.056055566797590335
gbm_selectivity,grouped,XGBoost (descriptors),descriptors,4,3,spearman_rho,0.12301368337549226
gbm_selectivity,grouped,XGBoost (descriptors),descriptors,4,4,rmse,0.23870513629860354
gbm_selectivity,grouped,XGBoost (descriptors),descriptors,4,4,mae,0.19557673866499872
gbm_selectivity,grouped,XGBoost (descriptors),descriptors,4,4,r2,-0.034020553091203
gbm_selectivity,grouped,XGBoost (descriptors),descriptors,4,4,pearson_r,0.20328166231671604
gbm_selectivity,grouped,XGBoost (descriptors),descriptors,4,4,spearman_rho,0.19033203570171847
gbm_selectivity,grouped,XGBoost (morgan),morgan,0,0,rmse,0.3491785967231168
gbm_selectivity,grouped,XGBoost (morgan),morgan,0,0,mae,0.27916646816906193
gbm_selectivity,grouped,XGBoost (morgan),morgan,0,0,r2,-0.06363314117496488
gbm_selectivity,grouped,XGBoost (morgan),morgan,0,0,pearson_r,0.11351767243229603
gbm_selectivity,grouped,XGBoost (morgan),morgan,0,0,spearman_rho,0.13019514378041158
gbm_selectivity,grouped,XGBoost (morgan),morgan,0,1,rmse,0.2947898165778031
gbm_selectivity,grouped,XGBoost (morgan),morgan,0,1,mae,0.2246413921345714
gbm_selectivity,grouped,XGBoost (morgan),morgan,0,1,r2,-0.18383442873003508
gbm_selectivity,grouped,XGBoost (morgan),morgan,0,1,pearson_r,0.09269682602958769
gbm_selectivity,grouped,XGBoost (morgan),morgan,0,1,spearman_rho,0.16218842576716685
gbm_selectivity,grouped,XGBoost (morgan),morgan,0,2,rmse,0.2272327932060686
gbm_selectivity,grouped,XGBoost (morgan),morgan,0,2,mae,0.1788817782057347
gbm_selectivity,grouped,XGBoost (morgan),morgan,0,2,r2,-0.09855561666990442
gbm_selectivity,grouped,XGBoost (morgan),morgan,0,2,pearson_r,0.13675098340332004
gbm_selectivity,grouped,XGBoost (morgan),morgan,0,2,spearman_rho,0.19856332167573287
gbm_selectivity,grouped,XGBoost (morgan),morgan,0,3,rmse,0.3239438049493505
gbm_selectivity,grouped,XGBoost (morgan),morgan,0,3,mae,0.25234498843127673
gbm_selectivity,grouped,XGBoost (morgan),morgan,0,3,r2,-0.4077797658728499
gbm_selectivity,grouped,XGBoost (morgan),morgan,0,3,pearson_r,0.12965369853930422
gbm_selectivity,grouped,XGBoost (morgan),morgan,0,3,spearman_rho,0.08273718939054742
gbm_selectivity,grouped,XGBoost (morgan),morgan,0,4,rmse,0.30363969060114876
gbm_selectivity,grouped,XGBoost (morgan),morgan,0,4,mae,0.24520032909530828
gbm_selectivity,grouped,XGBoost (morgan),morgan,0,4,r2,-0.22381144707547906
gbm_selectivity,grouped,XGBoost (morgan),morgan,0,4,pearson_r,0.10372522105212839
gbm_selectivity,grouped,XGBoost (morgan),morgan,0,4,spearman_rho,0.10251458796859914
gbm_selectivity,grouped,XGBoost (morgan),morgan,1,0,rmse,0.29621540747807196
gbm_selectivity,grouped,XGBoost (morgan),morgan,1,0,mae,0.2229682633076648
gbm_selectivity,grouped,XGBoost (morgan),morgan,1,0,r2,0.12928095708854004
gbm_selectivity,grouped,XGBoost (morgan),morgan,1,0,pearson_r,0.3681641653665446
gbm_selectivity,grouped,XGBoost (morgan),morgan,1,0,spearman_rho,0.22982468844392384
gbm_selectivity,grouped,XGBoost (morgan),morgan,1,1,rmse,0.2971364508857115
gbm_selectivity,grouped,XGBoost (morgan),morgan,1,1,mae,0.23406057787907777
gbm_selectivity,grouped,XGBoost (morgan),morgan,1,1,r2,-0.14240473266420373
gbm_selectivity,grouped,XGBoost (morgan),morgan,1,1,pearson_r,0.11611761451932337
gbm_selectivity,grouped,XGBoost (morgan),morgan,1,1,spearman_rho,0.21021944639311335
gbm_selectivity,grouped,XGBoost (morgan),morgan,1,2,rmse,0.27419448417473447
gbm_selectivity,grouped,XGBoost (morgan),morgan,1,2,mae,0.21283267121625382
gbm_selectivity,grouped,XGBoost (morgan),morgan,1,2,r2,-0.062601712629478
gbm_selectivity,grouped,XGBoost (morgan),morgan,1,2,pearson_r,0.3181256767792782
gbm_selectivity,grouped,XGBoost (morgan),morgan,1,2,spearman_rho,0.2406120833814632
gbm_selectivity,grouped,XGBoost (morgan),morgan,1,3,rmse,0.25502435418211045
gbm_selectivity,grouped,XGBoost (morgan),morgan,1,3,mae,0.19605749526389038
gbm_selectivity,grouped,XGBoost (morgan),morgan,1,3,r2,0.01762031981521639
gbm_selectivity,grouped,XGBoost (morgan),morgan,1,3,pearson_r,0.3285899299644107
gbm_selectivity,grouped,XGBoost (morgan),morgan,1,3,spearman_rho,0.30735196594484104
gbm_selectivity,grouped,XGBoost (morgan),morgan,1,4,rmse,0.27229233727930185
gbm_selectivity,grouped,XGBoost (morgan),morgan,1,4,mae,0.22065171797403568
gbm_selectivity,grouped,XGBoost (morgan),morgan,1,4,r2,-0.05700189206286188
gbm_selectivity,grouped,XGBoost (morgan),morgan,1,4,pearson_r,0.16114193434760377
gbm_selectivity,grouped,XGBoost (morgan),morgan,1,4,spearman_rho,0.17401967970031185
gbm_selectivity,grouped,XGBoost (morgan),morgan,2,0,rmse,0.2822673566876396
gbm_selectivity,grouped,XGBoost (morgan),morgan,2,0,mae,0.21957623846808647
gbm_selectivity,grouped,XGBoost (morgan),morgan,2,0,r2,-0.22213155260470518
gbm_selectivity,grouped,XGBoost (morgan),morgan,2,0,pearson_r,0.2651951431390728
gbm_selectivity,grouped,XGBoost (morgan),morgan,2,0,spearman_rho,0.20730998295138447
gbm_selectivity,grouped,XGBoost (morgan),morgan,2,1,rmse,0.31718583856031496
gbm_selectivity,grouped,XGBoost (morgan),morgan,2,1,mae,0.2420867534711415
gbm_selectivity,grouped,XGBoost (morgan),morgan,2,1,r2,-0.22474618607772867
gbm_selectivity,grouped,XGBoost (morgan),morgan,2,1,pearson_r,0.14040765379249875
gbm_selectivity,grouped,XGBoost (morgan),morgan,2,1,spearman_rho,0.1834664806115742
gbm_selectivity,grouped,XGBoost (morgan),morgan,2,2,rmse,0.2897597949275739
gbm_selectivity,grouped,XGBoost (morgan),morgan,2,2,mae,0.23057369695290544
gbm_selectivity,grouped,XGBoost (morgan),morgan,2,2,r2,-0.141652088709737
gbm_selectivity,grouped,XGBoost (morgan),morgan,2,2,pearson_r,0.17351054265744342
gbm_selectivity,grouped,XGBoost (morgan),morgan,2,2,spearman_rho,0.17233899100872588
gbm_selectivity,grouped,XGBoost (morgan),morgan,2,3,rmse,0.25671397594437273
gbm_selectivity,grouped,XGBoost (morgan),morgan,2,3,mae,0.1880255041315821
gbm_selectivity,grouped,XGBoost (morgan),morgan,2,3,r2,0.19552470727147886
gbm_selectivity,grouped,XGBoost (morgan),morgan,2,3,pearson_r,0.4467322872145213
gbm_selectivity,grouped,XGBoost (morgan),morgan,2,3,spearman_rho,0.3015562275347137
gbm_selectivity,grouped,XGBoost (morgan),morgan,2,4,rmse,0.3254583115396028
gbm_selectivity,grouped,XGBoost (morgan),morgan,2,4,mae,0.26926025798982856
gbm_selectivity,grouped,XGBoost (morgan),morgan,2,4,r2,-0.264508691369052
gbm_selectivity,grouped,XGBoost (morgan),morgan,2,4,pearson_r,0.0776815423630145
gbm_selectivity,grouped,XGBoost (morgan),morgan,2,4,spearman_rho,0.05877320427940186
gbm_selectivity,grouped,XGBoost (morgan),morgan,3,0,rmse,0.2660850833147994
gbm_selectivity,grouped,XGBoost (morgan),morgan,3,0,mae,0.21211969915371381
gbm_selectivity,grouped,XGBoost (morgan),morgan,3,0,r2,0.012287544623571622
gbm_selectivity,grouped,XGBoost (morgan),morgan,3,0,pearson_r,0.27604588102029787
gbm_selectivity,grouped,XGBoost (morgan),morgan,3,0,spearman_rho,0.19316099844376738
gbm_selectivity,grouped,XGBoost (morgan),morgan,3,1,rmse,0.29641671611326487
gbm_selectivity,grouped,XGBoost (morgan),morgan,3,1,mae,0.23430698043982587
gbm_selectivity,grouped,XGBoost (morgan),morgan,3,1,r2,0.10666289535824292
gbm_selectivity,grouped,XGBoost (morgan),morgan,3,1,pearson_r,0.34101272851084585
gbm_selectivity,grouped,XGBoost (morgan),morgan,3,1,spearman_rho,0.23938373293063667
gbm_selectivity,grouped,XGBoost (morgan),morgan,3,2,rmse,0.2707252828470025
gbm_selectivity,grouped,XGBoost (morgan),morgan,3,2,mae,0.2198359627299588
gbm_selectivity,grouped,XGBoost (morgan),morgan,3,2,r2,-0.19333590498884923
gbm_selectivity,grouped,XGBoost (morgan),morgan,3,2,pearson_r,0.027344545419138125
gbm_selectivity,grouped,XGBoost (morgan),morgan,3,2,spearman_rho,0.05114185212360896
gbm_selectivity,grouped,XGBoost (morgan),morgan,3,3,rmse,0.2702858938782024
gbm_selectivity,grouped,XGBoost (morgan),morgan,3,3,mae,0.22306980894057132
gbm_selectivity,grouped,XGBoost (morgan),morgan,3,3,r2,-0.016488548368738254
gbm_selectivity,grouped,XGBoost (morgan),morgan,3,3,pearson_r,0.2879480584896432
gbm_selectivity,grouped,XGBoost (morgan),morgan,3,3,spearman_rho,0.1619427049869135
gbm_selectivity,grouped,XGBoost (morgan),morgan,3,4,rmse,0.28927828713224324
gbm_selectivity,grouped,XGBoost (morgan),morgan,3,4,mae,0.23485420025088566
gbm_selectivity,grouped,XGBoost (morgan),morgan,3,4,r2,0.009224036953251469
gbm_selectivity,grouped,XGBoost (morgan),morgan,3,4,pearson_r,0.2668648640507384
gbm_selectivity,grouped,XGBoost (morgan),morgan,3,4,spearman_rho,0.22398709610587753
gbm_selectivity,grouped,XGBoost (morgan),morgan,4,0,rmse,0.23461586640811263
gbm_selectivity,grouped,XGBoost (morgan),morgan,4,0,mae,0.18835047251404624
gbm_selectivity,grouped,XGBoost (morgan),morgan,4,0,r2,0.173482852071293
gbm_selectivity,grouped,XGBoost (morgan),morgan,4,0,pearson_r,0.45520352051183255
gbm_selectivity,grouped,XGBoost (morgan),morgan,4,0,spearman_rho,0.35574655170743763
gbm_selectivity,grouped,XGBoost (morgan),morgan,4,1,rmse,0.28714279355749694
gbm_selectivity,grouped,XGBoost (morgan),morgan,4,1,mae,0.21804667668215574
gbm_selectivity,grouped,XGBoost (morgan),morgan,4,1,r2,0.05869913256158599
gbm_selectivity,grouped,XGBoost (morgan),morgan,4,1,pearson_r,0.28531803064404904
gbm_selectivity,grouped,XGBoost (morgan),morgan,4,1,spearman_rho,0.21585755680694638
gbm_selectivity,grouped,XGBoost (morgan),morgan,4,2,rmse,0.30347216062194854
gbm_selectivity,grouped,XGBoost (morgan),morgan,4,2,mae,0.24075687363954057
gbm_selectivity,grouped,XGBoost (morgan),morgan,4,2,r2,-0.08113841253824061
gbm_selectivity,grouped,XGBoost (morgan),morgan,4,2,pearson_r,0.19111865982770881
gbm_selectivity,grouped,XGBoost (morgan),morgan,4,2,spearman_rho,0.16226511384764453
gbm_selectivity,grouped,XGBoost (morgan),morgan,4,3,rmse,0.27865241998150775
gbm_selectivity,grouped,XGBoost (morgan),morgan,4,3,mae,0.21577677951355834
gbm_selectivity,grouped,XGBoost (morgan),morgan,4,3,r2,0.1539543932525198
gbm_selectivity,grouped,XGBoost (morgan),morgan,4,3,pearson_r,0.40818334799248746
gbm_selectivity,grouped,XGBoost (morgan),morgan,4,3,spearman_rho,0.29253970102481264
gbm_selectivity,grouped,XGBoost (morgan),morgan,4,4,rmse,0.276996180455087
gbm_selectivity,grouped,XGBoost (morgan),morgan,4,4,mae,0.2239607671908901
gbm_selectivity,grouped,XGBoost (morgan),morgan,4,4,r2,-0.3923653416686548
gbm_selectivity,grouped,XGBoost (morgan),morgan,4,4,pearson_r,0.06158497772117734
gbm_selectivity,grouped,XGBoost (morgan),morgan,4,4,spearman_rho,0.032307544333431755
gbm_selectivity,grouped,SVM (descriptors),descriptors,0,0,rmse,0.3349412128847243
gbm_selectivity,grouped,SVM (descriptors),descriptors,0,0,mae,0.2627154826549543
gbm_selectivity,grouped,SVM (descriptors),descriptors,0,0,r2,0.021335562038272804
gbm_selectivity,grouped,SVM (descriptors),descriptors,0,0,pearson_r,0.22784259916640798
gbm_selectivity,grouped,SVM (descriptors),descriptors,0,0,spearman_rho,0.11143410442820322
gbm_selectivity,grouped,SVM (descriptors),descriptors,0,1,rmse,0.2766041011585273
gbm_selectivity,grouped,SVM (descriptors),descriptors,0,1,mae,0.213639546949875
gbm_selectivity,grouped,SVM (descriptors),descriptors,0,1,r2,-0.042277211598525266
gbm_selectivity,grouped,SVM (descriptors),descriptors,0,1,pearson_r,0.06549694680211314
gbm_selectivity,grouped,SVM (descriptors),descriptors,0,1,spearman_rho,0.10429835651538767
gbm_selectivity,grouped,SVM (descriptors),descriptors,0,2,rmse,0.32640539939148666
gbm_selectivity,grouped,SVM (descriptors),descriptors,0,2,mae,0.23793419112205974
gbm_selectivity,grouped,SVM (descriptors),descriptors,0,2,r2,-1.266703438322227
gbm_selectivity,grouped,SVM (descriptors),descriptors,0,2,pearson_r,-0.06352451428925543
gbm_selectivity,grouped,SVM (descriptors),descriptors,0,2,spearman_rho,0.00976009800608844
gbm_selectivity,grouped,SVM (descriptors),descriptors,0,3,rmse,0.354895353866047
gbm_selectivity,grouped,SVM (descriptors),descriptors,0,3,mae,0.2782504142461292
gbm_selectivity,grouped,SVM (descriptors),descriptors,0,3,r2,-0.6896470265702259
gbm_selectivity,grouped,SVM (descriptors),descriptors,0,3,pearson_r,0.20363383695155768
gbm_selectivity,grouped,SVM (descriptors),descriptors,0,3,spearman_rho,0.189906409264194
gbm_selectivity,grouped,SVM (descriptors),descriptors,0,4,rmse,0.28233875692075366
gbm_selectivity,grouped,SVM (descriptors),descriptors,0,4,mae,0.2190251950277893
gbm_selectivity,grouped,SVM (descriptors),descriptors,0,4,r2,-0.05812853709770094
gbm_selectivity,grouped,SVM (descriptors),descriptors,0,4,pearson_r,-0.01147312631009359
gbm_selectivity,grouped,SVM (descriptors),descriptors,0,4,spearman_rho,0.0035053104403677425
gbm_selectivity,grouped,SVM (descriptors),descriptors,1,0,rmse,0.3323456545790307
gbm_selectivity,grouped,SVM (descriptors),descriptors,1,0,mae,0.2452263180448873
gbm_selectivity,grouped,SVM (descriptors),descriptors,1,0,r2,-0.09608128761458512
gbm_selectivity,grouped,SVM (descriptors),descriptors,1,0,pearson_r,0.10226663123486776
gbm_selectivity,grouped,SVM (descriptors),descriptors,1,0,spearman_rho,-0.018003600728134336
gbm_selectivity,grouped,SVM (descriptors),descriptors,1,1,rmse,0.2880404328487706
gbm_selectivity,grouped,SVM (descriptors),descriptors,1,1,mae,0.2285953700444894
gbm_selectivity,grouped,SVM (descriptors),descriptors,1,1,r2,-0.07353211257452141
gbm_selectivity,grouped,SVM (descriptors),descriptors,1,1,pearson_r,0.0863294592646712
gbm_selectivity,grouped,SVM (descriptors),descriptors,1,1,spearman_rho,0.10785516161772156
gbm_selectivity,grouped,SVM (descriptors),descriptors,1,2,rmse,0.32186062070319926
gbm_selectivity,grouped,SVM (descriptors),descriptors,1,2,mae,0.2596908829197441
gbm_selectivity,grouped,SVM (descriptors),descriptors,1,2,r2,-0.4641607900853306
gbm_selectivity,grouped,SVM (descriptors),descriptors,1,2,pearson_r,0.09452858310683425
gbm_selectivity,grouped,SVM (descriptors),descriptors,1,2,spearman_rho,0.08858792835998804
gbm_selectivity,grouped,SVM (descriptors),descriptors,1,3,rmse,0.2598050722331246
gbm_selectivity,grouped,SVM (descriptors),descriptors,1,3,mae,0.19831328421653488
gbm_selectivity,grouped,SVM (descriptors),descriptors,1,3,r2,-0.019556526960074594
gbm_selectivity,grouped,SVM (descriptors),descriptors,1,3,pearson_r,0.07754676404528636
gbm_selectivity,grouped,SVM (descriptors),descriptors,1,3,spearman_rho,0.03516267673770244
gbm_selectivity,grouped,SVM (descriptors),descriptors,1,4,rmse,0.3092302610534499
gbm_selectivity,grouped,SVM (descriptors),descriptors,1,4,mae,0.26182367840777415
gbm_selectivity,grouped,SVM (descriptors),descriptors,1,4,r2,-0.36322926044498693
gbm_selectivity,grouped,SVM (descriptors),descriptors,1,4,pearson_r,-0.1229021254876215
gbm_selectivity,grouped,SVM (descriptors),descriptors,1,4,spearman_rho,-0.1324910347047295
gbm_selectivity,grouped,SVM (descriptors),descriptors,2,0,rmse,0.24980495374152967
gbm_selectivity,grouped,SVM (descriptors),descriptors,2,0,mae,0.19751560181245445
gbm_selectivity,grouped,SVM (descriptors),descriptors,2,0,r2,0.042808712628929824
gbm_selectivity,grouped,SVM (descriptors),descriptors,2,0,pearson_r,0.24896059827050251
gbm_selectivity,grouped,SVM (descriptors),descriptors,2,0,spearman_rho,0.15915653291441131
gbm_selectivity,grouped,SVM (descriptors),descriptors,2,1,rmse,0.3071461730677677
gbm_selectivity,grouped,SVM (descriptors),descriptors,2,1,mae,0.23308725573636405
gbm_selectivity,grouped,SVM (descriptors),descriptors,2,1,r2,-0.1484411215763337
gbm_selectivity,grouped,SVM (descriptors),descriptors,2,1,pearson_r,0.17194136504029633
gbm_selectivity,grouped,SVM (descriptors),descriptors,2,1,spearman_rho,0.23418300691806324
gbm_selectivity,grouped,SVM (descriptors),descriptors,2,2,rmse,0.32407767788022185
gbm_selectivity,grouped,SVM (descriptors),descriptors,2,2,mae,0.25384019342124947
gbm_selectivity,grouped,SVM (descriptors),descriptors,2,2,r2,-0.4280906015219854
gbm_selectivity,grouped,SVM (descriptors),descriptors,2,2,pearson_r,0.021947413397988565
gbm_selectivity,grouped,SVM (descriptors),descriptors,2,2,spearman_rho,0.0779859095787629
gbm_selectivity,grouped,SVM (descriptors),descriptors,2,3,rmse,0.31525131009509066
gbm_selectivity,grouped,SVM (descriptors),descriptors,2,3,mae,0.22586120235015045
gbm_selectivity,grouped,SVM (descriptors),descriptors,2,3,r2,-0.2131862640302633
gbm_selectivity,grouped,SVM (descriptors),descriptors,2,3,pearson_r,0.15435367048374285
gbm_selectivity,grouped,SVM (descriptors),descriptors,2,3,spearman_rho,0.1525659592486267
gbm_selectivity,grouped,SVM (descriptors),descriptors,2,4,rmse,0.3343346496861063
gbm_selectivity,grouped,SVM (descriptors),descriptors,2,4,mae,0.2658117548419376
gbm_selectivity,grouped,SVM (descriptors),descriptors,2,4,r2,-0.3344240518602075
gbm_selectivity,grouped,SVM (descriptors),descriptors,2,4,pearson_r,-0.00726989987812722
gbm_selectivity,grouped,SVM (descriptors),descriptors,2,4,spearman_rho,0.007097332678701241
gbm_selectivity,grouped,SVM (descriptors),descriptors,3,0,rmse,0.3490497500384475
gbm_selectivity,grouped,SVM (descriptors),descriptors,3,0,mae,0.26057428306023755
gbm_selectivity,grouped,SVM (descriptors),descriptors,3,0,r2,-0.6996681472148476
gbm_selectivity,grouped,SVM (descriptors),descriptors,3,0,pearson_r,-0.003022713119084402
gbm_selectivity,grouped,SVM (descriptors),descriptors,3,0,spearman_rho,0.054074917310188625
gbm_selectivity,grouped,SVM (descriptors),descriptors,3,1,rmse,0.35448304798804847
gbm_selectivity,grouped,SVM (descriptors),descriptors,3,1,mae,0.26340575119440907
gbm_selectivity,grouped,SVM (descriptors),descriptors,3,1,r2,-0.27761773608979023
gbm_selectivity,grouped,SVM (descriptors),descriptors,3,1,pearson_r,0.08139372728558548
gbm_selectivity,grouped,SVM (descriptors),descriptors,3,1,spearman_rho,0.09977073959490336
gbm_selectivity,grouped,SVM (descriptors),descriptors,3,2,rmse,0.2561365203370135
gbm_selectivity,grouped,SVM (descriptors),descriptors,3,2,mae,0.20342878291668812
gbm_selectivity,grouped,SVM (descriptors),descriptors,3,2,r2,-0.06818896241063
gbm_selectivity,grouped,SVM (descriptors),descriptors,3,2,pearson_r,0.07994080688301389
gbm_selectivity,grouped,SVM (descriptors),descriptors,3,2,spearman_rho,0.020577031734695123
gbm_selectivity,grouped,SVM (descriptors),descriptors,3,3,rmse,0.2719998173552552
gbm_selectivity,grouped,SVM (descriptors),descriptors,3,3,mae,0.2216127536375013
gbm_selectivity,grouped,SVM (descriptors),descriptors,3,3,r2,-0.02942083489036018
gbm_selectivity,grouped,SVM (descriptors),descriptors,3,3,pearson_r,0.1148832644762954
gbm_selectivity,grouped,SVM (descriptors),descriptors,3,3,spearman_rho,0.058671958449463185
gbm_selectivity,grouped,SVM (descriptors),descriptors,3,4,rmse,0.31362544501490774
gbm_selectivity,grouped,SVM (descriptors),descriptors,3,4,mae,0.24014661145545518
gbm_selectivity,grouped,SVM (descriptors),descriptors,3,4,r2,-0.16457206499512878
gbm_selectivity,grouped,SVM (descriptors),descriptors,3,4,pearson_r,-0.03261380955097934
gbm_selectivity,grouped,SVM (descriptors),descriptors,3,4,spearman_rho,-0.041855760300024226
gbm_selectivity,grouped,SVM (descriptors),descriptors,4,0,rmse,0.27334376205069644
gbm_selectivity,grouped,SVM (descriptors),descriptors,4,0,mae,0.2164347362792992
gbm_selectivity,grouped,SVM (descriptors),descriptors,4,0,r2,-0.12190335133528074
gbm_selectivity,grouped,SVM (descriptors),descriptors,4,0,pearson_r,0.06028884196823668
gbm_selectivity,grouped,SVM (descriptors),descriptors,4,0,spearman_rho,0.06282431081284184
gbm_selectivity,grouped,SVM (descriptors),descriptors,4,1,rmse,0.2933702282554658
gbm_selectivity,grouped,SVM (descriptors),descriptors,4,1,mae,0.23103486880839316
gbm_selectivity,grouped,SVM (descriptors),descriptors,4,1,r2,0.017427298887217058
gbm_selectivity,grouped,SVM (descriptors),descriptors,4,1,pearson_r,0.2417611890499632
gbm_selectivity,grouped,SVM (descriptors),descriptors,4,1,spearman_rho,0.15053583541854315
gbm_selectivity,grouped,SVM (descriptors),descriptors,4,2,rmse,0.2921895121107852
gbm_selectivity,grouped,SVM (descriptors),descriptors,4,2,mae,0.22492710610364772
gbm_selectivity,grouped,SVM (descriptors),descriptors,4,2,r2,-0.0022425370046221804
gbm_selectivity,grouped,SVM (descriptors),descriptors,4,2,pearson_r,0.1750623036511697
gbm_selectivity,grouped,SVM (descriptors),descriptors,4,2,spearman_rho,0.19268412710292013
gbm_selectivity,grouped,SVM (descriptors),descriptors,4,3,rmse,0.30595098484562006
gbm_selectivity,grouped,SVM (descriptors),descriptors,4,3,mae,0.21947767037181168
gbm_selectivity,grouped,SVM (descriptors),descriptors,4,3,r2,-0.01993347882513019
gbm_selectivity,grouped,SVM (descriptors),descriptors,4,3,pearson_r,0.12344225569125042
gbm_selectivity,grouped,SVM (descriptors),descriptors,4,3,spearman_rho,0.16525344362590821
gbm_selectivity,grouped,SVM (descriptors),descriptors,4,4,rmse,0.24069793854098914
gbm_selectivity,grouped,SVM (descriptors),descriptors,4,4,mae,0.1960277363613913
gbm_selectivity,grouped,SVM (descriptors),descriptors,4,4,r2,-0.05135742185804215
gbm_selectivity,grouped,SVM (descriptors),descriptors,4,4,pearson_r,0.09275624114811547
gbm_selectivity,grouped,SVM (descriptors),descriptors,4,4,spearman_rho,0.057376011826248116
gbm_selectivity,grouped,MLP (descriptors),descriptors,0,0,rmse,0.47454935613997584
gbm_selectivity,grouped,MLP (descriptors),descriptors,0,0,mae,0.36259683120618236
gbm_selectivity,grouped,MLP (descriptors),descriptors,0,0,r2,-0.9645333562544505
gbm_selectivity,grouped,MLP (descriptors),descriptors,0,0,pearson_r,-0.17991215638950553
gbm_selectivity,grouped,MLP (descriptors),descriptors,0,0,spearman_rho,-0.17752335557636376
gbm_selectivity,grouped,MLP (descriptors),descriptors,0,1,rmse,0.29132068910504944
gbm_selectivity,grouped,MLP (descriptors),descriptors,0,1,mae,0.22710690710843237
gbm_selectivity,grouped,MLP (descriptors),descriptors,0,1,r2,-0.1561353211808536
gbm_selectivity,grouped,MLP (descriptors),descriptors,0,1,pearson_r,-0.020035347445836807
gbm_selectivity,grouped,MLP (descriptors),descriptors,0,1,spearman_rho,0.05380493235705617
gbm_selectivity,grouped,MLP (descriptors),descriptors,0,2,rmse,0.2551582790553636
gbm_selectivity,grouped,MLP (descriptors),descriptors,0,2,mae,0.20079520004952914
gbm_selectivity,grouped,MLP (descriptors),descriptors,0,2,r2,-0.3851581561964408
gbm_selectivity,grouped,MLP (descriptors),descriptors,0,2,pearson_r,0.028561352837383765
gbm_selectivity,grouped,MLP (descriptors),descriptors,0,2,spearman_rho,0.03802793372496699
gbm_selectivity,grouped,MLP (descriptors),descriptors,0,3,rmse,0.41030654059049193
gbm_selectivity,grouped,MLP (descriptors),descriptors,0,3,mae,0.28938362127992007
gbm_selectivity,grouped,MLP (descriptors),descriptors,0,3,r2,-1.258459156002949
gbm_selectivity,grouped,MLP (descriptors),descriptors,0,3,pearson_r,0.21787813981253196
gbm_selectivity,grouped,MLP (descriptors),descriptors,0,3,spearman_rho,0.007044371340334083
gbm_selectivity,grouped,MLP (descriptors),descriptors,0,4,rmse,0.2989162370884161
gbm_selectivity,grouped,MLP (descriptors),descriptors,0,4,mae,0.22658295762345565
gbm_selectivity,grouped,MLP (descriptors),descriptors,0,4,r2,-0.1860321007454946
gbm_selectivity,grouped,MLP (descriptors),descriptors,0,4,pearson_r,-0.08621269357096356
gbm_selectivity,grouped,MLP (descriptors),descriptors,0,4,spearman_rho,-0.01708576466143319
gbm_selectivity,grouped,MLP (descriptors),descriptors,1,0,rmse,0.44598393080600124
gbm_selectivity,grouped,MLP (descriptors),descriptors,1,0,mae,0.3067937118070107
gbm_selectivity,grouped,MLP (descriptors),descriptors,1,0,r2,-0.9737910527661127
gbm_selectivity,grouped,MLP (descriptors),descriptors,1,0,pearson_r,0.17973340030912383
gbm_selectivity,grouped,MLP (descriptors),descriptors,1,0,spearman_rho,0.009950926359900256
gbm_selectivity,grouped,MLP (descriptors),descriptors,1,1,rmse,0.2997944043662622
gbm_selectivity,grouped,MLP (descriptors),descriptors,1,1,mae,0.23997725312628387
gbm_selectivity,grouped,MLP (descriptors),descriptors,1,1,r2,-0.16293428758494732
gbm_selectivity,grouped,MLP (descriptors),descriptors,1,1,pearson_r,-0.03483796534655242
gbm_selectivity,grouped,MLP (descriptors),descriptors,1,1,spearman_rho,0.02752986018199016
gbm_selectivity,grouped,MLP (descriptors),descriptors,1,2,rmse,0.3113354474173072
gbm_selectivity,grouped,MLP (descriptors),descriptors,1,2,mae,0.25031409416544564
gbm_selectivity,grouped,MLP (descriptors),descriptors,1,2,r2,-0.36996737400678326
gbm_selectivity,grouped,MLP (descriptors),descriptors,1,2,pearson_r,-0.1020182348627194
gbm_selectivity,grouped,MLP (descriptors),descriptors,1,2,spearman_rho,-0.11391551608435259
gbm_selectivity,grouped,MLP (descriptors),descriptors,1,3,rmse,0.26680489064752166
gbm_selectivity,grouped,MLP (descriptors),descriptors,1,3,mae,0.20509632378588835
gbm_selectivity,grouped,MLP (descriptors),descriptors,1,3,r2,-0.07523558803455654
gbm_selectivity,grouped,MLP (descriptors),descriptors,1,3,pearson_r,0.14975566866491205
gbm_selectivity,grouped,MLP (descriptors),descriptors,1,3,spearman_rho,0.1993631637322484
gbm_selectivity,grouped,MLP (descriptors),descriptors,1,4,rmse,0.2741536366323488
gbm_selectivity,grouped,MLP (descriptors),descriptors,1,4,mae,0.21817522996462582
gbm_selectivity,grouped,MLP (descriptors),descriptors,1,4,r2,-0.07150190474290774
gbm_selectivity,grouped,MLP (descriptors),descriptors,1,4,pearson_r,0.07659344222865834
gbm_selectivity,grouped,MLP (descriptors),descriptors,1,4,spearman_rho,0.06221479592632294
gbm_selectivity,grouped,MLP (descriptors),descriptors,2,0,rmse,0.2849229901666028
gbm_selectivity,grouped,MLP (descriptors),descriptors,2,0,mae,0.229002134612327
gbm_selectivity,grouped,MLP (descriptors),descriptors,2,0,r2,-0.24523589489921727
gbm_selectivity,grouped,MLP (descriptors),descriptors,2,0,pearson_r,-0.061844966922904844
gbm_selectivity,grouped,MLP (descriptors),descriptors,2,0,spearman_rho,-0.04297460902244481
gbm_selectivity,grouped,MLP (descriptors),descriptors,2,1,rmse,0.37407865804924445
gbm_selectivity,grouped,MLP (descriptors),descriptors,2,1,mae,0.26730017795648575
gbm_selectivity,grouped,MLP (descriptors),descriptors,2,1,r2,-0.7035087969192895
gbm_selectivity,grouped,MLP (descriptors),descriptors,2,1,pearson_r,0.2668679427645857
gbm_selectivity,grouped,MLP (descriptors),descriptors,2,1,spearman_rho,0.08210152672475446
gbm_selectivity,grouped,MLP (descriptors),descriptors,2,2,rmse,0.2863870565502249
gbm_selectivity,grouped,MLP (descriptors),descriptors,2,2,mae,0.21736635091417436
gbm_selectivity,grouped,MLP (descriptors),descriptors,2,2,r2,-0.11522962125708092
gbm_selectivity,grouped,MLP (descriptors),descriptors,2,2,pearson_r,0.08843502210274139
gbm_selectivity,grouped,MLP (descriptors),descriptors,2,2,spearman_rho,0.12905148575450717
gbm_selectivity,grouped,MLP (descriptors),descriptors,2,3,rmse,0.2996152974566963
gbm_selectivity,grouped,MLP (descriptors),descriptors,2,3,mae,0.21518593082576298
gbm_selectivity,grouped,MLP (descriptors),descriptors,2,3,r2,-0.0958261277885708
gbm_selectivity,grouped,MLP (descriptors),descriptors,2,3,pearson_r,0.08625665541228429
gbm_selectivity,grouped,MLP (descriptors),descriptors,2,3,spearman_rho,0.05176732536004048
gbm_selectivity,grouped,MLP (descriptors),descriptors,2,4,rmse,0.32695712543482863
gbm_selectivity,grouped,MLP (descriptors),descriptors,2,4,mae,0.26772161893858953
gbm_selectivity,grouped,MLP (descriptors),descriptors,2,4,r2,-0.2761822434130814
gbm_selectivity,grouped,MLP (descriptors),descriptors,2,4,pearson_r,-0.08762139738873057
gbm_selectivity,grouped,MLP (descriptors),descriptors,2,4,spearman_rho,-0.05504735773765855
gbm_selectivity,grouped,MLP (descriptors),descriptors,3,0,rmse,0.3106703486111759
gbm_selectivity,grouped,MLP (descriptors),descriptors,3,0,mae,0.24554964851829736
gbm_selectivity,grouped,MLP (descriptors),descriptors,3,0,r2,-0.3464464400197136
gbm_selectivity,grouped,MLP (descriptors),descriptors,3,0,pearson_r,-0.12750461858465453
gbm_selectivity,grouped,MLP (descriptors),descriptors,3,0,spearman_rho,-0.10689909565837795
gbm_selectivity,grouped,MLP (descriptors),descriptors,3,1,rmse,0.47736653836918186
gbm_selectivity,grouped,MLP (descriptors),descriptors,3,1,mae,0.3083924835243155
gbm_selectivity,grouped,MLP (descriptors),descriptors,3,1,r2,-1.3169354589426572
gbm_selectivity,grouped,MLP (descriptors),descriptors,3,1,pearson_r,0.24228132496254234
gbm_selectivity,grouped,MLP (descriptors),descriptors,3,1,spearman_rho,0.06125876238200544
gbm_selectivity,grouped,MLP (descriptors),descriptors,3,2,rmse,0.2637468510535051
gbm_selectivity,grouped,MLP (descriptors),descriptors,3,2,mae,0.21665123399761002
gbm_selectivity,grouped,MLP (descriptors),descriptors,3,2,r2,-0.13260804449449504
gbm_selectivity,grouped,MLP (descriptors),descriptors,3,2,pearson_r,0.06473244203760603
gbm_selectivity,grouped,MLP (descriptors),descriptors,3,2,spearman_rho,0.0668161189897186
gbm_selectivity,grouped,MLP (descriptors),descriptors,3,3,rmse,0.2978708234783407
gbm_selectivity,grouped,MLP (descriptors),descriptors,3,3,mae,0.2394278521096059
gbm_selectivity,grouped,MLP (descriptors),descriptors,3,3,r2,-0.23455846358118193
gbm_selectivity,grouped,MLP (descriptors),descriptors,3,3,pearson_r,-0.029881425683648342
gbm_selectivity,grouped,MLP (descriptors),descriptors,3,3,spearman_rho,-0.0019540445178164614
gbm_selectivity,grouped,MLP (descriptors),descriptors,3,4,rmse,0.30856633012584656
gbm_selectivity,grouped,MLP (descriptors),descriptors,3,4,mae,0.24394127238278887
gbm_selectivity,grouped,MLP (descriptors),descriptors,3,4,r2,-0.12730350650147004
gbm_selectivity,grouped,MLP (descriptors),descriptors,3,4,pearson_r,0.08182438836366347
gbm_selectivity,grouped,MLP (descriptors),descriptors,3,4,spearman_rho,0.02284615525194007
gbm_selectivity,grouped,MLP (descriptors),descriptors,4,0,rmse,0.2719649977568087
gbm_selectivity,grouped,MLP (descriptors),descriptors,4,0,mae,0.21400048208610709
gbm_selectivity,grouped,MLP (descriptors),descriptors,4,0,r2,-0.1106139837835689
gbm_selectivity,grouped,MLP (descriptors),descriptors,4,0,pearson_r,0.08100142731502777
gbm_selectivity,grouped,MLP (descriptors),descriptors,4,0,spearman_rho,0.12997905542401592
gbm_selectivity,grouped,MLP (descriptors),descriptors,4,1,rmse,0.47301811530022553
gbm_selectivity,grouped,MLP (descriptors),descriptors,4,1,mae,0.3239769749139793
gbm_selectivity,grouped,MLP (descriptors),descriptors,4,1,r2,-1.554395633392689
gbm_selectivity,grouped,MLP (descriptors),descriptors,4,1,pearson_r,0.1974764563093889
gbm_selectivity,grouped,MLP (descriptors),descriptors,4,1,spearman_rho,-0.08010672680915396
gbm_selectivity,grouped,MLP (descriptors),descriptors,4,2,rmse,0.34905695145463844
gbm_selectivity,grouped,MLP (descriptors),descriptors,4,2,mae,0.2672785853947773
gbm_selectivity,grouped,MLP (descriptors),descriptors,4,2,r2,-0.430329735220923
gbm_selectivity,grouped,MLP (descriptors),descriptors,4,2,pearson_r,-0.09855043498402265
gbm_selectivity,grouped,MLP (descriptors),descriptors,4,2,spearman_rho,-0.03362677019531665
gbm_selectivity,grouped,MLP (descriptors),descriptors,4,3,rmse,0.31157674284430087
gbm_selectivity,grouped,MLP (descriptors),descriptors,4,3,mae,0.22483340986825592
gbm_selectivity,grouped,MLP (descriptors),descriptors,4,3,r2,-0.05778694432690412
gbm_selectivity,grouped,MLP (descriptors),descriptors,4,3,pearson_r,0.11778140255815801
gbm_selectivity,grouped,MLP (descriptors),descriptors,4,3,spearman_rho,0.17556026911366548
gbm_selectivity,grouped,MLP (descriptors),descriptors,4,4,rmse,0.2517448625654069
gbm_selectivity,grouped,MLP (descriptors),descriptors,4,4,mae,0.20958253822903267
gbm_selectivity,grouped,MLP (descriptors),descriptors,4,4,r2,-0.15007688921734252
gbm_selectivity,grouped,MLP (descriptors),descriptors,4,4,pearson_r,0.16737351578346416
gbm_selectivity,grouped,MLP (descriptors),descriptors,4,4,spearman_rho,0.1394256324085518
gbm_selectivity,grouped,Linear (pathway one-hot),pathway,0,0,rmse,0.33222096277535557
gbm_selectivity,grouped,Linear (pathway one-hot),pathway,0,0,mae,0.2572372763544502
gbm_selectivity,grouped,Linear (pathway one-hot),pathway,0,0,r2,0.03716760220112825
gbm_selectivity,grouped,Linear (pathway one-hot),pathway,0,0,pearson_r,0.21692207953151732
gbm_selectivity,grouped,Linear (pathway one-hot),pathway,0,0,spearman_rho,0.2367307606967897
gbm_selectivity,grouped,Linear (pathway one-hot),pathway,0,1,rmse,0.26062602957790426
gbm_selectivity,grouped,Linear (pathway one-hot),pathway,0,1,mae,0.20420309749126014
gbm_selectivity,grouped,Linear (pathway one-hot),pathway,0,1,r2,0.07465946237514876
gbm_selectivity,grouped,Linear (pathway one-hot),pathway,0,1,pearson_r,0.28534199112592373
gbm_selectivity,grouped,Linear (pathway one-hot),pathway,0,1,spearman_rho,0.23807627991654637
gbm_selectivity,grouped,Linear (pathway one-hot),pathway,0,2,rmse,0.2135312069877831
gbm_selectivity,grouped,Linear (pathway one-hot),pathway,0,2,mae,0.17320943615628168
gbm_selectivity,grouped,Linear (pathway one-hot),pathway,0,2,r2,0.02993073531766699
gbm_selectivity,grouped,Linear (pathway one-hot),pathway,0,2,pearson_r,0.245354559468638
gbm_selectivity,grouped,Linear (pathway one-hot),pathway,0,2,spearman_rho,0.2534146705744498
gbm_selectivity,grouped,Linear (pathway one-hot),pathway,0,3,rmse,0.25968168182607093
gbm_selectivity,grouped,Linear (pathway one-hot),pathway,0,3,mae,0.2022670653093726
gbm_selectivity,grouped,Linear (pathway one-hot),pathway,0,3,r2,0.09535540823388966
gbm_selectivity,grouped,Linear (pathway one-hot),pathway,0,3,pearson_r,0.340099962786017
gbm_selectivity,grouped,Linear (pathway one-hot),pathway,0,3,spearman_rho,0.3375106515670139
gbm_selectivity,grouped,Linear (pathway one-hot),pathway,0,4,rmse,0.27544172378681503
gbm_selectivity,grouped,Linear (pathway one-hot),pathway,0,4,mae,0.2156780817159342
gbm_selectivity,grouped,Linear (pathway one-hot),pathway,0,4,r2,-0.007063570132701091
gbm_selectivity,grouped,Linear (pathway one-hot),pathway,0,4,pearson_r,0.2158896000357488
gbm_selectivity,grouped,Linear (pathway one-hot),pathway,0,4,spearman_rho,0.15487707834156172
gbm_selectivity,grouped,Linear (pathway one-hot),pathway,1,0,rmse,0.30473753604727605
gbm_selectivity,grouped,Linear (pathway one-hot),pathway,1,0,mae,0.22398341964188456
gbm_selectivity,grouped,Linear (pathway one-hot),pathway,1,0,r2,0.07845900965566321
gbm_selectivity,grouped,Linear (pathway one-hot),pathway,1,0,pearson_r,0.3038227834811525
gbm_selectivity,grouped,Linear (pathway one-hot),pathway,1,0,spearman_rho,0.26701210713279866
gbm_selectivity,grouped,Linear (pathway one-hot),pathway,1,1,rmse,0.27971831356732296
gbm_selectivity,grouped,Linear (pathway one-hot),pathway,1,1,mae,0.2116744237571793
gbm_selectivity,grouped,Linear (pathway one-hot),pathway,1,1,r2,-0.01239486258571909
gbm_selectivity,grouped,Linear (pathway one-hot),pathway,1,1,pearson_r,0.2359313578889161
gbm_selectivity,grouped,Linear (pathway one-hot),pathway,1,1,spearman_rho,0.28704297627199693
gbm_selectivity,grouped,Linear (pathway one-hot),pathway,1,2,rmse,0.25552138567142485
gbm_selectivity,grouped,Linear (pathway one-hot),pathway,1,2,mae,0.20488818081711027
gbm_selectivity,grouped,Linear (pathway one-hot),pathway,1,2,r2,0.07719998843835241
gbm_selectivity,grouped,Linear (pathway one-hot),pathway,1,2,pearson_r,0.29748581850207484
gbm_selectivity,grouped,Linear (pathway one-hot),pathway,1,2,spearman_rho,0.2696491868274638
gbm_selectivity,grouped,Linear (pathway one-hot),pathway,1,3,rmse,0.2664655741283904
gbm_selectivity,grouped,Linear (pathway one-hot),pathway,1,3,mae,0.20349828856004418
gbm_selectivity,grouped,Linear (pathway one-hot),pathway,1,3,r2,-0.07250240578220568
gbm_selectivity,grouped,Linear (pathway one-hot),pathway,1,3,pearson_r,0.05530937979740344
gbm_selectivity,grouped,Linear (pathway one-hot),pathway,1,3,spearman_rho,0.09338371042215424
gbm_selectivity,grouped,Linear (pathway one-hot),pathway,1,4,rmse,0.2609855682062805
gbm_selectivity,grouped,Linear (pathway one-hot),pathway,1,4,mae,0.2114600986496263
gbm_selectivity,grouped,Linear (pathway one-hot),pathway,1,4,r2,0.02895823286651711
gbm_selectivity,grouped,Linear (pathway one-hot),pathway,1,4,pearson_r,0.2557248035626397
gbm_selectivity,grouped,Linear (pathway one-hot),pathway,1,4,spearman_rho,0.2609750133774343
gbm_selectivity,grouped,Linear (pathway one-hot),pathway,2,0,rmse,0.2827566849268
gbm_selectivity,grouped,Linear (pathway one-hot),pathway,2,0,mae,0.22892249901500103
gbm_selectivity,grouped,Linear (pathway one-hot),pathway,2,0,r2,-0.22637250942922083
gbm_selectivity,grouped,Linear (pathway one-hot),pathway,2,0,pearson_r,0.04063288953781425
gbm_selectivity,grouped,Linear (pathway one-hot),pathway,2,0,spearman_rho,0.002910807531003927
gbm_selectivity,grouped,Linear (pathway one-hot),pathway,2,1,rmse,0.2835266113391454
gbm_selectivity,grouped,Linear (pathway one-hot),pathway,2,1,mae,0.22050545803284805
gbm_selectivity,grouped,Linear (pathway one-hot),pathway,2,1,r2,0.021397835121704012
gbm_selectivity,grouped,Linear (pathway one-hot),pathway,2,1,pearson_r,0.19077783866703696
gbm_selectivity,grouped,Linear (pathway one-hot),pathway,2,1,spearman_rho,0.17178187349867066
gbm_selectivity,grouped,Linear (pathway one-hot),pathway,2,2,rmse,0.2698954017698914
gbm_selectivity,grouped,Linear (pathway one-hot),pathway,2,2,mae,0.21785879715579226
gbm_selectivity,grouped,Linear (pathway one-hot),pathway,2,2,r2,0.00951364883443695
gbm_selectivity,grouped,Linear (pathway one-hot),pathway,2,2,pearson_r,0.22725407349700277
gbm_selectivity,grouped,Linear (pathway one-hot),pathway,2,2,spearman_rho,0.21198448143671692
gbm_selectivity,grouped,Linear (pathway one-hot),pathway,2,3,rmse,0.26672660443060975
gbm_selectivity,grouped,Linear (pathway one-hot),pathway,2,3,mae,0.18348664591492614
gbm_selectivity,grouped,Linear (pathway one-hot),pathway,2,3,r2,0.13154692591757156
gbm_selectivity,grouped,Linear (pathway one-hot),pathway,2,3,pearson_r,0.38158844592407326
gbm_selectivity,grouped,Linear (pathway one-hot),pathway,2,3,spearman_rho,0.35304477683247754
gbm_selectivity,grouped,Linear (pathway one-hot),pathway,2,4,rmse,0.29688242474711346
gbm_selectivity,grouped,Linear (pathway one-hot),pathway,2,4,mae,0.24393422032062267
gbm_selectivity,grouped,Linear (pathway one-hot),pathway,2,4,r2,-0.052204273894526976
gbm_selectivity,grouped,Linear (pathway one-hot),pathway,2,4,pearson_r,0.11111920012187208
gbm_selectivity,grouped,Linear (pathway one-hot),pathway,2,4,spearman_rho,0.10598730176558221
gbm_selectivity,grouped,Linear (pathway one-hot),pathway,3,0,rmse,0.26974518180075224
gbm_selectivity,grouped,Linear (pathway one-hot),pathway,3,0,mae,0.21453911755482644
gbm_selectivity,grouped,Linear (pathway one-hot),pathway,3,0,r2,-0.015072039049647712
gbm_selectivity,grouped,Linear (pathway one-hot),pathway,3,0,pearson_r,0.2329607956395045
gbm_selectivity,grouped,Linear (pathway one-hot),pathway,3,0,spearman_rho,0.23764814913906238
gbm_selectivity,grouped,Linear (pathway one-hot),pathway,3,1,rmse,0.3147733903293991
gbm_selectivity,grouped,Linear (pathway one-hot),pathway,3,1,mae,0.2262033645411606
gbm_selectivity,grouped,Linear (pathway one-hot),pathway,3,1,r2,-0.007409432827638174
gbm_selectivity,grouped,Linear (pathway one-hot),pathway,3,1,pearson_r,0.1562250024502495
gbm_selectivity,grouped,Linear (pathway one-hot),pathway,3,1,spearman_rho,0.2260809267422565
gbm_selectivity,grouped,Linear (pathway one-hot),pathway,3,2,rmse,0.2522073886430428
gbm_selectivity,grouped,Linear (pathway one-hot),pathway,3,2,mae,0.2042502318391556
gbm_selectivity,grouped,Linear (pathway one-hot),pathway,3,2,r2,-0.03566830733250348
gbm_selectivity,grouped,Linear (pathway one-hot),pathway,3,2,pearson_r,0.21381041627331301
gbm_selectivity,grouped,Linear (pathway one-hot),pathway,3,2,spearman_rho,0.17829286614507833
gbm_selectivity,grouped,Linear (pathway one-hot),pathway,3,3,rmse,0.2762076101451862
gbm_selectivity,grouped,Linear (pathway one-hot),pathway,3,3,mae,0.22231913477635276
gbm_selectivity,grouped,Linear (pathway one-hot),pathway,3,3,r2,-0.061517136286353136
gbm_selectivity,grouped,Linear (pathway one-hot),pathway,3,3,pearson_r,0.07890167775601573
gbm_selectivity,grouped,Linear (pathway one-hot),pathway,3,3,spearman_rho,0.02110452990800911
gbm_selectivity,grouped,Linear (pathway one-hot),pathway,3,4,rmse,0.27482108268468725
gbm_selectivity,grouped,Linear (pathway one-hot),pathway,3,4,mae,0.21231191165672988
gbm_selectivity,grouped,Linear (pathway one-hot),pathway,3,4,r2,0.10578102817971635
gbm_selectivity,grouped,Linear (pathway one-hot),pathway,3,4,pearson_r,0.3303523631216298
gbm_selectivity,grouped,Linear (pathway one-hot),pathway,3,4,spearman_rho,0.3297341855401367
gbm_selectivity,grouped,Linear (pathway one-hot),pathway,4,0,rmse,0.24250581696554643
gbm_selectivity,grouped,Linear (pathway one-hot),pathway,4,0,mae,0.18667821517898894
gbm_selectivity,grouped,Linear (pathway one-hot),pathway,4,0,r2,0.11695785527700786
gbm_selectivity,grouped,Linear (pathway one-hot),pathway,4,0,pearson_r,0.3432790694124929
gbm_selectivity,grouped,Linear (pathway one-hot),pathway,4,0,spearman_rho,0.3271069725953806
gbm_selectivity,grouped,Linear (pathway one-hot),pathway,4,1,rmse,0.28343534820382155
gbm_selectivity,grouped,Linear (pathway one-hot),pathway,4,1,mae,0.21713966603813945
gbm_selectivity,grouped,Linear (pathway one-hot),pathway,4,1,r2,0.08284943117764554
gbm_selectivity,grouped,Linear (pathway one-hot),pathway,4,1,pearson_r,0.2923969536455707
gbm_selectivity,grouped,Linear (pathway one-hot),pathway,4,1,spearman_rho,0.2891096197680535
gbm_selectivity,grouped,Linear (pathway one-hot),pathway,4,2,rmse,0.29965799976438245
gbm_selectivity,grouped,Linear (pathway one-hot),pathway,4,2,mae,0.2360589171795876
gbm_selectivity,grouped,Linear (pathway one-hot),pathway,4,2,r2,-0.054132824645562794
gbm_selectivity,grouped,Linear (pathway one-hot),pathway,4,2,pearson_r,0.24425371046990657
gbm_selectivity,grouped,Linear (pathway one-hot),pathway,4,2,spearman_rho,0.18143006104328713
gbm_selectivity,grouped,Linear (pathway one-hot),pathway,4,3,rmse,0.29881752020339514
gbm_selectivity,grouped,Linear (pathway one-hot),pathway,4,3,mae,0.22760834423463622
gbm_selectivity,grouped,Linear (pathway one-hot),pathway,4,3,r2,0.027073010318169888
gbm_selectivity,grouped,Linear (pathway one-hot),pathway,4,3,pearson_r,0.21495202481887443
gbm_selectivity,grouped,Linear (pathway one-hot),pathway,4,3,spearman_rho,0.15297767021112318
gbm_selectivity,grouped,Linear (pathway one-hot),pathway,4,4,rmse,0.23943869511572485
gbm_selectivity,grouped,Linear (pathway one-hot),pathway,4,4,mae,0.19256481855775545
gbm_selectivity,grouped,Linear (pathway one-hot),pathway,4,4,r2,-0.040385563850596995
gbm_selectivity,grouped,Linear (pathway one-hot),pathway,4,4,pearson_r,0.18245800703337794
gbm_selectivity,grouped,Linear (pathway one-hot),pathway,4,4,spearman_rho,0.10131238131015124
gbm_selectivity,grouped,Random Forest (pathway one-hot),pathway,0,0,rmse,0.33205785752845723
gbm_selectivity,grouped,Random Forest (pathway one-hot),pathway,0,0,mae,0.25733230424849873
gbm_selectivity,grouped,Random Forest (pathway one-hot),pathway,0,0,r2,0.03811278316861488
gbm_selectivity,grouped,Random Forest (pathway one-hot),pathway,0,0,pearson_r,0.2175052059751396
gbm_selectivity,grouped,Random Forest (pathway one-hot),pathway,0,0,spearman_rho,0.2348152280451233
gbm_selectivity,grouped,Random Forest (pathway one-hot),pathway,0,1,rmse,0.2608321154941929
gbm_selectivity,grouped,Random Forest (pathway one-hot),pathway,0,1,mae,0.2059577195120509
gbm_selectivity,grouped,Random Forest (pathway one-hot),pathway,0,1,r2,0.07319548696752387
gbm_selectivity,grouped,Random Forest (pathway one-hot),pathway,0,1,pearson_r,0.287634717686732
gbm_selectivity,grouped,Random Forest (pathway one-hot),pathway,0,1,spearman_rho,0.23807627991654637
gbm_selectivity,grouped,Random Forest (pathway one-hot),pathway,0,2,rmse,0.21711605634175551
gbm_selectivity,grouped,Random Forest (pathway one-hot),pathway,0,2,mae,0.17493889737290186
gbm_selectivity,grouped,Random Forest (pathway one-hot),pathway,0,2,r2,-0.0029145195877500196
gbm_selectivity,grouped,Random Forest (pathway one-hot),pathway,0,2,pearson_r,0.24756711362668687
gbm_selectivity,grouped,Random Forest (pathway one-hot),pathway,0,2,spearman_rho,0.24807128419097507
gbm_selectivity,grouped,Random Forest (pathway one-hot),pathway,0,3,rmse,0.2595197144500119
gbm_selectivity,grouped,Random Forest (pathway one-hot),pathway,0,3,mae,0.20205940507021097
gbm_selectivity,grouped,Random Forest (pathway one-hot),pathway,0,3,r2,0.09648353722235892
gbm_selectivity,grouped,Random Forest (pathway one-hot),pathway,0,3,pearson_r,0.33824783789472634
gbm_selectivity,grouped,Random Forest (pathway one-hot),pathway,0,3,spearman_rho,0.3313151128703187
gbm_selectivity,grouped,Random Forest (pathway one-hot),pathway,0,4,rmse,0.2757396328956562
gbm_selectivity,grouped,Random Forest (pathway one-hot),pathway,0,4,mae,0.2160223797620447
gbm_selectivity,grouped,Random Forest (pathway one-hot),pathway,0,4,r2,-0.009243164778960145
gbm_selectivity,grouped,Random Forest (pathway one-hot),pathway,0,4,pearson_r,0.2137000828681567
gbm_selectivity,grouped,Random Forest (pathway one-hot),pathway,0,4,spearman_rho,0.15382220108817962
gbm_selectivity,grouped,Random Forest (pathway one-hot),pathway,1,0,rmse,0.30342453390702945
gbm_selectivity,grouped,Random Forest (pathway one-hot),pathway,1,0,mae,0.2245660516300028
gbm_selectivity,grouped,Random Forest (pathway one-hot),pathway,1,0,r2,0.08638306533422568
gbm_selectivity,grouped,Random Forest (pathway one-hot),pathway,1,0,pearson_r,0.3063183013108507
gbm_selectivity,grouped,Random Forest (pathway one-hot),pathway,1,0,spearman_rho,0.2669266605242247
gbm_selectivity,grouped,Random Forest (pathway one-hot),pathway,1,1,rmse,0.27942185114037493
gbm_selectivity,grouped,Random Forest (pathway one-hot),pathway,1,1,mae,0.2117316941504789
gbm_selectivity,grouped,Random Forest (pathway one-hot),pathway,1,1,r2,-0.010250004907637722
gbm_selectivity,grouped,Random Forest (pathway one-hot),pathway,1,1,pearson_r,0.23652687624079352
gbm_selectivity,grouped,Random Forest (pathway one-hot),pathway,1,1,spearman_rho,0.2932540193314827
gbm_selectivity,grouped,Random Forest (pathway one-hot),pathway,1,2,rmse,0.2552838887166108
gbm_selectivity,grouped,Random Forest (pathway one-hot),pathway,1,2,mae,0.20447063094873202
gbm_selectivity,grouped,Random Forest (pathway one-hot),pathway,1,2,r2,0.0789146029768294
gbm_selectivity,grouped,Random Forest (pathway one-hot),pathway,1,2,pearson_r,0.29752094773413496
gbm_selectivity,grouped,Random Forest (pathway one-hot),pathway,1,2,spearman_rho,0.2696491868274638
gbm_selectivity,grouped,Random Forest (pathway one-hot),pathway,1,3,rmse,0.274082677833026
gbm_selectivity,grouped,Random Forest (pathway one-hot),pathway,1,3,mae,0.21021997313815807
gbm_selectivity,grouped,Random Forest (pathway one-hot),pathway,1,3,r2,-0.13469524643331465
gbm_selectivity,grouped,Random Forest (pathway one-hot),pathway,1,3,pearson_r,0.054667587232371494
gbm_selectivity,grouped,Random Forest (pathway one-hot),pathway,1,3,spearman_rho,0.08980376421559813
gbm_selectivity,grouped,Random Forest (pathway one-hot),pathway,1,4,rmse,0.2639867336605501
gbm_selectivity,grouped,Random Forest (pathway one-hot),pathway,1,4,mae,0.21081343129881974
gbm_selectivity,grouped,Random Forest (pathway one-hot),pathway,1,4,r2,0.006497120837285708
gbm_selectivity,grouped,Random Forest (pathway one-hot),pathway,1,4,pearson_r,0.25712626792064674
gbm_selectivity,grouped,Random Forest (pathway one-hot),pathway,1,4,spearman_rho,0.2584859906454627
gbm_selectivity,grouped,Random Forest (pathway one-hot),pathway,2,0,rmse,0.2830433393015788
gbm_selectivity,grouped,Random Forest (pathway one-hot),pathway,2,0,mae,0.22928385905941936
gbm_selectivity,grouped,Random Forest (pathway one-hot),pathway,2,0,r2,-0.22886032499054054
gbm_selectivity,grouped,Random Forest (pathway one-hot),pathway,2,0,pearson_r,0.04117913854278494
gbm_selectivity,grouped,Random Forest (pathway one-hot),pathway,2,0,spearman_rho,-0.0010878775620923769
gbm_selectivity,grouped,Random Forest (pathway one-hot),pathway,2,1,rmse,0.28703753879739485
gbm_selectivity,grouped,Random Forest (pathway one-hot),pathway,2,1,mae,0.22285721522319815
gbm_selectivity,grouped,Random Forest (pathway one-hot),pathway,2,1,r2,-0.00298840547740431
gbm_selectivity,grouped,Random Forest (pathway one-hot),pathway,2,1,pearson_r,0.19275181684630255
gbm_selectivity,grouped,Random Forest (pathway one-hot),pathway,2,1,spearman_rho,0.17178187349867066
gbm_selectivity,grouped,Random Forest (pathway one-hot),pathway,2,2,rmse,0.26982342665589093
gbm_selectivity,grouped,Random Forest (pathway one-hot),pathway,2,2,mae,0.21733845412397934
gbm_selectivity,grouped,Random Forest (pathway one-hot),pathway,2,2,r2,0.010041859850957624
gbm_selectivity,grouped,Random Forest (pathway one-hot),pathway,2,2,pearson_r,0.22838755467526528
gbm_selectivity,grouped,Random Forest (pathway one-hot),pathway,2,2,spearman_rho,0.1989235938251851
gbm_selectivity,grouped,Random Forest (pathway one-hot),pathway,2,3,rmse,0.2651882033281941
gbm_selectivity,grouped,Random Forest (pathway one-hot),pathway,2,3,mae,0.18164474063360064
gbm_selectivity,grouped,Random Forest (pathway one-hot),pathway,2,3,r2,0.14153600260920574
gbm_selectivity,grouped,Random Forest (pathway one-hot),pathway,2,3,pearson_r,0.38029144283383565
gbm_selectivity,grouped,Random Forest (pathway one-hot),pathway,2,3,spearman_rho,0.35319626568758694
gbm_selectivity,grouped,Random Forest (pathway one-hot),pathway,2,4,rmse,0.29562539577648606
gbm_selectivity,grouped,Random Forest (pathway one-hot),pathway,2,4,mae,0.24111909542806154
gbm_selectivity,grouped,Random Forest (pathway one-hot),pathway,2,4,r2,-0.04331286754333408
gbm_selectivity,grouped,Random Forest (pathway one-hot),pathway,2,4,pearson_r,0.11967547091182944
gbm_selectivity,grouped,Random Forest (pathway one-hot),pathway,2,4,spearman_rho,0.13253247443480706
gbm_selectivity,grouped,Random Forest (pathway one-hot),pathway,3,0,rmse,0.27000999674209614
gbm_selectivity,grouped,Random Forest (pathway one-hot),pathway,3,0,mae,0.21488065650648563
gbm_selectivity,grouped,Random Forest (pathway one-hot),pathway,3,0,r2,-0.017066055678727654
gbm_selectivity,grouped,Random Forest (pathway one-hot),pathway,3,0,pearson_r,0.23460896108924212
gbm_selectivity,grouped,Random Forest (pathway one-hot),pathway,3,0,spearman_rho,0.2343965857550043
gbm_selectivity,grouped,Random Forest (pathway one-hot),pathway,3,1,rmse,0.31435479486449347
gbm_selectivity,grouped,Random Forest (pathway one-hot),pathway,3,1,mae,0.22653046731604387
gbm_selectivity,grouped,Random Forest (pathway one-hot),pathway,3,1,r2,-0.004731845458999073
gbm_selectivity,grouped,Random Forest (pathway one-hot),pathway,3,1,pearson_r,0.15708135146913949
gbm_selectivity,grouped,Random Forest (pathway one-hot),pathway,3,1,spearman_rho,0.22685741411368537
gbm_selectivity,grouped,Random Forest (pathway one-hot),pathway,3,2,rmse,0.2500014996428108
gbm_selectivity,grouped,Random Forest (pathway one-hot),pathway,3,2,mae,0.20225951389734298
gbm_selectivity,grouped,Random Forest (pathway one-hot),pathway,3,2,r2,-0.01763094101366791
gbm_selectivity,grouped,Random Forest (pathway one-hot),pathway,3,2,pearson_r,0.220426923559966
gbm_selectivity,grouped,Random Forest (pathway one-hot),pathway,3,2,spearman_rho,0.18256478118562575
gbm_selectivity,grouped,Random Forest (pathway one-hot),pathway,3,3,rmse,0.27824452737283245
gbm_selectivity,grouped,Random Forest (pathway one-hot),pathway,3,3,mae,0.22232210912358263
gbm_selectivity,grouped,Random Forest (pathway one-hot),pathway,3,3,r2,-0.07723136871477676
gbm_selectivity,grouped,Random Forest (pathway one-hot),pathway,3,3,pearson_r,0.06568236311479203
gbm_selectivity,grouped,Random Forest (pathway one-hot),pathway,3,3,spearman_rho,0.048249076793057864
gbm_selectivity,grouped,Random Forest (pathway one-hot),pathway,3,4,rmse,0.2741803529428917
gbm_selectivity,grouped,Random Forest (pathway one-hot),pathway,3,4,mae,0.21148647949124616
gbm_selectivity,grouped,Random Forest (pathway one-hot),pathway,3,4,r2,0.10994580900371753
gbm_selectivity,grouped,Random Forest (pathway one-hot),pathway,3,4,pearson_r,0.33610601435340726
gbm_selectivity,grouped,Random Forest (pathway one-hot),pathway,3,4,spearman_rho,0.3281947418104028
gbm_selectivity,grouped,Random Forest (pathway one-hot),pathway,4,0,rmse,0.24246306598353431
gbm_selectivity,grouped,Random Forest (pathway one-hot),pathway,4,0,mae,0.18562225435572868
gbm_selectivity,grouped,Random Forest (pathway one-hot),pathway,4,0,r2,0.11726916815016897
gbm_selectivity,grouped,Random Forest (pathway one-hot),pathway,4,0,pearson_r,0.34756673131632043
gbm_selectivity,grouped,Random Forest (pathway one-hot),pathway,4,0,spearman_rho,0.32610334462574087
gbm_selectivity,grouped,Random Forest (pathway one-hot),pathway,4,1,rmse,0.284107285886498
gbm_selectivity,grouped,Random Forest (pathway one-hot),pathway,4,1,mae,0.21771984518921367
gbm_selectivity,grouped,Random Forest (pathway one-hot),pathway,4,1,r2,0.07849571508413922
gbm_selectivity,grouped,Random Forest (pathway one-hot),pathway,4,1,pearson_r,0.28574257108921064
gbm_selectivity,grouped,Random Forest (pathway one-hot),pathway,4,1,spearman_rho,0.27663870930454487
gbm_selectivity,grouped,Random Forest (pathway one-hot),pathway,4,2,rmse,0.29904450089026247
gbm_selectivity,grouped,Random Forest (pathway one-hot),pathway,4,2,mae,0.2355390356838876
gbm_selectivity,grouped,Random Forest (pathway one-hot),pathway,4,2,r2,-0.04982092716338005
gbm_selectivity,grouped,Random Forest (pathway one-hot),pathway,4,2,pearson_r,0.24594992273568517
gbm_selectivity,grouped,Random Forest (pathway one-hot),pathway,4,2,spearman_rho,0.181850186027329
gbm_selectivity,grouped,Random Forest (pathway one-hot),pathway,4,3,rmse,0.29721902244522014
gbm_selectivity,grouped,Random Forest (pathway one-hot),pathway,4,3,mae,0.2256189182447647
gbm_selectivity,grouped,Random Forest (pathway one-hot),pathway,4,3,r2,0.03745434171363271
gbm_selectivity,grouped,Random Forest (pathway one-hot),pathway,4,3,pearson_r,0.23027470275095555
gbm_selectivity,grouped,Random Forest (pathway one-hot),pathway,4,3,spearman_rho,0.15391418509397012
gbm_selectivity,grouped,Random Forest (pathway one-hot),pathway,4,4,rmse,0.23876580577393736
gbm_selectivity,grouped,Random Forest (pathway one-hot),pathway,4,4,mae,0.19211937852451114
gbm_selectivity,grouped,Random Forest (pathway one-hot),pathway,4,4,r2,-0.03454623475526675
gbm_selectivity,grouped,Random Forest (pathway one-hot),pathway,4,4,pearson_r,0.18751113764194863
gbm_selectivity,grouped,Random Forest (pathway one-hot),pathway,4,4,spearman_rho,0.10324349612244346
gbm_selectivity,grouped,Random Forest (descriptors + pathway),descriptors_pathway,0,0,rmse,0.3322672826828374
gbm_selectivity,grouped,Random Forest (descriptors + pathway),descriptors_pathway,0,0,mae,0.2653760559130533
gbm_selectivity,grouped,Random Forest (descriptors + pathway),descriptors_pathway,0,0,r2,0.036899097671652226
gbm_selectivity,grouped,Random Forest (descriptors + pathway),descriptors_pathway,0,0,pearson_r,0.19349504180120342
gbm_selectivity,grouped,Random Forest (descriptors + pathway),descriptors_pathway,0,0,spearman_rho,0.22943870345005937
gbm_selectivity,grouped,Random Forest (descriptors + pathway),descriptors_pathway,0,1,rmse,0.2561017287081039
gbm_selectivity,grouped,Random Forest (descriptors + pathway),descriptors_pathway,0,1,mae,0.2025603823862591
gbm_selectivity,grouped,Random Forest (descriptors + pathway),descriptors_pathway,0,1,r2,0.10650725104278358
gbm_selectivity,grouped,Random Forest (descriptors + pathway),descriptors_pathway,0,1,pearson_r,0.3319373755918069
gbm_selectivity,grouped,Random Forest (descriptors + pathway),descriptors_pathway,0,1,spearman_rho,0.27553446422721817
gbm_selectivity,grouped,Random Forest (descriptors + pathway),descriptors_pathway,0,2,rmse,0.22916032077289317
gbm_selectivity,grouped,Random Forest (descriptors + pathway),descriptors_pathway,0,2,mae,0.18199930837987985
gbm_selectivity,grouped,Random Forest (descriptors + pathway),descriptors_pathway,0,2,r2,-0.11727190452663083
gbm_selectivity,grouped,Random Forest (descriptors + pathway),descriptors_pathway,0,2,pearson_r,0.07029473439956796
gbm_selectivity,grouped,Random Forest (descriptors + pathway),descriptors_pathway,0,2,spearman_rho,0.08083467062303953
gbm_selectivity,grouped,Random Forest (descriptors + pathway),descriptors_pathway,0,3,rmse,0.25139428329464536
gbm_selectivity,grouped,Random Forest (descriptors + pathway),descriptors_pathway,0,3,mae,0.1958474066160694
gbm_selectivity,grouped,Random Forest (descriptors + pathway),descriptors_pathway,0,3,r2,0.1521751220921851
gbm_selectivity,grouped,Random Forest (descriptors + pathway),descriptors_pathway,0,3,pearson_r,0.4547025280374679
gbm_selectivity,grouped,Random Forest (descriptors + pathway),descriptors_pathway,0,3,spearman_rho,0.4111506514574745
gbm_selectivity,grouped,Random Forest (descriptors + pathway),descriptors_pathway,0,4,rmse,0.28326436101810026
gbm_selectivity,grouped,Random Forest (descriptors + pathway),descriptors_pathway,0,4,mae,0.22599928003458525
gbm_selectivity,grouped,Random Forest (descriptors + pathway),descriptors_pathway,0,4,r2,-0.06507773202524758
gbm_selectivity,grouped,Random Forest (descriptors + pathway),descriptors_pathway,0,4,pearson_r,0.1274218892165425
gbm_selectivity,grouped,Random Forest (descriptors + pathway),descriptors_pathway,0,4,spearman_rho,0.04162293774400739
gbm_selectivity,grouped,Random Forest (descriptors + pathway),descriptors_pathway,1,0,rmse,0.31724064944105723
gbm_selectivity,grouped,Random Forest (descriptors + pathway),descriptors_pathway,1,0,mae,0.22801293970756176
gbm_selectivity,grouped,Random Forest (descriptors + pathway),descriptors_pathway,1,0,r2,0.001287663332825928
gbm_selectivity,grouped,Random Forest (descriptors + pathway),descriptors_pathway,1,0,pearson_r,0.1388710741912778
gbm_selectivity,grouped,Random Forest (descriptors + pathway),descriptors_pathway,1,0,spearman_rho,0.1229437377382715
gbm_selectivity,grouped,Random Forest (descriptors + pathway),descriptors_pathway,1,1,rmse,0.2602902660146931
gbm_selectivity,grouped,Random Forest (descriptors + pathway),descriptors_pathway,1,1,mae,0.21272511421382556
gbm_selectivity,grouped,Random Forest (descriptors + pathway),descriptors_pathway,1,1,r2,0.12335454654814082
gbm_selectivity,grouped,Random Forest (descriptors + pathway),descriptors_pathway,1,1,pearson_r,0.35214246211026873
gbm_selectivity,grouped,Random Forest (descriptors + pathway),descriptors_pathway,1,1,spearman_rho,0.3328867671903156
gbm_selectivity,grouped,Random Forest (descriptors + pathway),descriptors_pathway,1,2,rmse,0.26251051674168063
gbm_selectivity,grouped,Random Forest (descriptors + pathway),descriptors_pathway,1,2,mae,0.21174015086745973
gbm_selectivity,grouped,Random Forest (descriptors + pathway),descriptors_pathway,1,2,r2,0.02602794326776392
gbm_selectivity,grouped,Random Forest (descriptors + pathway),descriptors_pathway,1,2,pearson_r,0.18429917261789908
gbm_selectivity,grouped,Random Forest (descriptors + pathway),descriptors_pathway,1,2,spearman_rho,0.12106821446947406
gbm_selectivity,grouped,Random Forest (descriptors + pathway),descriptors_pathway,1,3,rmse,0.2617919416595234
gbm_selectivity,grouped,Random Forest (descriptors + pathway),descriptors_pathway,1,3,mae,0.2011731097619905
gbm_selectivity,grouped,Random Forest (descriptors + pathway),descriptors_pathway,1,3,r2,-0.035210352211105356
gbm_selectivity,grouped,Random Forest (descriptors + pathway),descriptors_pathway,1,3,pearson_r,0.11226548077728493
gbm_selectivity,grouped,Random Forest (descriptors + pathway),descriptors_pathway,1,3,spearman_rho,0.07429381391110661
gbm_selectivity,grouped,Random Forest (descriptors + pathway),descriptors_pathway,1,4,rmse,0.25687433368061907
gbm_selectivity,grouped,Random Forest (descriptors + pathway),descriptors_pathway,1,4,mae,0.21465270433028788
gbm_selectivity,grouped,Random Forest (descriptors + pathway),descriptors_pathway,1,4,r2,0.05931038299433722
gbm_selectivity,grouped,Random Forest (descriptors + pathway),descriptors_pathway,1,4,pearson_r,0.2928048893974673
gbm_selectivity,grouped,Random Forest (descriptors + pathway),descriptors_pathway,1,4,spearman_rho,0.20802329501564973
gbm_selectivity,grouped,Random Forest (descriptors + pathway),descriptors_pathway,2,0,rmse,0.25953513068920364
gbm_selectivity,grouped,Random Forest (descriptors + pathway),descriptors_pathway,2,0,mae,0.21520941194914373
gbm_selectivity,grouped,Random Forest (descriptors + pathway),descriptors_pathway,2,0,r2,-0.03321082753783511
gbm_selectivity,grouped,Random Forest (descriptors + pathway),descriptors_pathway,2,0,pearson_r,0.1750927699183241
gbm_selectivity,grouped,Random Forest (descriptors + pathway),descriptors_pathway,2,0,spearman_rho,0.0742039974798649
gbm_selectivity,grouped,Random Forest (descriptors + pathway),descriptors_pathway,2,1,rmse,0.279352523446696
gbm_selectivity,grouped,Random Forest (descriptors + pathway),descriptors_pathway,2,1,mae,0.2215175914876279
gbm_selectivity,grouped,Random Forest (descriptors + pathway),descriptors_pathway,2,1,r2,0.04999975972035586
gbm_selectivity,grouped,Random Forest (descriptors + pathway),descriptors_pathway,2,1,pearson_r,0.25059241343970706
gbm_selectivity,grouped,Random Forest (descriptors + pathway),descriptors_pathway,2,1,spearman_rho,0.23185815103281
gbm_selectivity,grouped,Random Forest (descriptors + pathway),descriptors_pathway,2,2,rmse,0.2761024060991728
gbm_selectivity,grouped,Random Forest (descriptors + pathway),descriptors_pathway,2,2,mae,0.21681170399725264
gbm_selectivity,grouped,Random Forest (descriptors + pathway),descriptors_pathway,2,2,r2,-0.03656826119810752
gbm_selectivity,grouped,Random Forest (descriptors + pathway),descriptors_pathway,2,2,pearson_r,0.11382213135426547
gbm_selectivity,grouped,Random Forest (descriptors + pathway),descriptors_pathway,2,2,spearman_rho,0.10223863825618296
gbm_selectivity,grouped,Random Forest (descriptors + pathway),descriptors_pathway,2,3,rmse,0.2805470871793357
gbm_selectivity,grouped,Random Forest (descriptors + pathway),descriptors_pathway,2,3,mae,0.1970863520604391
gbm_selectivity,grouped,Random Forest (descriptors + pathway),descriptors_pathway,2,3,r2,0.039217216460771254
gbm_selectivity,grouped,Random Forest (descriptors + pathway),descriptors_pathway,2,3,pearson_r,0.2253425489386376
gbm_selectivity,grouped,Random Forest (descriptors + pathway),descriptors_pathway,2,3,spearman_rho,0.21024874168917485
gbm_selectivity,grouped,Random Forest (descriptors + pathway),descriptors_pathway,2,4,rmse,0.2987516643268644
gbm_selectivity,grouped,Random Forest (descriptors + pathway),descriptors_pathway,2,4,mae,0.24652950703740467
gbm_selectivity,grouped,Random Forest (descriptors + pathway),descriptors_pathway,2,4,r2,-0.06549582294048317
gbm_selectivity,grouped,Random Forest (descriptors + pathway),descriptors_pathway,2,4,pearson_r,0.051557289618881424
gbm_selectivity,grouped,Random Forest (descriptors + pathway),descriptors_pathway,2,4,spearman_rho,0.048597752353953624
gbm_selectivity,grouped,Random Forest (descriptors + pathway),descriptors_pathway,3,0,rmse,0.2577750169470201
gbm_selectivity,grouped,Random Forest (descriptors + pathway),descriptors_pathway,3,0,mae,0.20228163879181238
gbm_selectivity,grouped,Random Forest (descriptors + pathway),descriptors_pathway,3,0,r2,0.0730183844486384
gbm_selectivity,grouped,Random Forest (descriptors + pathway),descriptors_pathway,3,0,pearson_r,0.2804085379967976
gbm_selectivity,grouped,Random Forest (descriptors + pathway),descriptors_pathway,3,0,spearman_rho,0.24455855266342627
gbm_selectivity,grouped,Random Forest (descriptors + pathway),descriptors_pathway,3,1,rmse,0.300679656967932
gbm_selectivity,grouped,Random Forest (descriptors + pathway),descriptors_pathway,3,1,mae,0.21559550894213675
gbm_selectivity,grouped,Random Forest (descriptors + pathway),descriptors_pathway,3,1,r2,0.08078292766301942
gbm_selectivity,grouped,Random Forest (descriptors + pathway),descriptors_pathway,3,1,pearson_r,0.3018565162141284
gbm_selectivity,grouped,Random Forest (descriptors + pathway),descriptors_pathway,3,1,spearman_rho,0.33810723355674244
gbm_selectivity,grouped,Random Forest (descriptors + pathway),descriptors_pathway,3,2,rmse,0.25159125565677554
gbm_selectivity,grouped,Random Forest (descriptors + pathway),descriptors_pathway,3,2,mae,0.19966609049361497
gbm_selectivity,grouped,Random Forest (descriptors + pathway),descriptors_pathway,3,2,r2,-0.03061429228565471
gbm_selectivity,grouped,Random Forest (descriptors + pathway),descriptors_pathway,3,2,pearson_r,0.12596848754232493
gbm_selectivity,grouped,Random Forest (descriptors + pathway),descriptors_pathway,3,2,spearman_rho,0.1240089671593141
gbm_selectivity,grouped,Random Forest (descriptors + pathway),descriptors_pathway,3,3,rmse,0.2631262582195968
gbm_selectivity,grouped,Random Forest (descriptors + pathway),descriptors_pathway,3,3,mae,0.2166092471314758
gbm_selectivity,grouped,Random Forest (descriptors + pathway),descriptors_pathway,3,3,r2,0.03664998417650045
gbm_selectivity,grouped,Random Forest (descriptors + pathway),descriptors_pathway,3,3,pearson_r,0.22397577999796783
gbm_selectivity,grouped,Random Forest (descriptors + pathway),descriptors_pathway,3,3,spearman_rho,0.1947868522190202
gbm_selectivity,grouped,Random Forest (descriptors + pathway),descriptors_pathway,3,4,rmse,0.28318785303920146
gbm_selectivity,grouped,Random Forest (descriptors + pathway),descriptors_pathway,3,4,mae,0.22634835094249706
gbm_selectivity,grouped,Random Forest (descriptors + pathway),descriptors_pathway,3,4,r2,0.050504241397589134
gbm_selectivity,grouped,Random Forest (descriptors + pathway),descriptors_pathway,3,4,pearson_r,0.23626387765121448
gbm_selectivity,grouped,Random Forest (descriptors + pathway),descriptors_pathway,3,4,spearman_rho,0.20899439559805227
gbm_selectivity,grouped,Random Forest (descriptors + pathway),descriptors_pathway,4,0,rmse,0.25098943380806066
gbm_selectivity,grouped,Random Forest (descriptors + pathway),descriptors_pathway,4,0,mae,0.20181113690094024
gbm_selectivity,grouped,Random Forest (descriptors + pathway),descriptors_pathway,4,0,r2,0.05409398231863016
gbm_selectivity,grouped,Random Forest (descriptors + pathway),descriptors_pathway,4,0,pearson_r,0.25958519692800996
gbm_selectivity,grouped,Random Forest (descriptors + pathway),descriptors_pathway,4,0,spearman_rho,0.24732415361449578
gbm_selectivity,grouped,Random Forest (descriptors + pathway),descriptors_pathway,4,1,rmse,0.2749614759342985
gbm_selectivity,grouped,Random Forest (descriptors + pathway),descriptors_pathway,4,1,mae,0.22162832731917306
gbm_selectivity,grouped,Random Forest (descriptors + pathway),descriptors_pathway,4,1,r2,0.1368697905997197
gbm_selectivity,grouped,Random Forest (descriptors + pathway),descriptors_pathway,4,1,pearson_r,0.38091130696079745
gbm_selectivity,grouped,Random Forest (descriptors + pathway),descriptors_pathway,4,1,spearman_rho,0.31605040473863305
gbm_selectivity,grouped,Random Forest (descriptors + pathway),descriptors_pathway,4,2,rmse,0.28635962995807224
gbm_selectivity,grouped,Random Forest (descriptors + pathway),descriptors_pathway,4,2,mae,0.2339433611036968
gbm_selectivity,grouped,Random Forest (descriptors + pathway),descriptors_pathway,4,2,r2,0.03735276085278616
gbm_selectivity,grouped,Random Forest (descriptors + pathway),descriptors_pathway,4,2,pearson_r,0.2778620822448071
gbm_selectivity,grouped,Random Forest (descriptors + pathway),descriptors_pathway,4,2,spearman_rho,0.18696119710761963
gbm_selectivity,grouped,Random Forest (descriptors + pathway),descriptors_pathway,4,3,rmse,0.3005862322875671
gbm_selectivity,grouped,Random Forest (descriptors + pathway),descriptors_pathway,4,3,mae,0.22068939961171874
gbm_selectivity,grouped,Random Forest (descriptors + pathway),descriptors_pathway,4,3,r2,0.01552134129730176
gbm_selectivity,grouped,Random Forest (descriptors + pathway),descriptors_pathway,4,3,pearson_r,0.187307873723859
gbm_selectivity,grouped,Random Forest (descriptors + pathway),descriptors_pathway,4,3,spearman_rho,0.2236104080186291
gbm_selectivity,grouped,Random Forest (descriptors + pathway),descriptors_pathway,4,4,rmse,0.23704869188257977
gbm_selectivity,grouped,Random Forest (descriptors + pathway),descriptors_pathway,4,4,mae,0.18704001320049196
gbm_selectivity,grouped,Random Forest (descriptors + pathway),descriptors_pathway,4,4,r2,-0.01971960592886024
gbm_selectivity,grouped,Random Forest (descriptors + pathway),descriptors_pathway,4,4,pearson_r,0.20090533610005556
gbm_selectivity,grouped,Random Forest (descriptors + pathway),descriptors_pathway,4,4,spearman_rho,0.22169799381672053
gbm_selectivity,grouped,GNN-GCN (smiles),smiles,0,0,rmse,0.3470193079662484
gbm_selectivity,grouped,GNN-GCN (smiles),smiles,0,0,mae,0.2732204747948216
gbm_selectivity,grouped,GNN-GCN (smiles),smiles,0,0,r2,-0.05051899362965262
gbm_selectivity,grouped,GNN-GCN (smiles),smiles,0,0,pearson_r,0.1306757484695448
gbm_selectivity,grouped,GNN-GCN (smiles),smiles,0,0,spearman_rho,0.18203949608443992
gbm_selectivity,grouped,GNN-GCN (smiles),smiles,0,1,rmse,0.2692019218749276
gbm_selectivity,grouped,GNN-GCN (smiles),smiles,0,1,mae,0.20311556899191033
gbm_selectivity,grouped,GNN-GCN (smiles),smiles,0,1,r2,0.012760952137151227
gbm_selectivity,grouped,GNN-GCN (smiles),smiles,0,1,pearson_r,0.13774213948388972
gbm_selectivity,grouped,GNN-GCN (smiles),smiles,0,1,spearman_rho,0.18182933157224399
gbm_selectivity,grouped,GNN-GCN (smiles),smiles,0,2,rmse,0.23594546769559352
gbm_selectivity,grouped,GNN-GCN (smiles),smiles,0,2,mae,0.19346534536748897
gbm_selectivity,grouped,GNN-GCN (smiles),smiles,0,2,r2,-0.18441340391939165
gbm_selectivity,grouped,GNN-GCN (smiles),smiles,0,2,pearson_r,0.05279809039702405
gbm_selectivity,grouped,GNN-GCN (smiles),smiles,0,2,spearman_rho,0.12627315986635618
gbm_selectivity,grouped,GNN-GCN (smiles),smiles,0,3,rmse,0.2512388703297719
gbm_selectivity,grouped,GNN-GCN (smiles),smiles,0,3,mae,0.19891987665558833
gbm_selectivity,grouped,GNN-GCN (smiles),smiles,0,3,r2,0.15322305562543348
gbm_selectivity,grouped,GNN-GCN (smiles),smiles,0,3,pearson_r,0.4114487387947733
gbm_selectivity,grouped,GNN-GCN (smiles),smiles,0,3,spearman_rho,0.3493110738499672
gbm_selectivity,grouped,GNN-GCN (smiles),smiles,0,4,rmse,0.2915096668755539
gbm_selectivity,grouped,GNN-GCN (smiles),smiles,0,4,mae,0.22886040696036575
gbm_selectivity,grouped,GNN-GCN (smiles),smiles,0,4,r2,-0.12798507418276084
gbm_selectivity,grouped,GNN-GCN (smiles),smiles,0,4,pearson_r,0.10401404993130875
gbm_selectivity,grouped,GNN-GCN (smiles),smiles,0,4,spearman_rho,0.12373535955669367
gbm_selectivity,grouped,GNN-GCN (smiles),smiles,1,0,rmse,0.31830308953383263
gbm_selectivity,grouped,GNN-GCN (smiles),smiles,1,0,mae,0.22997693465202945
gbm_selectivity,grouped,GNN-GCN (smiles),smiles,1,0,r2,-0.005412920571183477
gbm_selectivity,grouped,GNN-GCN (smiles),smiles,1,0,pearson_r,0.0153781162602643
gbm_selectivity,grouped,GNN-GCN (smiles),smiles,1,0,spearman_rho,0.05188968335035752
gbm_selectivity,grouped,GNN-GCN (smiles),smiles,1,1,rmse,0.278186734829809
gbm_selectivity,grouped,GNN-GCN (smiles),smiles,1,1,mae,0.2127753961968472
gbm_selectivity,grouped,GNN-GCN (smiles),smiles,1,1,r2,-0.0013386151359113807
gbm_selectivity,grouped,GNN-GCN (smiles),smiles,1,1,pearson_r,0.2943524979260014
gbm_selectivity,grouped,GNN-GCN (smiles),smiles,1,1,spearman_rho,0.37423639906260553
gbm_selectivity,grouped,GNN-GCN (smiles),smiles,1,2,rmse,0.2644886077387677
gbm_selectivity,grouped,GNN-GCN (smiles),smiles,1,2,mae,0.2114175273397138
gbm_selectivity,grouped,GNN-GCN (smiles),smiles,1,2,r2,0.011294330771011718
gbm_selectivity,grouped,GNN-GCN (smiles),smiles,1,2,pearson_r,0.2001741159686315
gbm_selectivity,grouped,GNN-GCN (smiles),smiles,1,2,spearman_rho,0.1513973031072894
gbm_selectivity,grouped,GNN-GCN (smiles),smiles,1,3,rmse,0.24976743042059218
gbm_selectivity,grouped,GNN-GCN (smiles),smiles,1,3,mae,0.18557319889462107
gbm_selectivity,grouped,GNN-GCN (smiles),smiles,1,3,r2,0.05770330100237919
gbm_selectivity,grouped,GNN-GCN (smiles),smiles,1,3,pearson_r,0.24113532994957965
gbm_selectivity,grouped,GNN-GCN (smiles),smiles,1,3,spearman_rho,0.24620836286321757
gbm_selectivity,grouped,GNN-GCN (smiles),smiles,1,4,rmse,0.2724437094505021
gbm_selectivity,grouped,GNN-GCN (smiles),smiles,1,4,mae,0.22936915074472763
gbm_selectivity,grouped,GNN-GCN (smiles),smiles,1,4,r2,-0.05817743116600571
gbm_selectivity,grouped,GNN-GCN (smiles),smiles,1,4,pearson_r,0.10582239075264724
gbm_selectivity,grouped,GNN-GCN (smiles),smiles,1,4,spearman_rho,0.19101035763142468
gbm_selectivity,grouped,GNN-GCN (smiles),smiles,2,0,rmse,0.25184673986519795
gbm_selectivity,grouped,GNN-GCN (smiles),smiles,2,0,mae,0.19843698258741937
gbm_selectivity,grouped,GNN-GCN (smiles),smiles,2,0,r2,0.027097519221966238
gbm_selectivity,grouped,GNN-GCN (smiles),smiles,2,0,pearson_r,0.28201955550150315
gbm_selectivity,grouped,GNN-GCN (smiles),smiles,2,0,spearman_rho,0.2819620871604456
gbm_selectivity,grouped,GNN-GCN (smiles),smiles,2,1,rmse,0.2854993502431595
gbm_selectivity,grouped,GNN-GCN (smiles),smiles,2,1,mae,0.221563416159053
gbm_selectivity,grouped,GNN-GCN (smiles),smiles,2,1,r2,0.007732502465164992
gbm_selectivity,grouped,GNN-GCN (smiles),smiles,2,1,pearson_r,0.22486703142147937
gbm_selectivity,grouped,GNN-GCN (smiles),smiles,2,1,spearman_rho,0.2566053796390875
gbm_selectivity,grouped,GNN-GCN (smiles),smiles,2,2,rmse,0.28502024059209524
gbm_selectivity,grouped,GNN-GCN (smiles),smiles,2,2,mae,0.21666952756149768
gbm_selectivity,grouped,GNN-GCN (smiles),smiles,2,2,r2,-0.10460989438511614
gbm_selectivity,grouped,GNN-GCN (smiles),smiles,2,2,pearson_r,0.054093760544150236
gbm_selectivity,grouped,GNN-GCN (smiles),smiles,2,2,spearman_rho,0.08448309556380691
gbm_selectivity,grouped,GNN-GCN (smiles),smiles,2,3,rmse,0.2884791190968181
gbm_selectivity,grouped,GNN-GCN (smiles),smiles,2,3,mae,0.2083158182689259
gbm_selectivity,grouped,GNN-GCN (smiles),smiles,2,3,r2,-0.015880094762332986
gbm_selectivity,grouped,GNN-GCN (smiles),smiles,2,3,pearson_r,0.06976637533800342
gbm_selectivity,grouped,GNN-GCN (smiles),smiles,2,3,spearman_rho,0.09961790650502382
gbm_selectivity,grouped,GNN-GCN (smiles),smiles,2,4,rmse,0.30181814657780626
gbm_selectivity,grouped,GNN-GCN (smiles),smiles,2,4,mae,0.24805822788077267
gbm_selectivity,grouped,GNN-GCN (smiles),smiles,2,4,r2,-0.08748125665665629
gbm_selectivity,grouped,GNN-GCN (smiles),smiles,2,4,pearson_r,0.03076947525706728
gbm_selectivity,grouped,GNN-GCN (smiles),smiles,2,4,spearman_rho,0.03640781613850359
gbm_selectivity,grouped,GNN-GCN (smiles),smiles,3,0,rmse,0.2607305643705927
gbm_selectivity,grouped,GNN-GCN (smiles),smiles,3,0,mae,0.20404604703334941
gbm_selectivity,grouped,GNN-GCN (smiles),smiles,3,0,r2,0.05163970671224094
gbm_selectivity,grouped,GNN-GCN (smiles),smiles,3,0,pearson_r,0.26315131665696856
gbm_selectivity,grouped,GNN-GCN (smiles),smiles,3,0,spearman_rho,0.24438147351964043
gbm_selectivity,grouped,GNN-GCN (smiles),smiles,3,1,rmse,0.3093122332074251
gbm_selectivity,grouped,GNN-GCN (smiles),smiles,3,1,mae,0.22449659497414115
gbm_selectivity,grouped,GNN-GCN (smiles),smiles,3,1,r2,0.02724340766790201
gbm_selectivity,grouped,GNN-GCN (smiles),smiles,3,1,pearson_r,0.2241019377463851
gbm_selectivity,grouped,GNN-GCN (smiles),smiles,3,1,spearman_rho,0.2451719420727393
gbm_selectivity,grouped,GNN-GCN (smiles),smiles,3,2,rmse,0.2463866203428728
gbm_selectivity,grouped,GNN-GCN (smiles),smiles,3,2,mae,0.19805329770859192
gbm_selectivity,grouped,GNN-GCN (smiles),smiles,3,2,r2,0.011585025324575948
gbm_selectivity,grouped,GNN-GCN (smiles),smiles,3,2,pearson_r,0.2078221746487095
gbm_selectivity,grouped,GNN-GCN (smiles),smiles,3,2,spearman_rho,0.24848727855945174
gbm_selectivity,grouped,GNN-GCN (smiles),smiles,3,3,rmse,0.2757258107864654
gbm_selectivity,grouped,GNN-GCN (smiles),smiles,3,3,mae,0.22212373811530697
gbm_selectivity,grouped,GNN-GCN (smiles),smiles,3,3,r2,-0.05781707737253683
gbm_selectivity,grouped,GNN-GCN (smiles),smiles,3,3,pearson_r,0.14819652807304365
gbm_selectivity,grouped,GNN-GCN (smiles),smiles,3,3,spearman_rho,0.09182950288549156
gbm_selectivity,grouped,GNN-GCN (smiles),smiles,3,4,rmse,0.2896748008883706
gbm_selectivity,grouped,GNN-GCN (smiles),smiles,3,4,mae,0.22470513997580505
gbm_selectivity,grouped,GNN-GCN (smiles),smiles,3,4,r2,0.006506062185388295
gbm_selectivity,grouped,GNN-GCN (smiles),smiles,3,4,pearson_r,0.11464818568261094
gbm_selectivity,grouped,GNN-GCN (smiles),smiles,3,4,spearman_rho,0.1797769191514179
gbm_selectivity,grouped,GNN-GCN (smiles),smiles,4,0,rmse,0.2590744212854559
gbm_selectivity,grouped,GNN-GCN (smiles),smiles,4,0,mae,0.20155918380151822
gbm_selectivity,grouped,GNN-GCN (smiles),smiles,4,0,r2,-0.007827452517757738
gbm_selectivity,grouped,GNN-GCN (smiles),smiles,4,0,pearson_r,0.032269878878611845
gbm_selectivity,grouped,GNN-GCN (smiles),smiles,4,0,spearman_rho,-0.03648285296476249
gbm_selectivity,grouped,GNN-GCN (smiles),smiles,4,1,rmse,0.29438675407722603
gbm_selectivity,grouped,GNN-GCN (smiles),smiles,4,1,mae,0.23687333821666154
gbm_selectivity,grouped,GNN-GCN (smiles),smiles,4,1,r2,0.010606286651718588
gbm_selectivity,grouped,GNN-GCN (smiles),smiles,4,1,pearson_r,0.14675071631825262
gbm_selectivity,grouped,GNN-GCN (smiles),smiles,4,1,spearman_rho,0.15568313902292982
gbm_selectivity,grouped,GNN-GCN (smiles),smiles,4,2,rmse,0.3055394746520915
gbm_selectivity,grouped,GNN-GCN (smiles),smiles,4,2,mae,0.24602256839066183
gbm_selectivity,grouped,GNN-GCN (smiles),smiles,4,2,r2,-0.09591845312226766
gbm_selectivity,grouped,GNN-GCN (smiles),smiles,4,2,pearson_r,0.21441292772612897
gbm_selectivity,grouped,GNN-GCN (smiles),smiles,4,2,spearman_rho,0.19813005759276806
gbm_selectivity,grouped,GNN-GCN (smiles),smiles,4,3,rmse,0.29998695079677024
gbm_selectivity,grouped,GNN-GCN (smiles),smiles,4,3,mae,0.2226852270074245
gbm_selectivity,grouped,GNN-GCN (smiles),smiles,4,3,r2,0.019442956134341327
gbm_selectivity,grouped,GNN-GCN (smiles),smiles,4,3,pearson_r,0.20250718994660055
gbm_selectivity,grouped,GNN-GCN (smiles),smiles,4,3,spearman_rho,0.25679862306368334
gbm_selectivity,grouped,GNN-GCN (smiles),smiles,4,4,rmse,0.23538859544320695
gbm_selectivity,grouped,GNN-GCN (smiles),smiles,4,4,mae,0.1913386010850262
gbm_selectivity,grouped,GNN-GCN (smiles),smiles,4,4,r2,-0.005487042479596083
gbm_selectivity,grouped,GNN-GCN (smiles),smiles,4,4,pearson_r,-0.006276647019457904
gbm_selectivity,grouped,GNN-GCN (smiles),smiles,4,4,spearman_rho,0.04161182545307279
gbm_selectivity,grouped,GNN-GAT (smiles),smiles,0,0,rmse,0.3379148598613794
gbm_selectivity,grouped,GNN-GAT (smiles),smiles,0,0,mae,0.2612227284577187
gbm_selectivity,grouped,GNN-GAT (smiles),smiles,0,0,r2,0.0038810297638982583
gbm_selectivity,grouped,GNN-GAT (smiles),smiles,0,0,pearson_r,0.11158215350986733
gbm_selectivity,grouped,GNN-GAT (smiles),smiles,0,0,spearman_rho,0.11770564226205629
gbm_selectivity,grouped,GNN-GAT (smiles),smiles,0,1,rmse,0.27539259341771627
gbm_selectivity,grouped,GNN-GAT (smiles),smiles,0,1,mae,0.2128908242434494
gbm_selectivity,grouped,GNN-GAT (smiles),smiles,0,1,r2,-0.03316699541369039
gbm_selectivity,grouped,GNN-GAT (smiles),smiles,0,1,pearson_r,0.09760155071313809
gbm_selectivity,grouped,GNN-GAT (smiles),smiles,0,1,spearman_rho,0.15658285768196611
gbm_selectivity,grouped,GNN-GAT (smiles),smiles,0,2,rmse,0.2302374534219859
gbm_selectivity,grouped,GNN-GAT (smiles),smiles,0,2,mae,0.18643159402410125
gbm_selectivity,grouped,GNN-GAT (smiles),smiles,0,2,r2,-0.12779971630162024
gbm_selectivity,grouped,GNN-GAT (smiles),smiles,0,2,pearson_r,-0.08984443383948972
gbm_selectivity,grouped,GNN-GAT (smiles),smiles,0,2,spearman_rho,-0.1261314164219905
gbm_selectivity,grouped,GNN-GAT (smiles),smiles,0,3,rmse,0.2621346760645914
gbm_selectivity,grouped,GNN-GAT (smiles),smiles,0,3,mae,0.20534702668083993
gbm_selectivity,grouped,GNN-GAT (smiles),smiles,0,3,r2,0.07818385509382342
gbm_selectivity,grouped,GNN-GAT (smiles),smiles,0,3,pearson_r,0.29300930837040406
gbm_selectivity,grouped,GNN-GAT (smiles),smiles,0,3,spearman_rho,0.25745425384559306
gbm_selectivity,grouped,GNN-GAT (smiles),smiles,0,4,rmse,0.2793508358136499
gbm_selectivity,grouped,GNN-GAT (smiles),smiles,0,4,mae,0.21960374130298152
gbm_selectivity,grouped,GNN-GAT (smiles),smiles,0,4,r2,-0.035851217573297456
gbm_selectivity,grouped,GNN-GAT (smiles),smiles,0,4,pearson_r,-0.012980164910326365
gbm_selectivity,grouped,GNN-GAT (smiles),smiles,0,4,spearman_rho,0.02768565551404223
gbm_selectivity,grouped,GNN-GAT (smiles),smiles,1,0,rmse,0.3187695558346093
gbm_selectivity,grouped,GNN-GAT (smiles),smiles,1,0,mae,0.2384546728702228
gbm_selectivity,grouped,GNN-GAT (smiles),smiles,1,0,r2,-0.008361901649365011
gbm_selectivity,grouped,GNN-GAT (smiles),smiles,1,0,pearson_r,0.008919010496395763
gbm_selectivity,grouped,GNN-GAT (smiles),smiles,1,0,spearman_rho,-0.042951991828396326
gbm_selectivity,grouped,GNN-GAT (smiles),smiles,1,1,rmse,0.2795570854866157
gbm_selectivity,grouped,GNN-GAT (smiles),smiles,1,1,mae,0.22731207971269596
gbm_selectivity,grouped,GNN-GAT (smiles),smiles,1,1,r2,-0.011228121394456947
gbm_selectivity,grouped,GNN-GAT (smiles),smiles,1,1,pearson_r,-0.03635035306158496
gbm_selectivity,grouped,GNN-GAT (smiles),smiles,1,1,spearman_rho,-0.03236016963180319
gbm_selectivity,grouped,GNN-GAT (smiles),smiles,1,2,rmse,0.26358604937593255
gbm_selectivity,grouped,GNN-GAT (smiles),smiles,1,2,mae,0.21423877902521257
gbm_selectivity,grouped,GNN-GAT (smiles),smiles,1,2,r2,0.018030666191390377
gbm_selectivity,grouped,GNN-GAT (smiles),smiles,1,2,pearson_r,0.2296222292655063
gbm_selectivity,grouped,GNN-GAT (smiles),smiles,1,2,spearman_rho,0.16210670314637485
gbm_selectivity,grouped,GNN-GAT (smiles),smiles,1,3,rmse,0.2569841399189553
gbm_selectivity,grouped,GNN-GAT (smiles),smiles,1,3,mae,0.19165014662716645
gbm_selectivity,grouped,GNN-GAT (smiles),smiles,1,3,r2,0.002463718867050768
gbm_selectivity,grouped,GNN-GAT (smiles),smiles,1,3,pearson_r,0.13680398794610293
gbm_selectivity,grouped,GNN-GAT (smiles),smiles,1,3,spearman_rho,0.038078556639936326
gbm_selectivity,grouped,GNN-GAT (smiles),smiles,1,4,rmse,0.28438719148014924
gbm_selectivity,grouped,GNN-GAT (smiles),smiles,1,4,mae,0.24518414103511937
gbm_selectivity,grouped,GNN-GAT (smiles),smiles,1,4,r2,-0.1529885373611406
gbm_selectivity,grouped,GNN-GAT (smiles),smiles,1,4,pearson_r,-0.09808709747832996
gbm_selectivity,grouped,GNN-GAT (smiles),smiles,1,4,spearman_rho,-0.0686049863452899
gbm_selectivity,grouped,GNN-GAT (smiles),smiles,2,0,rmse,0.2628772277112646
gbm_selectivity,grouped,GNN-GAT (smiles),smiles,2,0,mae,0.2081563702434482
gbm_selectivity,grouped,GNN-GAT (smiles),smiles,2,0,r2,-0.0599919724719975
gbm_selectivity,grouped,GNN-GAT (smiles),smiles,2,0,pearson_r,0.09046630502653191
gbm_selectivity,grouped,GNN-GAT (smiles),smiles,2,0,spearman_rho,0.10367402775063514
gbm_selectivity,grouped,GNN-GAT (smiles),smiles,2,1,rmse,0.28859884352407406
gbm_selectivity,grouped,GNN-GAT (smiles),smiles,2,1,mae,0.2318619784072774
gbm_selectivity,grouped,GNN-GAT (smiles),smiles,2,1,r2,-0.013929340207537999
gbm_selectivity,grouped,GNN-GAT (smiles),smiles,2,1,pearson_r,0.17740139531997753
gbm_selectivity,grouped,GNN-GAT (smiles),smiles,2,1,spearman_rho,0.1486721144024515
gbm_selectivity,grouped,GNN-GAT (smiles),smiles,2,2,rmse,0.27377697015625474
gbm_selectivity,grouped,GNN-GAT (smiles),smiles,2,2,mae,0.2183609312862302
gbm_selectivity,grouped,GNN-GAT (smiles),smiles,2,2,r2,-0.019181073736560084
gbm_selectivity,grouped,GNN-GAT (smiles),smiles,2,2,pearson_r,0.12501797314444518
gbm_selectivity,grouped,GNN-GAT (smiles),smiles,2,2,spearman_rho,0.139358999413719
gbm_selectivity,grouped,GNN-GAT (smiles),smiles,2,3,rmse,0.28815158161856813
gbm_selectivity,grouped,GNN-GAT (smiles),smiles,2,3,mae,0.20640148170985395
gbm_selectivity,grouped,GNN-GAT (smiles),smiles,2,3,r2,-0.013574555902862606
gbm_selectivity,grouped,GNN-GAT (smiles),smiles,2,3,pearson_r,0.05807098080172198
gbm_selectivity,grouped,GNN-GAT (smiles),smiles,2,3,spearman_rho,-0.0873720458512194
gbm_selectivity,grouped,GNN-GAT (smiles),smiles,2,4,rmse,0.2932144591028973
gbm_selectivity,grouped,GNN-GAT (smiles),smiles,2,4,mae,0.23982323272008355
gbm_selectivity,grouped,GNN-GAT (smiles),smiles,2,4,r2,-0.02636503809427415
gbm_selectivity,grouped,GNN-GAT (smiles),smiles,2,4,pearson_r,0.08025976595117859
gbm_selectivity,grouped,GNN-GAT (smiles),smiles,2,4,spearman_rho,0.042988761769768145
gbm_selectivity,grouped,GNN-GAT (smiles),smiles,3,0,rmse,0.2695467935922342
gbm_selectivity,grouped,GNN-GAT (smiles),smiles,3,0,mae,0.20103716390318802
gbm_selectivity,grouped,GNN-GAT (smiles),smiles,3,0,r2,-0.013579487682315428
gbm_selectivity,grouped,GNN-GAT (smiles),smiles,3,0,pearson_r,0.2028133293194831
gbm_selectivity,grouped,GNN-GAT (smiles),smiles,3,0,spearman_rho,0.28536391129865346
gbm_selectivity,grouped,GNN-GAT (smiles),smiles,3,1,rmse,0.3167978140501868
gbm_selectivity,grouped,GNN-GAT (smiles),smiles,3,1,mae,0.23370930495987113
gbm_selectivity,grouped,GNN-GAT (smiles),smiles,3,1,r2,-0.020409144732068896
gbm_selectivity,grouped,GNN-GAT (smiles),smiles,3,1,pearson_r,0.13967001138350085
gbm_selectivity,grouped,GNN-GAT (smiles),smiles,3,1,spearman_rho,0.18158403698287656
gbm_selectivity,grouped,GNN-GAT (smiles),smiles,3,2,rmse,0.24697677827150383
gbm_selectivity,grouped,GNN-GAT (smiles),smiles,3,2,mae,0.20273650928877068
gbm_selectivity,grouped,GNN-GAT (smiles),smiles,3,2,r2,0.006844349605669597
gbm_selectivity,grouped,GNN-GAT (smiles),smiles,3,2,pearson_r,0.1366898589639349
gbm_selectivity,grouped,GNN-GAT (smiles),smiles,3,2,spearman_rho,0.1413392141138733
gbm_selectivity,grouped,GNN-GAT (smiles),smiles,3,3,rmse,0.26480077621719655
gbm_selectivity,grouped,GNN-GAT (smiles),smiles,3,3,mae,0.21171563975101648
gbm_selectivity,grouped,GNN-GAT (smiles),smiles,3,3,r2,0.024349578049629117
gbm_selectivity,grouped,GNN-GAT (smiles),smiles,3,3,pearson_r,0.1937454782086555
gbm_selectivity,grouped,GNN-GAT (smiles),smiles,3,3,spearman_rho,0.19394553001923664
gbm_selectivity,grouped,GNN-GAT (smiles),smiles,3,4,rmse,0.29428006534714135
gbm_selectivity,grouped,GNN-GAT (smiles),smiles,3,4,mae,0.23042782942877982
gbm_selectivity,grouped,GNN-GAT (smiles),smiles,3,4,r2,-0.02533427394424792
gbm_selectivity,grouped,GNN-GAT (smiles),smiles,3,4,pearson_r,0.10960566362389682
gbm_selectivity,grouped,GNN-GAT (smiles),smiles,3,4,spearman_rho,0.11454764161259749
gbm_selectivity,grouped,GNN-GAT (smiles),smiles,4,0,rmse,0.2621518929068448
gbm_selectivity,grouped,GNN-GAT (smiles),smiles,4,0,mae,0.20583329156935012
gbm_selectivity,grouped,GNN-GAT (smiles),smiles,4,0,r2,-0.031913054232256766
gbm_selectivity,grouped,GNN-GAT (smiles),smiles,4,0,pearson_r,0.019667592131590743
gbm_selectivity,grouped,GNN-GAT (smiles),smiles,4,0,spearman_rho,-0.0037643285060616066
gbm_selectivity,grouped,GNN-GAT (smiles),smiles,4,1,rmse,0.29511255850435236
gbm_selectivity,grouped,GNN-GAT (smiles),smiles,4,1,mae,0.23077568064705564
gbm_selectivity,grouped,GNN-GAT (smiles),smiles,4,1,r2,0.005721613238324985
gbm_selectivity,grouped,GNN-GAT (smiles),smiles,4,1,pearson_r,0.11662219557913453
gbm_selectivity,grouped,GNN-GAT (smiles),smiles,4,1,spearman_rho,0.13195260801353642
gbm_selectivity,grouped,GNN-GAT (smiles),smiles,4,2,rmse,0.29850926164045904
gbm_selectivity,grouped,GNN-GAT (smiles),smiles,4,2,mae,0.2368293867685121
gbm_selectivity,grouped,GNN-GAT (smiles),smiles,4,2,r2,-0.04606628525646195
gbm_selectivity,grouped,GNN-GAT (smiles),smiles,4,2,pearson_r,0.10185866752470032
gbm_selectivity,grouped,GNN-GAT (smiles),smiles,4,2,spearman_rho,0.0586045536774039
gbm_selectivity,grouped,GNN-GAT (smiles),smiles,4,3,rmse,0.30288483812398653
gbm_selectivity,grouped,GNN-GAT (smiles),smiles,4,3,mae,0.22790956707858775
gbm_selectivity,grouped,GNN-GAT (smiles),smiles,4,3,r2,0.0004070044468941214
gbm_selectivity,grouped,GNN-GAT (smiles),smiles,4,3,pearson_r,0.06875863820235091
gbm_selectivity,grouped,GNN-GAT (smiles),smiles,4,3,spearman_rho,0.11697883972866255
gbm_selectivity,grouped,GNN-GAT (smiles),smiles,4,4,rmse,0.2374270537996469
gbm_selectivity,grouped,GNN-GAT (smiles),smiles,4,4,mae,0.19264277332175667
gbm_selectivity,grouped,GNN-GAT (smiles),smiles,4,4,r2,-0.022977425872247492
gbm_selectivity,grouped,GNN-GAT (smiles),smiles,4,4,pearson_r,0.022060310599445583
gbm_selectivity,grouped,GNN-GAT (smiles),smiles,4,4,spearman_rho,-0.024906348081401238
gbm_selectivity,scaffold,Baseline,descriptors,0,0,rmse,0.25086440773989976
gbm_selectivity,scaffold,Baseline,descriptors,0,0,mae,0.20428526460064073
gbm_selectivity,scaffold,Baseline,descriptors,0,0,r2,-0.01150980960286696
gbm_selectivity,scaffold,Baseline,descriptors,0,0,pearson_r,0.0
gbm_selectivity,scaffold,Baseline,descriptors,0,0,spearman_rho,0.0
gbm_selectivity,scaffold,Baseline,descriptors,0,1,rmse,0.3163847482623315
gbm_selectivity,scaffold,Baseline,descriptors,0,1,mae,0.23171120146617402
gbm_selectivity,scaffold,Baseline,descriptors,0,1,r2,-0.00657062487048532
gbm_selectivity,scaffold,Baseline,descriptors,0,1,pearson_r,0.0
gbm_selectivity,scaffold,Baseline,descriptors,0,1,spearman_rho,0.0
gbm_selectivity,scaffold,Baseline,descriptors,0,2,rmse,0.28039718161554505
gbm_selectivity,scaffold,Baseline,descriptors,0,2,mae,0.2181548507881551
gbm_selectivity,scaffold,Baseline,descriptors,0,2,r2,-0.0007694776756892452
gbm_selectivity,scaffold,Baseline,descriptors,0,2,pearson_r,0.0
gbm_selectivity,scaffold,Baseline,descriptors,0,2,spearman_rho,0.0
gbm_selectivity,scaffold,Baseline,descriptors,0,3,rmse,0.2826766235957173
gbm_selectivity,scaffold,Baseline,descriptors,0,3,mae,0.2211991152213506
gbm_selectivity,scaffold,Baseline,descriptors,0,3,r2,-4.0481329250052767e-05
gbm_selectivity,scaffold,Baseline,descriptors,0,3,pearson_r,0.0
gbm_selectivity,scaffold,Baseline,descriptors,0,3,spearman_rho,0.0
gbm_selectivity,scaffold,Baseline,descriptors,0,4,rmse,0.26117817899557483
gbm_selectivity,scaffold,Baseline,descriptors,0,4,mae,0.20833926672170658
gbm_selectivity,scaffold,Baseline,descriptors,0,4,r2,-0.0010477052026149902
gbm_selectivity,scaffold,Baseline,descriptors,0,4,pearson_r,0.0
gbm_selectivity,scaffold,Baseline,descriptors,0,4,spearman_rho,0.0
gbm_selectivity,scaffold,Linear (descriptors),descriptors,0,0,rmse,0.24517391914882516
gbm_selectivity,scaffold,Linear (descriptors),descriptors,0,0,mae,0.1990386152484002
gbm_selectivity,scaffold,Linear (descriptors),descriptors,0,0,r2,0.03385893818266128
gbm_selectivity,scaffold,Linear (descriptors),descriptors,0,0,pearson_r,0.21077402400548995
gbm_selectivity,scaffold,Linear (descriptors),descriptors,0,0,spearman_rho,0.20221803961751295
gbm_selectivity,scaffold,Linear (descriptors),descriptors,0,1,rmse,0.31202588080668686
gbm_selectivity,scaffold,Linear (descriptors),descriptors,0,1,mae,0.23077830334969632
gbm_selectivity,scaffold,Linear (descriptors),descriptors,0,1,r2,0.02097358750322942
gbm_selectivity,scaffold,Linear (descriptors),descriptors,0,1,pearson_r,0.1614540579757292
gbm_selectivity,scaffold,Linear (descriptors),descriptors,0,1,spearman_rho,0.05645735746038633
gbm_selectivity,scaffold,Linear (descriptors),descriptors,0,2,rmse,0.2888230278334387
gbm_selectivity,scaffold,Linear (descriptors),descriptors,0,2,mae,0.2237802814321624
gbm_selectivity,scaffold,Linear (descriptors),descriptors,0,2,r2,-0.06181876557205901
gbm_selectivity,scaffold,Linear (descriptors),descriptors,0,2,pearson_r,-0.03247962476906159
gbm_selectivity,scaffold,Linear (descriptors),descriptors,0,2,spearman_rho,0.005302186916476515
gbm_selectivity,scaffold,Linear (descriptors),descriptors,0,3,rmse,0.2779618526817686
gbm_selectivity,scaffold,Linear (descriptors),descriptors,0,3,mae,0.21560568153657023
gbm_selectivity,scaffold,Linear (descriptors),descriptors,0,3,r2,0.033040720988279704
gbm_selectivity,scaffold,Linear (descriptors),descriptors,0,3,pearson_r,0.24410075968922143
gbm_selectivity,scaffold,Linear (descriptors),descriptors,0,3,spearman_rho,0.19703945507226336
gbm_selectivity,scaffold,Linear (descriptors),descriptors,0,4,rmse,0.26661675494559356
gbm_selectivity,scaffold,Linear (descriptors),descriptors,0,4,mae,0.21090846296672697
gbm_selectivity,scaffold,Linear (descriptors),descriptors,0,4,r2,-0.04317188041333253
gbm_selectivity,scaffold,Linear (descriptors),descriptors,0,4,pearson_r,0.0791111279345309
gbm_selectivity,scaffold,Linear (descriptors),descriptors,0,4,spearman_rho,0.05760239203895229
gbm_selectivity,scaffold,KNN-Jaccard (morgan),morgan,0,0,rmse,0.2625017328264714
gbm_selectivity,scaffold,KNN-Jaccard (morgan),morgan,0,0,mae,0.2132638656565303
gbm_selectivity,scaffold,KNN-Jaccard (morgan),morgan,0,0,r2,-0.1075321725729026
gbm_selectivity,scaffold,KNN-Jaccard (morgan),morgan,0,0,pearson_r,0.07280800840764863
gbm_selectivity,scaffold,KNN-Jaccard (morgan),morgan,0,0,spearman_rho,0.02569944666968859
gbm_selectivity,scaffold,KNN-Jaccard (morgan),morgan,0,1,rmse,0.30315377471198124
gbm_selectivity,scaffold,KNN-Jaccard (morgan),morgan,0,1,mae,0.2209002793519203
gbm_selectivity,scaffold,KNN-Jaccard (morgan),morgan,0,1,r2,0.07585709569609078
gbm_selectivity,scaffold,KNN-Jaccard (morgan),morgan,0,1,pearson_r,0.28999257879006973
gbm_selectivity,scaffold,KNN-Jaccard (morgan),morgan,0,1,spearman_rho,0.29085351199678977
gbm_selectivity,scaffold,KNN-Jaccard (morgan),morgan,0,2,rmse,0.28323623096198336
gbm_selectivity,scaffold,KNN-Jaccard (morgan),morgan,0,2,mae,0.21840237124595002
gbm_selectivity,scaffold,KNN-Jaccard (morgan),morgan,0,2,r2,-0.021137855154532037
gbm_selectivity,scaffold,KNN-Jaccard (morgan),morgan,0,2,pearson_r,0.16757579743538237
gbm_selectivity,scaffold,KNN-Jaccard (morgan),morgan,0,2,spearman_rho,0.1881993320460383
gbm_selectivity,scaffold,KNN-Jaccard (morgan),morgan,0,3,rmse,0.27253547790269844
gbm_selectivity,scaffold,KNN-Jaccard (morgan),morgan,0,3,mae,0.21070886333262834
gbm_selectivity,scaffold,KNN-Jaccard (morgan),morgan,0,3,r2,0.07042618650767007
gbm_selectivity,scaffold,KNN-Jaccard (morgan),morgan,0,3,pearson_r,0.2707964545389319
gbm_selectivity,scaffold,KNN-Jaccard (morgan),morgan,0,3,spearman_rho,0.2646659244980706
gbm_selectivity,scaffold,KNN-Jaccard (morgan),morgan,0,4,rmse,0.25225219771719365
gbm_selectivity,scaffold,KNN-Jaccard (morgan),morgan,0,4,mae,0.19032246549172033
gbm_selectivity,scaffold,KNN-Jaccard (morgan),morgan,0,4,r2,0.06620635785196682
gbm_selectivity,scaffold,KNN-Jaccard (morgan),morgan,0,4,pearson_r,0.29547244544527923
gbm_selectivity,scaffold,KNN-Jaccard (morgan),morgan,0,4,spearman_rho,0.37595454346033746
gbm_selectivity,scaffold,Random Forest (descriptors),descriptors,0,0,rmse,0.25033147505349984
gbm_selectivity,scaffold,Random Forest (descriptors),descriptors,0,0,mae,0.2040235809266382
gbm_selectivity,scaffold,Random Forest (descriptors),descriptors,0,0,r2,-0.007216701207366283
gbm_selectivity,scaffold,Random Forest (descriptors),descriptors,0,0,pearson_r,0.14576476878722186
gbm_selectivity,scaffold,Random Forest (descriptors),descriptors,0,0,spearman_rho,0.09411809103407247
gbm_selectivity,scaffold,Random Forest (descriptors),descriptors,0,1,rmse,0.30838310792780105
gbm_selectivity,scaffold,Random Forest (descriptors),descriptors,0,1,mae,0.22923513701964926
gbm_selectivity,scaffold,Random Forest (descriptors),descriptors,0,1,r2,0.043699605632821825
gbm_selectivity,scaffold,Random Forest (descriptors),descriptors,0,1,pearson_r,0.2263340335577647
gbm_selectivity,scaffold,Random Forest (descriptors),descriptors,0,1,spearman_rho,0.2133189926770279
gbm_selectivity,scaffold,Random Forest (descriptors),descriptors,0,2,rmse,0.2730862113521618
gbm_selectivity,scaffold,Random Forest (descriptors),descriptors,0,2,mae,0.2137345113542554
gbm_selectivity,scaffold,Random Forest (descriptors),descriptors,0,2,r2,0.05073753655712454
gbm_selectivity,scaffold,Random Forest (descriptors),descriptors,0,2,pearson_r,0.23293826794619812
gbm_selectivity,scaffold,Random Forest (descriptors),descriptors,0,2,spearman_rho,0.19689793762787342
gbm_selectivity,scaffold,Random Forest (descriptors),descriptors,0,3,rmse,0.2855470038269845
gbm_selectivity,scaffold,Random Forest (descriptors),descriptors,0,3,mae,0.22519292499821383
gbm_selectivity,scaffold,Random Forest (descriptors),descriptors,0,3,r2,-0.02045299593370653
gbm_selectivity,scaffold,Random Forest (descriptors),descriptors,0,3,pearson_r,0.10415000061293214
gbm_selectivity,scaffold,Random Forest (descriptors),descriptors,0,3,spearman_rho,0.06050342472484679
gbm_selectivity,scaffold,Random Forest (descriptors),descriptors,0,4,rmse,0.2612008545048903
gbm_selectivity,scaffold,Random Forest (descriptors),descriptors,0,4,mae,0.20522490926154888
gbm_selectivity,scaffold,Random Forest (descriptors),descriptors,0,4,r2,-0.001221534823664383
gbm_selectivity,scaffold,Random Forest (descriptors),descriptors,0,4,pearson_r,0.16802270146413406
gbm_selectivity,scaffold,Random Forest (descriptors),descriptors,0,4,spearman_rho,0.18453285388560028
gbm_selectivity,scaffold,Random Forest (morgan),morgan,0,0,rmse,0.25163839863775295
gbm_selectivity,scaffold,Random Forest (morgan),morgan,0,0,mae,0.19944576526614288
gbm_selectivity,scaffold,Random Forest (morgan),morgan,0,0,r2,-0.017761052103709485
gbm_selectivity,scaffold,Random Forest (morgan),morgan,0,0,pearson_r,0.17267916466093358
gbm_selectivity,scaffold,Random Forest (morgan),morgan,0,0,spearman_rho,0.1731410592078286
gbm_selectivity,scaffold,Random Forest (morgan),morgan,0,1,rmse,0.3116216687859747
gbm_selectivity,scaffold,Random Forest (morgan),morgan,0,1,mae,0.23229406295638466
gbm_selectivity,scaffold,Random Forest (morgan),morgan,0,1,r2,0.023508492093508804
gbm_selectivity,scaffold,Random Forest (morgan),morgan,0,1,pearson_r,0.1766264691191263
gbm_selectivity,scaffold,Random Forest (morgan),morgan,0,1,spearman_rho,0.20912997751786822
gbm_selectivity,scaffold,Random Forest (morgan),morgan,0,2,rmse,0.2797212036947871
gbm_selectivity,scaffold,Random Forest (morgan),morgan,0,2,mae,0.21748794256763834
gbm_selectivity,scaffold,Random Forest (morgan),morgan,0,2,r2,0.004049990340060816
gbm_selectivity,scaffold,Random Forest (morgan),morgan,0,2,pearson_r,0.11800041722020653
gbm_selectivity,scaffold,Random Forest (morgan),morgan,0,2,spearman_rho,0.1356680566884916
gbm_selectivity,scaffold,Random Forest (morgan),morgan,0,3,rmse,0.25913521139551066
gbm_selectivity,scaffold,Random Forest (morgan),morgan,0,3,mae,0.20642413678245533
gbm_selectivity,scaffold,Random Forest (morgan),morgan,0,3,r2,0.15959109008171224
gbm_selectivity,scaffold,Random Forest (morgan),morgan,0,3,pearson_r,0.44591389774553253
gbm_selectivity,scaffold,Random Forest (morgan),morgan,0,3,spearman_rho,0.36853972868028845
gbm_selectivity,scaffold,Random Forest (morgan),morgan,0,4,rmse,0.2503238262560518
gbm_selectivity,scaffold,Random Forest (morgan),morgan,0,4,mae,0.19878422296474166
gbm_selectivity,scaffold,Random Forest (morgan),morgan,0,4,r2,0.0804287764591497
gbm_selectivity,scaffold,Random Forest (morgan),morgan,0,4,pearson_r,0.29994657460617485
gbm_selectivity,scaffold,Random Forest (morgan),morgan,0,4,spearman_rho,0.27057978591189613
gbm_selectivity,scaffold,XGBoost (descriptors),descriptors,0,0,rmse,0.25999757796926487
gbm_selectivity,scaffold,XGBoost (descriptors),descriptors,0,0,mae,0.2092467791750346
gbm_selectivity,scaffold,XGBoost (descriptors),descriptors,0,0,r2,-0.08650219034224493
gbm_selectivity,scaffold,XGBoost (descriptors),descriptors,0,0,pearson_r,0.1448505618980871
gbm_selectivity,scaffold,XGBoost (descriptors),descriptors,0,0,spearman_rho,0.08987258772960849
gbm_selectivity,scaffold,XGBoost (descriptors),descriptors,0,1,rmse,0.3193917031846363
gbm_selectivity,scaffold,XGBoost (descriptors),descriptors,0,1,mae,0.23490071847816263
gbm_selectivity,scaffold,XGBoost (descriptors),descriptors,0,1,r2,-0.02579465898418354
gbm_selectivity,scaffold,XGBoost (descriptors),descriptors,0,1,pearson_r,0.21129018285963458
gbm_selectivity,scaffold,XGBoost (descriptors),descriptors,0,1,spearman_rho,0.17793879707601706
gbm_selectivity,scaffold,XGBoost (descriptors),descriptors,0,2,rmse,0.28889201127587727
gbm_selectivity,scaffold,XGBoost (descriptors),descriptors,0,2,mae,0.22164454850881357
gbm_selectivity,scaffold,XGBoost (descriptors),descriptors,0,2,r2,-0.062326042721190245
gbm_selectivity,scaffold,XGBoost (descriptors),descriptors,0,2,pearson_r,0.1394167237721469
gbm_selectivity,scaffold,XGBoost (descriptors),descriptors,0,2,spearman_rho,0.10819480348425743
gbm_selectivity,scaffold,XGBoost (descriptors),descriptors,0,3,rmse,0.29901877800699245
gbm_selectivity,scaffold,XGBoost (descriptors),descriptors,0,3,mae,0.23703004215215875
gbm_selectivity,scaffold,XGBoost (descriptors),descriptors,0,3,r2,-0.11901192461866872
gbm_selectivity,scaffold,XGBoost (descriptors),descriptors,0,3,pearson_r,0.1051364376928625
gbm_selectivity,scaffold,XGBoost (descriptors),descriptors,0,3,spearman_rho,0.06431496122708256
gbm_selectivity,scaffold,XGBoost (descriptors),descriptors,0,4,rmse,0.26935982329179725
gbm_selectivity,scaffold,XGBoost (descriptors),descriptors,0,4,mae,0.20620937127485636
gbm_selectivity,scaffold,XGBoost (descriptors),descriptors,0,4,r2,-0.06474750792466977
gbm_selectivity,scaffold,XGBoost (descriptors),descriptors,0,4,pearson_r,0.25363045766120224
gbm_selectivity,scaffold,XGBoost (descriptors),descriptors,0,4,spearman_rho,0.2696026460978342
gbm_selectivity,scaffold,XGBoost (morgan),morgan,0,0,rmse,0.2670931517441894
gbm_selectivity,scaffold,XGBoost (morgan),morgan,0,0,mae,0.21867722581532367
gbm_selectivity,scaffold,XGBoost (morgan),morgan,0,0,r2,-0.14661470549922773
gbm_selectivity,scaffold,XGBoost (morgan),morgan,0,0,pearson_r,0.14590022113331097
gbm_selectivity,scaffold,XGBoost (morgan),morgan,0,0,spearman_rho,0.16263107991633333
gbm_selectivity,scaffold,XGBoost (morgan),morgan,0,1,rmse,0.3251345071302486
gbm_selectivity,scaffold,XGBoost (morgan),morgan,0,1,mae,0.24289890277540568
gbm_selectivity,scaffold,XGBoost (morgan),morgan,0,1,r2,-0.06301477701694624
gbm_selectivity,scaffold,XGBoost (morgan),morgan,0,1,pearson_r,0.07584448651099836
gbm_selectivity,scaffold,XGBoost (morgan),morgan,0,1,spearman_rho,0.03666331736147415
gbm_selectivity,scaffold,XGBoost (morgan),morgan,0,2,rmse,0.3115724169885432
gbm_selectivity,scaffold,XGBoost (morgan),morgan,0,2,mae,0.24190282292423756
gbm_selectivity,scaffold,XGBoost (morgan),morgan,0,2,r2,-0.23567645029853979
gbm_selectivity,scaffold,XGBoost (morgan),morgan,0,2,pearson_r,0.04775703621120324
gbm_selectivity,scaffold,XGBoost (morgan),morgan,0,2,spearman_rho,0.065701832182104
gbm_selectivity,scaffold,XGBoost (morgan),morgan,0,3,rmse,0.29606568540944533
gbm_selectivity,scaffold,XGBoost (morgan),morgan,0,3,mae,0.2288281697633347
gbm_selectivity,scaffold,XGBoost (morgan),morgan,0,3,r2,-0.09701846923175128
gbm_selectivity,scaffold,XGBoost (morgan),morgan,0,3,pearson_r,0.2713678368848581
gbm_selectivity,scaffold,XGBoost (morgan),morgan,0,3,spearman_rho,0.22996584713365667
gbm_selectivity,scaffold,XGBoost (morgan),morgan,0,4,rmse,0.2713806280642632
gbm_selectivity,scaffold,XGBoost (morgan),morgan,0,4,mae,0.21064319535447015
gbm_selectivity,scaffold,XGBoost (morgan),morgan,0,4,r2,-0.08078344019933259
gbm_selectivity,scaffold,XGBoost (morgan),morgan,0,4,pearson_r,0.19251963908820555
gbm_selectivity,scaffold,XGBoost (morgan),morgan,0,4,spearman_rho,0.2534407535732494
gbm_selectivity,scaffold,SVM (descriptors),descriptors,0,0,rmse,0.2531793545284952
gbm_selectivity,scaffold,SVM (descriptors),descriptors,0,0,mae,0.20748791187516807
gbm_selectivity,scaffold,SVM (descriptors),descriptors,0,0,r2,-0.030264126880200415
gbm_selectivity,scaffold,SVM (descriptors),descriptors,0,0,pearson_r,0.02985851960905253
gbm_selectivity,scaffold,SVM (descriptors),descriptors,0,0,spearman_rho,0.011849671445348337
gbm_selectivity,scaffold,SVM (descriptors),descriptors,0,1,rmse,0.3045438246990134
gbm_selectivity,scaffold,SVM (descriptors),descriptors,0,1,mae,0.22651196206916507
gbm_selectivity,scaffold,SVM (descriptors),descriptors,0,1,r2,0.067362726919174
gbm_selectivity,scaffold,SVM (descriptors),descriptors,0,1,pearson_r,0.2638433006213006
gbm_selectivity,scaffold,SVM (descriptors),descriptors,0,1,spearman_rho,0.19420425233365513
gbm_selectivity,scaffold,SVM (descriptors),descriptors,0,2,rmse,0.29743206525672267
gbm_selectivity,scaffold,SVM (descriptors),descriptors,0,2,mae,0.2357512277044702
gbm_selectivity,scaffold,SVM (descriptors),descriptors,0,2,r2,-0.12606208721676393
gbm_selectivity,scaffold,SVM (descriptors),descriptors,0,2,pearson_r,-0.0010282759146134357
gbm_selectivity,scaffold,SVM (descriptors),descriptors,0,2,spearman_rho,-0.054003056779202085
gbm_selectivity,scaffold,SVM (descriptors),descriptors,0,3,rmse,0.3587355726413256
gbm_selectivity,scaffold,SVM (descriptors),descriptors,0,3,mae,0.26564467561938826
gbm_selectivity,scaffold,SVM (descriptors),descriptors,0,3,r2,-0.6105962286500808
gbm_selectivity,scaffold,SVM (descriptors),descriptors,0,3,pearson_r,0.04170998213191483
gbm_selectivity,scaffold,SVM (descriptors),descriptors,0,3,spearman_rho,0.05410683623842137
gbm_selectivity,scaffold,SVM (descriptors),descriptors,0,4,rmse,0.2905751605478952
gbm_selectivity,scaffold,SVM (descriptors),descriptors,0,4,mae,0.23106265081303715
gbm_selectivity,scaffold,SVM (descriptors),descriptors,0,4,r2,-0.2390760659012905
gbm_selectivity,scaffold,SVM (descriptors),descriptors,0,4,pearson_r,0.07822653499247295
gbm_selectivity,scaffold,SVM (descriptors),descriptors,0,4,spearman_rho,0.030457448004311154
gbm_selectivity,scaffold,MLP (descriptors),descriptors,0,0,rmse,0.27923670154188557
gbm_selectivity,scaffold,MLP (descriptors),descriptors,0,0,mae,0.22465330843422526
gbm_selectivity,scaffold,MLP (descriptors),descriptors,0,0,r2,-0.25324794229027114
gbm_selectivity,scaffold,MLP (descriptors),descriptors,0,0,pearson_r,0.034058688912871095
gbm_selectivity,scaffold,MLP (descriptors),descriptors,0,0,spearman_rho,0.09089150852267985
gbm_selectivity,scaffold,MLP (descriptors),descriptors,0,1,rmse,0.4319383626338476
gbm_selectivity,scaffold,MLP (descriptors),descriptors,0,1,mae,0.30520991717734874
gbm_selectivity,scaffold,MLP (descriptors),descriptors,0,1,r2,-0.8761032171032428
gbm_selectivity,scaffold,MLP (descriptors),descriptors,0,1,pearson_r,0.2728746796453294
gbm_selectivity,scaffold,MLP (descriptors),descriptors,0,1,spearman_rho,0.1640320215251131
gbm_selectivity,scaffold,MLP (descriptors),descriptors,0,2,rmse,0.2907025732002542
gbm_selectivity,scaffold,MLP (descriptors),descriptors,0,2,mae,0.23497046178790043
gbm_selectivity,scaffold,MLP (descriptors),descriptors,0,2,r2,-0.07568352065052841
gbm_selectivity,scaffold,MLP (descriptors),descriptors,0,2,pearson_r,0.09989109771980303
gbm_selectivity,scaffold,MLP (descriptors),descriptors,0,2,spearman_rho,0.09630733815550224
gbm_selectivity,scaffold,MLP (descriptors),descriptors,0,3,rmse,0.3242366717443976
gbm_selectivity,scaffold,MLP (descriptors),descriptors,0,3,mae,0.24660545870873768
gbm_selectivity,scaffold,MLP (descriptors),descriptors,0,3,r2,-0.315715695207722
gbm_selectivity,scaffold,MLP (descriptors),descriptors,0,3,pearson_r,-0.18562166925458773
gbm_selectivity,scaffold,MLP (descriptors),descriptors,0,3,spearman_rho,-0.1573013566875675
gbm_selectivity,scaffold,MLP (descriptors),descriptors,0,4,rmse,0.27386921890683713
gbm_selectivity,scaffold,MLP (descriptors),descriptors,0,4,mae,0.21495962296388485
gbm_selectivity,scaffold,MLP (descriptors),descriptors,0,4,r2,-0.10069613541086309
gbm_selectivity,scaffold,MLP (descriptors),descriptors,0,4,pearson_r,0.08621715613109848
gbm_selectivity,scaffold,MLP (descriptors),descriptors,0,4,spearman_rho,0.10130008452380292
gbm_selectivity,scaffold,Linear (pathway one-hot),pathway,0,0,rmse,0.24788939303196736
gbm_selectivity,scaffold,Linear (pathway one-hot),pathway,0,0,mae,0.202061068112825
gbm_selectivity,scaffold,Linear (pathway one-hot),pathway,0,0,r2,0.012339034629846979
gbm_selectivity,scaffold,Linear (pathway one-hot),pathway,0,0,pearson_r,0.21796311033384885
gbm_selectivity,scaffold,Linear (pathway one-hot),pathway,0,0,spearman_rho,0.2075366017910343
gbm_selectivity,scaffold,Linear (pathway one-hot),pathway,0,1,rmse,0.30836540531947965
gbm_selectivity,scaffold,Linear (pathway one-hot),pathway,0,1,mae,0.2233466209210304
gbm_selectivity,scaffold,Linear (pathway one-hot),pathway,0,1,r2,0.04380939456082944
gbm_selectivity,scaffold,Linear (pathway one-hot),pathway,0,1,pearson_r,0.22186535375648772
gbm_selectivity,scaffold,Linear (pathway one-hot),pathway,0,1,spearman_rho,0.1601837191422269
gbm_selectivity,scaffold,Linear (pathway one-hot),pathway,0,2,rmse,0.2592682219212415
gbm_selectivity,scaffold,Linear (pathway one-hot),pathway,0,2,mae,0.20618604753068157
gbm_selectivity,scaffold,Linear (pathway one-hot),pathway,0,2,r2,0.14437130325983782
gbm_selectivity,scaffold,Linear (pathway one-hot),pathway,0,2,pearson_r,0.3812553845397453
gbm_selectivity,scaffold,Linear (pathway one-hot),pathway,0,2,spearman_rho,0.30847044625790576
gbm_selectivity,scaffold,Linear (pathway one-hot),pathway,0,3,rmse,0.2657119202002674
gbm_selectivity,scaffold,Linear (pathway one-hot),pathway,0,3,mae,0.2097815331195276
gbm_selectivity,scaffold,Linear (pathway one-hot),pathway,0,3,r2,0.11639153926863499
gbm_selectivity,scaffold,Linear (pathway one-hot),pathway,0,3,pearson_r,0.3499257419594376
gbm_selectivity,scaffold,Linear (pathway one-hot),pathway,0,3,spearman_rho,0.3042359173670395
gbm_selectivity,scaffold,Linear (pathway one-hot),pathway,0,4,rmse,0.2696095188751937
gbm_selectivity,scaffold,Linear (pathway one-hot),pathway,0,4,mae,0.21444787176671265
gbm_selectivity,scaffold,Linear (pathway one-hot),pathway,0,4,r2,-0.06672245707495672
gbm_selectivity,scaffold,Linear (pathway one-hot),pathway,0,4,pearson_r,0.13926815813338503
gbm_selectivity,scaffold,Linear (pathway one-hot),pathway,0,4,spearman_rho,0.11907629793378871
gbm_selectivity,scaffold,Random Forest (pathway one-hot),pathway,0,0,rmse,0.24771513640034803
gbm_selectivity,scaffold,Random Forest (pathway one-hot),pathway,0,0,mae,0.20216285940869116
gbm_selectivity,scaffold,Random Forest (pathway one-hot),pathway,0,0,r2,0.013727121298778955
gbm_selectivity,scaffold,Random Forest (pathway one-hot),pathway,0,0,pearson_r,0.2217710864647649
gbm_selectivity,scaffold,Random Forest (pathway one-hot),pathway,0,0,spearman_rho,0.206834727629317
gbm_selectivity,scaffold,Random Forest (pathway one-hot),pathway,0,1,rmse,0.30884078860982056
gbm_selectivity,scaffold,Random Forest (pathway one-hot),pathway,0,1,mae,0.2250640608362184
gbm_selectivity,scaffold,Random Forest (pathway one-hot),pathway,0,1,r2,0.040858950663972604
gbm_selectivity,scaffold,Random Forest (pathway one-hot),pathway,0,1,pearson_r,0.2179688745916411
gbm_selectivity,scaffold,Random Forest (pathway one-hot),pathway,0,1,spearman_rho,0.15957735739708567
gbm_selectivity,scaffold,Random Forest (pathway one-hot),pathway,0,2,rmse,0.2593531320531288
gbm_selectivity,scaffold,Random Forest (pathway one-hot),pathway,0,2,mae,0.20623636300917964
gbm_selectivity,scaffold,Random Forest (pathway one-hot),pathway,0,2,r2,0.1438107760837002
gbm_selectivity,scaffold,Random Forest (pathway one-hot),pathway,0,2,pearson_r,0.37998598990815496
gbm_selectivity,scaffold,Random Forest (pathway one-hot),pathway,0,2,spearman_rho,0.3067278358955756
gbm_selectivity,scaffold,Random Forest (pathway one-hot),pathway,0,3,rmse,0.26504758727258043
gbm_selectivity,scaffold,Random Forest (pathway one-hot),pathway,0,3,mae,0.20952931611931097
gbm_selectivity,scaffold,Random Forest (pathway one-hot),pathway,0,3,r2,0.12080441147832721
gbm_selectivity,scaffold,Random Forest (pathway one-hot),pathway,0,3,pearson_r,0.3482113129177714
gbm_selectivity,scaffold,Random Forest (pathway one-hot),pathway,0,3,spearman_rho,0.3130321432935254
gbm_selectivity,scaffold,Random Forest (pathway one-hot),pathway,0,4,rmse,0.27968787744550555
gbm_selectivity,scaffold,Random Forest (pathway one-hot),pathway,0,4,mae,0.2229398462265691
gbm_selectivity,scaffold,Random Forest (pathway one-hot),pathway,0,4,r2,-0.14796403342209064
gbm_selectivity,scaffold,Random Forest (pathway one-hot),pathway,0,4,pearson_r,0.13550729378378032
gbm_selectivity,scaffold,Random Forest (pathway one-hot),pathway,0,4,spearman_rho,0.11741007267666927
gbm_selectivity,scaffold,Random Forest (descriptors + pathway),descriptors_pathway,0,0,rmse,0.2488105173297014
gbm_selectivity,scaffold,Random Forest (descriptors + pathway),descriptors_pathway,0,0,mae,0.2056747613025177
gbm_selectivity,scaffold,Random Forest (descriptors + pathway),descriptors_pathway,0,0,r2,0.004985361499143748
gbm_selectivity,scaffold,Random Forest (descriptors + pathway),descriptors_pathway,0,0,pearson_r,0.17954616158608072
gbm_selectivity,scaffold,Random Forest (descriptors + pathway),descriptors_pathway,0,0,spearman_rho,0.17955648642346303
gbm_selectivity,scaffold,Random Forest (descriptors + pathway),descriptors_pathway,0,1,rmse,0.30716482999495137
gbm_selectivity,scaffold,Random Forest (descriptors + pathway),descriptors_pathway,0,1,mae,0.2298633361730223
gbm_selectivity,scaffold,Random Forest (descriptors + pathway),descriptors_pathway,0,1,r2,0.051240475241892014
gbm_selectivity,scaffold,Random Forest (descriptors + pathway),descriptors_pathway,0,1,pearson_r,0.24631668079726654
gbm_selectivity,scaffold,Random Forest (descriptors + pathway),descriptors_pathway,0,1,spearman_rho,0.23659332789309395
gbm_selectivity,scaffold,Random Forest (descriptors + pathway),descriptors_pathway,0,2,rmse,0.2702667337583279
gbm_selectivity,scaffold,Random Forest (descriptors + pathway),descriptors_pathway,0,2,mae,0.21554311695140935
gbm_selectivity,scaffold,Random Forest (descriptors + pathway),descriptors_pathway,0,2,r2,0.07023766339965232
gbm_selectivity,scaffold,Random Forest (descriptors + pathway),descriptors_pathway,0,2,pearson_r,0.2668971475800248
gbm_selectivity,scaffold,Random Forest (descriptors + pathway),descriptors_pathway,0,2,spearman_rho,0.23703228485686115
gbm_selectivity,scaffold,Random Forest (descriptors + pathway),descriptors_pathway,0,3,rmse,0.27464707850911785
gbm_selectivity,scaffold,Random Forest (descriptors + pathway),descriptors_pathway,0,3,mae,0.21896641243834683
gbm_selectivity,scaffold,Random Forest (descriptors + pathway),descriptors_pathway,0,3,r2,0.055965736377712405
gbm_selectivity,scaffold,Random Forest (descriptors + pathway),descriptors_pathway,0,3,pearson_r,0.2463675033785692
gbm_selectivity,scaffold,Random Forest (descriptors + pathway),descriptors_pathway,0,3,spearman_rho,0.1775092103855326
gbm_selectivity,scaffold,Random Forest (descriptors + pathway),descriptors_pathway,0,4,rmse,0.2594018392977434
gbm_selectivity,scaffold,Random Forest (descriptors + pathway),descriptors_pathway,0,4,mae,0.2041620012344624
gbm_selectivity,scaffold,Random Forest (descriptors + pathway),descriptors_pathway,0,4,r2,0.012522752984165275
gbm_selectivity,scaffold,Random Forest (descriptors + pathway),descriptors_pathway,0,4,pearson_r,0.19853978278369674
gbm_selectivity,scaffold,Random Forest (descriptors + pathway),descriptors_pathway,0,4,spearman_rho,0.20173051461309074
gbm_selectivity,scaffold,GNN-GCN (smiles),smiles,0,0,rmse,0.2540574599265253
gbm_selectivity,scaffold,GNN-GCN (smiles),smiles,0,0,mae,0.20788837140515148
gbm_selectivity,scaffold,GNN-GCN (smiles),smiles,0,0,r2,-0.037423078294092305
gbm_selectivity,scaffold,GNN-GCN (smiles),smiles,0,0,pearson_r,0.11015233824631544
gbm_selectivity,scaffold,GNN-GCN (smiles),smiles,0,0,spearman_rho,0.06597481013255342
gbm_selectivity,scaffold,GNN-GCN (smiles),smiles,0,1,rmse,0.31525271011849526
gbm_selectivity,scaffold,GNN-GCN (smiles),smiles,0,1,mae,0.23600012149651636
gbm_selectivity,scaffold,GNN-GCN (smiles),smiles,0,1,r2,0.000619594004181323
gbm_selectivity,scaffold,GNN-GCN (smiles),smiles,0,1,pearson_r,0.0695364650262853
gbm_selectivity,scaffold,GNN-GCN (smiles),smiles,0,1,spearman_rho,0.0941459502806736
gbm_selectivity,scaffold,GNN-GCN (smiles),smiles,0,2,rmse,0.270806389375837
gbm_selectivity,scaffold,GNN-GCN (smiles),smiles,0,2,mae,0.2036588350250957
gbm_selectivity,scaffold,GNN-GCN (smiles),smiles,0,2,r2,0.06652094697279509
gbm_selectivity,scaffold,GNN-GCN (smiles),smiles,0,2,pearson_r,0.2623403148681278
gbm_selectivity,scaffold,GNN-GCN (smiles),smiles,0,2,spearman_rho,0.2834945044577574
gbm_selectivity,scaffold,GNN-GCN (smiles),smiles,0,3,rmse,0.2788247751216518
gbm_selectivity,scaffold,GNN-GCN (smiles),smiles,0,3,mae,0.21603775045695411
gbm_selectivity,scaffold,GNN-GCN (smiles),smiles,0,3,r2,0.027027622059053735
gbm_selectivity,scaffold,GNN-GCN (smiles),smiles,0,3,pearson_r,0.25231237894154757
gbm_selectivity,scaffold,GNN-GCN (smiles),smiles,0,3,spearman_rho,0.23490730694844097
gbm_selectivity,scaffold,GNN-GCN (smiles),smiles,0,4,rmse,0.3039339066208534
gbm_selectivity,scaffold,GNN-GCN (smiles),smiles,0,4,mae,0.2463926587416066
gbm_selectivity,scaffold,GNN-GCN (smiles),smiles,0,4,r2,-0.3556241591363294
gbm_selectivity,scaffold,GNN-GCN (smiles),smiles,0,4,pearson_r,-0.03487994084425563
gbm_selectivity,scaffold,GNN-GCN (smiles),smiles,0,4,spearman_rho,-0.004172387006044551
gbm_selectivity,scaffold,GNN-GAT (smiles),smiles,0,0,rmse,0.2511017194664495
gbm_selectivity,scaffold,GNN-GAT (smiles),smiles,0,0,mae,0.20561111436374657
gbm_selectivity,scaffold,GNN-GAT (smiles),smiles,0,0,r2,-0.013424442922397972
gbm_selectivity,scaffold,GNN-GAT (smiles),smiles,0,0,pearson_r,0.1860919146810891
gbm_selectivity,scaffold,GNN-GAT (smiles),smiles,0,0,spearman_rho,0.17622529364592668
gbm_selectivity,scaffold,GNN-GAT (smiles),smiles,0,1,rmse,0.31521253664843374
gbm_selectivity,scaffold,GNN-GAT (smiles),smiles,0,1,mae,0.2343826964345226
gbm_selectivity,scaffold,GNN-GAT (smiles),smiles,0,1,r2,0.0008742850467200469
gbm_selectivity,scaffold,GNN-GAT (smiles),smiles,0,1,pearson_r,0.08962021563599157
gbm_selectivity,scaffold,GNN-GAT (smiles),smiles,0,1,spearman_rho,0.06970205861019305
gbm_selectivity,scaffold,GNN-GAT (smiles),smiles,0,2,rmse,0.2783096797493059
gbm_selectivity,scaffold,GNN-GAT (smiles),smiles,0,2,mae,0.21374213402413103
gbm_selectivity,scaffold,GNN-GAT (smiles),smiles,0,2,r2,0.014076118422574058
gbm_selectivity,scaffold,GNN-GAT (smiles),smiles,0,2,pearson_r,0.14543344501078273
gbm_selectivity,scaffold,GNN-GAT (smiles),smiles,0,2,spearman_rho,0.2721732157177225
gbm_selectivity,scaffold,GNN-GAT (smiles),smiles,0,3,rmse,0.2845063355095441
gbm_selectivity,scaffold,GNN-GAT (smiles),smiles,0,3,mae,0.2250281693556934
gbm_selectivity,scaffold,GNN-GAT (smiles),smiles,0,3,r2,-0.013028523195789843
gbm_selectivity,scaffold,GNN-GAT (smiles),smiles,0,3,pearson_r,0.06828984326583018
gbm_selectivity,scaffold,GNN-GAT (smiles),smiles,0,3,spearman_rho,0.05071017835887525
gbm_selectivity,scaffold,GNN-GAT (smiles),smiles,0,4,rmse,0.2874009597085563
gbm_selectivity,scaffold,GNN-GAT (smiles),smiles,0,4,mae,0.22287682574827958
gbm_selectivity,scaffold,GNN-GAT (smiles),smiles,0,4,r2,-0.21215295172991588
gbm_selectivity,scaffold,GNN-GAT (smiles),smiles,0,4,pearson_r,0.01908570113696804
gbm_selectivity,scaffold,GNN-GAT (smiles),smiles,0,4,spearman_rho,0.10858954753670512
gbm_potency,grouped,Baseline,descriptors,0,0,rmse,2.6786257063116508
gbm_potency,grouped,Baseline,descriptors,0,0,mae,1.944512019208196
gbm_potency,grouped,Baseline,descriptors,0,0,r2,-0.0348315399715291
gbm_potency,grouped,Baseline,descriptors,0,0,pearson_r,0.0
gbm_potency,grouped,Baseline,descriptors,0,0,spearman_rho,0.0
gbm_potency,grouped,Baseline,descriptors,0,1,rmse,2.6185518596012116
gbm_potency,grouped,Baseline,descriptors,0,1,mae,1.981166641848261
gbm_potency,grouped,Baseline,descriptors,0,1,r2,-0.009001158466642734
gbm_potency,grouped,Baseline,descriptors,0,1,pearson_r,0.0
gbm_potency,grouped,Baseline,descriptors,0,1,spearman_rho,0.0
gbm_potency,grouped,Baseline,descriptors,0,2,rmse,2.29070442580376
gbm_potency,grouped,Baseline,descriptors,0,2,mae,1.8179000310641822
gbm_potency,grouped,Baseline,descriptors,0,2,r2,-0.010452105932065026
gbm_potency,grouped,Baseline,descriptors,0,2,pearson_r,0.0
gbm_potency,grouped,Baseline,descriptors,0,2,spearman_rho,0.0
gbm_potency,grouped,Baseline,descriptors,0,3,rmse,2.2837569877695807
gbm_potency,grouped,Baseline,descriptors,0,3,mae,1.7442677510002014
gbm_potency,grouped,Baseline,descriptors,0,3,r2,-0.0007147574111192601
gbm_potency,grouped,Baseline,descriptors,0,3,pearson_r,0.0
gbm_potency,grouped,Baseline,descriptors,0,3,spearman_rho,0.0
gbm_potency,grouped,Baseline,descriptors,0,4,rmse,2.2032473770928545
gbm_potency,grouped,Baseline,descriptors,0,4,mae,1.610682925065116
gbm_potency,grouped,Baseline,descriptors,0,4,r2,-0.08009958734929667
gbm_potency,grouped,Baseline,descriptors,0,4,pearson_r,0.0
gbm_potency,grouped,Baseline,descriptors,0,4,spearman_rho,0.0
gbm_potency,grouped,Baseline,descriptors,1,0,rmse,2.4030602033466777
gbm_potency,grouped,Baseline,descriptors,1,0,mae,1.8044532833859879
gbm_potency,grouped,Baseline,descriptors,1,0,r2,-0.0006892042306938517
gbm_potency,grouped,Baseline,descriptors,1,0,pearson_r,0.0
gbm_potency,grouped,Baseline,descriptors,1,0,spearman_rho,0.0
gbm_potency,grouped,Baseline,descriptors,1,1,rmse,2.8005406295890314
gbm_potency,grouped,Baseline,descriptors,1,1,mae,2.0196698765977352
gbm_potency,grouped,Baseline,descriptors,1,1,r2,-0.047041726932512073
gbm_potency,grouped,Baseline,descriptors,1,1,pearson_r,0.0
gbm_potency,grouped,Baseline,descriptors,1,1,spearman_rho,0.0
gbm_potency,grouped,Baseline,descriptors,1,2,rmse,2.552770408709883
gbm_potency,grouped,Baseline,descriptors,1,2,mae,2.0063848793761974
gbm_potency,grouped,Baseline,descriptors,1,2,r2,-0.0017616596956753217
gbm_potency,grouped,Baseline,descriptors,1,2,pearson_r,0.0
gbm_potency,grouped,Baseline,descriptors,1,2,spearman_rho,0.0
gbm_potency,grouped,Baseline,descriptors,1,3,rmse,1.9928646244699724
gbm_potency,grouped,Baseline,descriptors,1,3,mae,1.5066074810559005
gbm_potency,grouped,Baseline,descriptors,1,3,r2,-0.03673725763593749
gbm_potency,grouped,Baseline,descriptors,1,3,pearson_r,0.0
gbm_potency,grouped,Baseline,descriptors,1,3,spearman_rho,0.0
gbm_potency,grouped,Baseline,descriptors,1,4,rmse,2.2862649609777135
gbm_potency,grouped,Baseline,descriptors,1,4,mae,1.7329065322975379
gbm_potency,grouped,Baseline,descriptors,1,4,r2,-0.006609181115330154
gbm_potency,grouped,Baseline,descriptors,1,4,pearson_r,0.0
gbm_potency,grouped,Baseline,descriptors,1,4,spearman_rho,0.0
gbm_potency,grouped,Baseline,descriptors,2,0,rmse,2.569250835650655
gbm_potency,grouped,Baseline,descriptors,2,0,mae,1.949693128647743
gbm_potency,grouped,Baseline,descriptors,2,0,r2,-0.027450006997933762
gbm_potency,grouped,Baseline,descriptors,2,0,pearson_r,0.0
gbm_potency,grouped,Baseline,descriptors,2,0,spearman_rho,0.0
gbm_potency,grouped,Baseline,descriptors,2,1,rmse,2.4440478698033528
gbm_potency,grouped,Baseline,descriptors,2,1,mae,1.8471940461275609
gbm_potency,grouped,Baseline,descriptors,2,1,r2,-0.007146879754468705
gbm_potency,grouped,Baseline,descriptors,2,1,pearson_r,0.0
gbm_potency,grouped,Baseline,descriptors,2,1,spearman_rho,0.0
gbm_potency,grouped,Baseline,descriptors,2,2,rmse,2.6037025703836987
gbm_potency,grouped,Baseline,descriptors,2,2,mae,1.9633581873023254
gbm_potency,grouped,Baseline,descriptors,2,2,r2,-7.260268105779843e-05
gbm_potency,grouped,Baseline,descriptors,2,2,pearson_r,0.0
gbm_potency,grouped,Baseline,descriptors,2,2,spearman_rho,0.0
gbm_potency,grouped,Baseline,descriptors,2,3,rmse,2.2606971937975113
gbm_potency,grouped,Baseline,descriptors,2,3,mae,1.6835732731832667
gbm_potency,grouped,Baseline,descriptors,2,3,r2,-0.01736815143508963
gbm_potency,grouped,Baseline,descriptors,2,3,pearson_r,0.0
gbm_potency,grouped,Baseline,descriptors,2,3,spearman_rho,0.0
gbm_potency,grouped,Baseline,descriptors,2,4,rmse,2.19582563502731
gbm_potency,grouped,Baseline,descriptors,2,4,mae,1.651994362507936
gbm_potency,grouped,Baseline,descriptors,2,4,r2,-0.0027170183407971837
gbm_potency,grouped,Baseline,descriptors,2,4,pearson_r,0.0
gbm_potency,grouped,Baseline,descriptors,2,4,spearman_rho,0.0
gbm_potency,grouped,Baseline,descriptors,3,0,rmse,2.383242803507491
gbm_potency,grouped,Baseline,descriptors,3,0,mae,1.867764962417921
gbm_potency,grouped,Baseline,descriptors,3,0,r2,-0.01019807803711048
gbm_potency,grouped,Baseline,descriptors,3,0,pearson_r,0.0
gbm_potency,grouped,Baseline,descriptors,3,0,spearman_rho,0.0
gbm_potency,grouped,Baseline,descriptors,3,1,rmse,1.9476128240531627
gbm_potency,grouped,Baseline,descriptors,3,1,mae,1.540109711809614
gbm_potency,grouped,Baseline,descriptors,3,1,r2,-0.0516339969326538
gbm_potency,grouped,Baseline,descriptors,3,1,pearson_r,0.0
gbm_potency,grouped,Baseline,descriptors,3,1,spearman_rho,0.0
gbm_potency,grouped,Baseline,descriptors,3,2,rmse,2.143429172834966
gbm_potency,grouped,Baseline,descriptors,3,2,mae,1.6174102627566045
gbm_potency,grouped,Baseline,descriptors,3,2,r2,-0.058819376162905224
gbm_potency,grouped,Baseline,descriptors,3,2,pearson_r,0.0
gbm_potency,grouped,Baseline,descriptors,3,2,spearman_rho,0.0
gbm_potency,grouped,Baseline,descriptors,3,3,rmse,3.0121854574677567
gbm_potency,grouped,Baseline,descriptors,3,3,mae,2.230326880559006
gbm_potency,grouped,Baseline,descriptors,3,3,r2,-0.0002378252396237901
gbm_potency,grouped,Baseline,descriptors,3,3,pearson_r,0.0
gbm_potency,grouped,Baseline,descriptors,3,3,spearman_rho,0.0
gbm_potency,grouped,Baseline,descriptors,3,4,rmse,2.5137810018452598
gbm_potency,grouped,Baseline,descriptors,3,4,mae,1.8523708469113398
gbm_potency,grouped,Baseline,descriptors,3,4,r2,-0.006577645456049108
gbm_potency,grouped,Baseline,descriptors,3,4,pearson_r,0.0
gbm_potency,grouped,Baseline,descriptors,3,4,spearman_rho,0.0
gbm_potency,grouped,Baseline,descriptors,4,0,rmse,2.6094187077707973
gbm_potency,grouped,Baseline,descriptors,4,0,mae,1.9114865670052201
gbm_potency,grouped,Baseline,descriptors,4,0,r2,-7.403472615563622e-05
gbm_potency,grouped,Baseline,descriptors,4,0,pearson_r,0.0
gbm_potency,grouped,Baseline,descriptors,4,0,spearman_rho,0.0
gbm_potency,grouped,Baseline,descriptors,4,1,rmse,2.4058790873210567
gbm_potency,grouped,Baseline,descriptors,4,1,mae,1.8925228240455878
gbm_potency,grouped,Baseline,descriptors,4,1,r2,-0.008969135019260444
gbm_potency,grouped,Baseline,descriptors,4,1,pearson_r,0.0
gbm_potency,grouped,Baseline,descriptors,4,1,spearman_rho,0.0
gbm_potency,grouped,Baseline,descriptors,4,2,rmse,2.2581301882222498
gbm_potency,grouped,Baseline,descriptors,4,2,mae,1.574518004712644
gbm_potency,grouped,Baseline,descriptors,4,2,r2,-0.00141033412130942
gbm_potency,grouped,Baseline,descriptors,4,2,pearson_r,0.0
gbm_potency,grouped,Baseline,descriptors,4,2,spearman_rho,0.0
gbm_potency,grouped,Baseline,descriptors,4,3,rmse,2.3717393163366123
gbm_potency,grouped,Baseline,descriptors,4,3,mae,1.8227698840324362
gbm_potency,grouped,Baseline,descriptors,4,3,r2,-0.02141857214463805
gbm_potency,grouped,Baseline,descriptors,4,3,pearson_r,0.0
gbm_potency,grouped,Baseline,descriptors,4,3,spearman_rho,0.0
gbm_potency,grouped,Baseline,descriptors,4,4,rmse,2.4347732544266436
gbm_potency,grouped,Baseline,descriptors,4,4,mae,1.871353338674948
gbm_potency,grouped,Baseline,descriptors,4,4,r2,-2.820954525528663e-07
gbm_potency,grouped,Baseline,descriptors,4,4,pearson_r,0.0
gbm_potency,grouped,Baseline,descriptors,4,4,spearman_rho,0.0
gbm_potency,grouped,Linear (descriptors),descriptors,0,0,rmse,2.527805563530018
gbm_potency,grouped,Linear (descriptors),descriptors,0,0,mae,1.8348770532578496
gbm_potency,grouped,Linear (descriptors),descriptors,0,0,r2,0.07842025116422613
gbm_potency,grouped,Linear (descriptors),descriptors,0,0,pearson_r,0.31884752888355694
gbm_potency,grouped,Linear (descriptors),descriptors,0,0,spearman_rho,0.2769466494210978
gbm_potency,grouped,Linear (descriptors),descriptors,0,1,rmse,2.4463046413755203
gbm_potency,grouped,Linear (descriptors),descriptors,0,1,mae,1.914726421519115
gbm_potency,grouped,Linear (descriptors),descriptors,0,1,r2,0.11937626886411035
gbm_potency,grouped,Linear (descriptors),descriptors,0,1,pearson_r,0.3617447999964072
gbm_potency,grouped,Linear (descriptors),descriptors,0,1,spearman_rho,0.2245504462616682
gbm_potency,grouped,Linear (descriptors),descriptors,0,2,rmse,2.1170282322666534
gbm_potency,grouped,Linear (descriptors),descriptors,0,2,mae,1.6840718792589449
gbm_potency,grouped,Linear (descriptors),descriptors,0,2,r2,0.13696000355788718
gbm_potency,grouped,Linear (descriptors),descriptors,0,2,pearson_r,0.40199396854492475
gbm_potency,grouped,Linear (descriptors),descriptors,0,2,spearman_rho,0.41179716410957995
gbm_potency,grouped,Linear (descriptors),descriptors,0,3,rmse,2.129664733981707
gbm_potency,grouped,Linear (descriptors),descriptors,0,3,mae,1.7326296988659788
gbm_potency,grouped,Linear (descriptors),descriptors,0,3,r2,0.1297720968396182
gbm_potency,grouped,Linear (descriptors),descriptors,0,3,pearson_r,0.4082404442967059
gbm_potency,grouped,Linear (descriptors),descriptors,0,3,spearman_rho,0.2487856889923939
gbm_potency,grouped,Linear (descriptors),descriptors,0,4,rmse,2.1100330227352093
gbm_potency,grouped,Linear (descriptors),descriptors,0,4,mae,1.5446324690046878
gbm_potency,grouped,Linear (descriptors),descriptors,0,4,r2,0.00936017997884564
gbm_potency,grouped,Linear (descriptors),descriptors,0,4,pearson_r,0.23651833943133982
gbm_potency,grouped,Linear (descriptors),descriptors,0,4,spearman_rho,0.25704210570505015
gbm_potency,grouped,Linear (descriptors),descriptors,1,0,rmse,2.3122194659482607
gbm_potency,grouped,Linear (descriptors),descriptors,1,0,mae,1.7513231938910436
gbm_potency,grouped,Linear (descriptors),descriptors,1,0,r2,0.07353713111661342
gbm_potency,grouped,Linear (descriptors),descriptors,1,0,pearson_r,0.34573455915751844
gbm_potency,grouped,Linear (descriptors),descriptors,1,0,spearman_rho,0.43824083985179196
gbm_potency,grouped,Linear (descriptors),descriptors,1,1,rmse,2.601191008592567
gbm_potency,grouped,Linear (descriptors),descriptors,1,1,mae,1.8923027218350403
gbm_potency,grouped,Linear (descriptors),descriptors,1,1,r2,0.09671515780418505
gbm_potency,grouped,Linear (descriptors),descriptors,1,1,pearson_r,0.4088526266359835
gbm_potency,grouped,Linear (descriptors),descriptors,1,1,spearman_rho,0.33160367569451343
gbm_potency,grouped,Linear (descriptors),descriptors,1,2,rmse,2.299530762253136
gbm_potency,grouped,Linear (descriptors),descriptors,1,2,mae,1.860796544597359
gbm_potency,grouped,Linear (descriptors),descriptors,1,2,r2,0.18713328675193142
gbm_potency,grouped,Linear (descriptors),descriptors,1,2,pearson_r,0.486462763744624
gbm_potency,grouped,Linear (descriptors),descriptors,1,2,spearman_rho,0.34497112539389124
gbm_potency,grouped,Linear (descriptors),descriptors,1,3,rmse,1.8874002601218982
gbm_potency,grouped,Linear (descriptors),descriptors,1,3,mae,1.4534535528409194
gbm_potency,grouped,Linear (descriptors),descriptors,1,3,r2,0.07008954331126005
gbm_potency,grouped,Linear (descriptors),descriptors,1,3,pearson_r,0.33210822398674306
gbm_potency,grouped,Linear (descriptors),descriptors,1,3,spearman_rho,0.2420585302173884
gbm_potency,grouped,Linear (descriptors),descriptors,1,4,rmse,2.2551764788444646
gbm_potency,grouped,Linear (descriptors),descriptors,1,4,mae,1.7332285755711139
gbm_potency,grouped,Linear (descriptors),descriptors,1,4,r2,0.020580305243114494
gbm_potency,grouped,Linear (descriptors),descriptors,1,4,pearson_r,0.1815546671172802
gbm_potency,grouped,Linear (descriptors),descriptors,1,4,spearman_rho,0.19780337897542882
gbm_potency,grouped,Linear (descriptors),descriptors,2,0,rmse,2.280723232621046
gbm_potency,grouped,Linear (descriptors),descriptors,2,0,mae,1.767021605578492
gbm_potency,grouped,Linear (descriptors),descriptors,2,0,r2,0.19035831583752394
gbm_potency,grouped,Linear (descriptors),descriptors,2,0,pearson_r,0.5204719595519893
gbm_potency,grouped,Linear (descriptors),descriptors,2,0,spearman_rho,0.34690417678827545
gbm_potency,grouped,Linear (descriptors),descriptors,2,1,rmse,2.3356362920085387
gbm_potency,grouped,Linear (descriptors),descriptors,2,1,mae,1.814456964161652
gbm_potency,grouped,Linear (descriptors),descriptors,2,1,r2,0.08022028870713027
gbm_potency,grouped,Linear (descriptors),descriptors,2,1,pearson_r,0.3394197017320608
gbm_potency,grouped,Linear (descriptors),descriptors,2,1,spearman_rho,0.3452009552378401
gbm_potency,grouped,Linear (descriptors),descriptors,2,2,rmse,2.5160923081183606
gbm_potency,grouped,Linear (descriptors),descriptors,2,2,mae,1.8111240650506362
gbm_potency,grouped,Linear (descriptors),descriptors,2,2,r2,0.0660966649949043
gbm_potency,grouped,Linear (descriptors),descriptors,2,2,pearson_r,0.29315852011230614
gbm_potency,grouped,Linear (descriptors),descriptors,2,2,spearman_rho,0.35784989106546233
gbm_potency,grouped,Linear (descriptors),descriptors,2,3,rmse,2.1528151945425025
gbm_potency,grouped,Linear (descriptors),descriptors,2,3,mae,1.6558844734028755
gbm_potency,grouped,Linear (descriptors),descriptors,2,3,r2,0.07741402645647966
gbm_potency,grouped,Linear (descriptors),descriptors,2,3,pearson_r,0.3132642285009124
gbm_potency,grouped,Linear (descriptors),descriptors,2,3,spearman_rho,0.18623783535760874
gbm_potency,grouped,Linear (descriptors),descriptors,2,4,rmse,2.1606949160296574
gbm_potency,grouped,Linear (descriptors),descriptors,2,4,mae,1.6355876108839325
gbm_potency,grouped,Linear (descriptors),descriptors,2,4,r2,0.029110991927103314
gbm_potency,grouped,Linear (descriptors),descriptors,2,4,pearson_r,0.23244079845528923
gbm_potency,grouped,Linear (descriptors),descriptors,2,4,spearman_rho,0.1678250877063506
gbm_potency,grouped,Linear (descriptors),descriptors,3,0,rmse,2.236531080488107
gbm_potency,grouped,Linear (descriptors),descriptors,3,0,mae,1.7553496262991153
gbm_potency,grouped,Linear (descriptors),descriptors,3,0,r2,0.1103486687031775
gbm_potency,grouped,Linear (descriptors),descriptors,3,0,pearson_r,0.3391136670504947
gbm_potency,grouped,Linear (descriptors),descriptors,3,0,spearman_rho,0.26906521920010007
gbm_potency,grouped,Linear (descriptors),descriptors,3,1,rmse,1.933493572883696
gbm_potency,grouped,Linear (descriptors),descriptors,3,1,mae,1.5345073491074261
gbm_potency,grouped,Linear (descriptors),descriptors,3,1,r2,-0.03644159019045912
gbm_potency,grouped,Linear (descriptors),descriptors,3,1,pearson_r,0.26596877735971525
gbm_potency,grouped,Linear (descriptors),descriptors,3,1,spearman_rho,0.31433207858944634
gbm_potency,grouped,Linear (descriptors),descriptors,3,2,rmse,2.128460829523088
gbm_potency,grouped,Linear (descriptors),descriptors,3,2,mae,1.6251449697033804
gbm_potency,grouped,Linear (descriptors),descriptors,3,2,r2,-0.04408277253115189
gbm_potency,grouped,Linear (descriptors),descriptors,3,2,pearson_r,0.2045132971941518
gbm_potency,grouped,Linear (descriptors),descriptors,3,2,spearman_rho,0.18620482260187132
gbm_potency,grouped,Linear (descriptors),descriptors,3,3,rmse,2.8109991798387166
gbm_potency,grouped,Linear (descriptors),descriptors,3,3,mae,2.1871541908883336
gbm_potency,grouped,Linear (descriptors),descriptors,3,3,r2,0.12891347265986297
gbm_potency,grouped,Linear (descriptors),descriptors,3,3,pearson_r,0.37917437416174704
gbm_potency,grouped,Linear (descriptors),descriptors,3,3,spearman_rho,0.2276208748681331
gbm_potency,grouped,Linear (descriptors),descriptors,3,4,rmse,2.2602548608543747
gbm_potency,grouped,Linear (descriptors),descriptors,3,4,mae,1.6623869197099632
gbm_potency,grouped,Linear (descriptors),descriptors,3,4,r2,0.1862196000422005
gbm_potency,grouped,Linear (descriptors),descriptors,3,4,pearson_r,0.46812468312964456
gbm_potency,grouped,Linear (descriptors),descriptors,3,4,spearman_rho,0.3975522628104848
gbm_potency,grouped,Linear (descriptors),descriptors,4,0,rmse,2.4527138054460234
gbm_potency,grouped,Linear (descriptors),descriptors,4,0,mae,1.7902194689273676
gbm_potency,grouped,Linear (descriptors),descriptors,4,0,r2,0.1164352942737682
gbm_potency,grouped,Linear (descriptors),descriptors,4,0,pearson_r,0.3504743468011083
gbm_potency,grouped,Linear (descriptors),descriptors,4,0,spearman_rho,0.27079834708830147
gbm_potency,grouped,Linear (descriptors),descriptors,4,1,rmse,2.5054870568539567
gbm_potency,grouped,Linear (descriptors),descriptors,4,1,mae,1.8858354451754833
gbm_potency,grouped,Linear (descriptors),descriptors,4,1,r2,-0.09424510857768365
gbm_potency,grouped,Linear (descriptors),descriptors,4,1,pearson_r,0.1756339724339506
gbm_potency,grouped,Linear (descriptors),descriptors,4,1,spearman_rho,0.30185539060030653
gbm_potency,grouped,Linear (descriptors),descriptors,4,2,rmse,2.1054729775252534
gbm_potency,grouped,Linear (descriptors),descriptors,4,2,mae,1.5653692256037057
gbm_potency,grouped,Linear (descriptors),descriptors,4,2,r2,0.12941043145269293
gbm_potency,grouped,Linear (descriptors),descriptors,4,2,pearson_r,0.3658456205643278
gbm_potency,grouped,Linear (descriptors),descriptors,4,2,spearman_rho,0.3608362039712082
gbm_potency,grouped,Linear (descriptors),descriptors,4,3,rmse,2.170326675125441
gbm_potency,grouped,Linear (descriptors),descriptors,4,3,mae,1.72468324044933
gbm_potency,grouped,Linear (descriptors),descriptors,4,3,r2,0.14469687084970062
gbm_potency,grouped,Linear (descriptors),descriptors,4,3,pearson_r,0.4480634010579092
gbm_potency,grouped,Linear (descriptors),descriptors,4,3,spearman_rho,0.33928490070749967
gbm_potency,grouped,Linear (descriptors),descriptors,4,4,rmse,2.1392700963327544
gbm_potency,grouped,Linear (descriptors),descriptors,4,4,mae,1.6929807422126026
gbm_potency,grouped,Linear (descriptors),descriptors,4,4,r2,0.22800530048191214
gbm_potency,grouped,Linear (descriptors),descriptors,4,4,pearson_r,0.507476252175005
gbm_potency,grouped,Linear (descriptors),descriptors,4,4,spearman_rho,0.39985015617681613
gbm_potency,grouped,KNN-Jaccard (morgan),morgan,0,0,rmse,2.502282372421359
gbm_potency,grouped,KNN-Jaccard (morgan),morgan,0,0,mae,1.7801822449913542
gbm_potency,grouped,KNN-Jaccard (morgan),morgan,0,0,r2,0.09693663359124816
gbm_potency,grouped,KNN-Jaccard (morgan),morgan,0,0,pearson_r,0.3445788008234803
gbm_potency,grouped,KNN-Jaccard (morgan),morgan,0,0,spearman_rho,0.29798897668001756
gbm_potency,grouped,KNN-Jaccard (morgan),morgan,0,1,rmse,2.4538773791497888
gbm_potency,grouped,KNN-Jaccard (morgan),morgan,0,1,mae,1.783613788459345
gbm_potency,grouped,KNN-Jaccard (morgan),morgan,0,1,r2,0.11391574339512767
gbm_potency,grouped,KNN-Jaccard (morgan),morgan,0,1,pearson_r,0.35768585271278935
gbm_potency,grouped,KNN-Jaccard (morgan),morgan,0,1,spearman_rho,0.3801252901276784
gbm_potency,grouped,KNN-Jaccard (morgan),morgan,0,2,rmse,2.0656591260865693
gbm_potency,grouped,KNN-Jaccard (morgan),morgan,0,2,mae,1.637403289089516
gbm_potency,grouped,KNN-Jaccard (morgan),morgan,0,2,r2,0.17833472057044242
gbm_potency,grouped,KNN-Jaccard (morgan),morgan,0,2,pearson_r,0.4450439419353332
gbm_potency,grouped,KNN-Jaccard (morgan),morgan,0,2,spearman_rho,0.38587823164527874
gbm_potency,grouped,KNN-Jaccard (morgan),morgan,0,3,rmse,1.889434045150718
gbm_potency,grouped,KNN-Jaccard (morgan),morgan,0,3,mae,1.5045998437591963
gbm_potency,grouped,KNN-Jaccard (morgan),morgan,0,3,r2,0.3150261389082972
gbm_potency,grouped,KNN-Jaccard (morgan),morgan,0,3,pearson_r,0.5650344423954976
gbm_potency,grouped,KNN-Jaccard (morgan),morgan,0,3,spearman_rho,0.4104508216929458
gbm_potency,grouped,KNN-Jaccard (morgan),morgan,0,4,rmse,2.357295240082784
gbm_potency,grouped,KNN-Jaccard (morgan),morgan,0,4,mae,1.753954894577891
gbm_potency,grouped,KNN-Jaccard (morgan),morgan,0,4,r2,-0.23641776126915914
gbm_potency,grouped,KNN-Jaccard (morgan),morgan,0,4,pearson_r,0.08472224722020852
gbm_potency,grouped,KNN-Jaccard (morgan),morgan,0,4,spearman_rho,-0.017715461147726794
gbm_potency,grouped,KNN-Jaccard (morgan),morgan,1,0,rmse,2.057029810675377
gbm_potency,grouped,KNN-Jaccard (morgan),morgan,1,0,mae,1.5568128131083305
gbm_potency,grouped,KNN-Jaccard (morgan),morgan,1,0,r2,0.26675166887102275
gbm_potency,grouped,KNN-Jaccard (morgan),morgan,1,0,pearson_r,0.5288288878590737
gbm_potency,grouped,KNN-Jaccard (morgan),morgan,1,0,spearman_rho,0.38577077134672344
gbm_potency,grouped,KNN-Jaccard (morgan),morgan,1,1,rmse,2.4682059421467573
gbm_potency,grouped,KNN-Jaccard (morgan),morgan,1,1,mae,1.701718276239847
gbm_potency,grouped,KNN-Jaccard (morgan),morgan,1,1,r2,0.1867145151115892
gbm_potency,grouped,KNN-Jaccard (morgan),morgan,1,1,pearson_r,0.46592713392670615
gbm_potency,grouped,KNN-Jaccard (morgan),morgan,1,1,spearman_rho,0.44623280565036694
gbm_potency,grouped,KNN-Jaccard (morgan),morgan,1,2,rmse,2.301797857311819
gbm_potency,grouped,KNN-Jaccard (morgan),morgan,1,2,mae,1.7768430004284907
gbm_potency,grouped,KNN-Jaccard (morgan),morgan,1,2,r2,0.18552969477978598
gbm_potency,grouped,KNN-Jaccard (morgan),morgan,1,2,pearson_r,0.4534469570650392
gbm_potency,grouped,KNN-Jaccard (morgan),morgan,1,2,spearman_rho,0.39382835480045864
gbm_potency,grouped,KNN-Jaccard (morgan),morgan,1,3,rmse,2.01458732854314
gbm_potency,grouped,KNN-Jaccard (morgan),morgan,1,3,mae,1.6051600164818156
gbm_potency,grouped,KNN-Jaccard (morgan),morgan,1,3,r2,-0.059461809114484065
gbm_potency,grouped,KNN-Jaccard (morgan),morgan,1,3,pearson_r,0.3766274219775945
gbm_potency,grouped,KNN-Jaccard (morgan),morgan,1,3,spearman_rho,0.28504750960935055
gbm_potency,grouped,KNN-Jaccard (morgan),morgan,1,4,rmse,2.3585145044328053
gbm_potency,grouped,KNN-Jaccard (morgan),morgan,1,4,mae,1.8011146798784485
gbm_potency,grouped,KNN-Jaccard (morgan),morgan,1,4,r2,-0.0712352846303499
gbm_potency,grouped,KNN-Jaccard (morgan),morgan,1,4,pearson_r,0.14835853548675354
gbm_potency,grouped,KNN-Jaccard (morgan),morgan,1,4,spearman_rho,0.02668581870186712
gbm_potency,grouped,KNN-Jaccard (morgan),morgan,2,0,rmse,2.2700498529124955
gbm_potency,grouped,KNN-Jaccard (morgan),morgan,2,0,mae,1.7573124548562278
gbm_potency,grouped,KNN-Jaccard (morgan),morgan,2,0,r2,0.19791854269207965
gbm_potency,grouped,KNN-Jaccard (morgan),morgan,2,0,pearson_r,0.5088048441819839
gbm_potency,grouped,KNN-Jaccard (morgan),morgan,2,0,spearman_rho,0.46904665354601993
gbm_potency,grouped,KNN-Jaccard (morgan),morgan,2,1,rmse,2.2660446699934442
gbm_potency,grouped,KNN-Jaccard (morgan),morgan,2,1,mae,1.6736930374970669
gbm_potency,grouped,KNN-Jaccard (morgan),morgan,2,1,r2,0.13421445754755168
gbm_potency,grouped,KNN-Jaccard (morgan),morgan,2,1,pearson_r,0.3784335700770528
gbm_potency,grouped,KNN-Jaccard (morgan),morgan,2,1,spearman_rho,0.2520759472161901
gbm_potency,grouped,KNN-Jaccard (morgan),morgan,2,2,rmse,2.5249811706252188
gbm_potency,grouped,KNN-Jaccard (morgan),morgan,2,2,mae,1.7612526492275595
gbm_potency,grouped,KNN-Jaccard (morgan),morgan,2,2,r2,0.0594864132041375
gbm_potency,grouped,KNN-Jaccard (morgan),morgan,2,2,pearson_r,0.24850593947913122
gbm_potency,grouped,KNN-Jaccard (morgan),morgan,2,2,spearman_rho,0.3323855030987594
gbm_potency,grouped,KNN-Jaccard (morgan),morgan,2,3,rmse,2.110961795256268
gbm_potency,grouped,KNN-Jaccard (morgan),morgan,2,3,mae,1.6443738305117035
gbm_potency,grouped,KNN-Jaccard (morgan),morgan,2,3,r2,0.11293775688247631
gbm_potency,grouped,KNN-Jaccard (morgan),morgan,2,3,pearson_r,0.3578590543580068
gbm_potency,grouped,KNN-Jaccard (morgan),morgan,2,3,spearman_rho,0.2161264606064894
gbm_potency,grouped,KNN-Jaccard (morgan),morgan,2,4,rmse,2.096669978126613
gbm_potency,grouped,KNN-Jaccard (morgan),morgan,2,4,mae,1.5276133186130818
gbm_potency,grouped,KNN-Jaccard (morgan),morgan,2,4,r2,0.08579658890509156
gbm_potency,grouped,KNN-Jaccard (morgan),morgan,2,4,pearson_r,0.3139684017026208
gbm_potency,grouped,KNN-Jaccard (morgan),morgan,2,4,spearman_rho,0.2632999053385228
gbm_potency,grouped,KNN-Jaccard (morgan),morgan,3,0,rmse,2.10816077883708
gbm_potency,grouped,KNN-Jaccard (morgan),morgan,3,0,mae,1.6225327816049273
gbm_potency,grouped,KNN-Jaccard (morgan),morgan,3,0,r2,0.2095445178012144
gbm_potency,grouped,KNN-Jaccard (morgan),morgan,3,0,pearson_r,0.4845094228913185
gbm_potency,grouped,KNN-Jaccard (morgan),morgan,3,0,spearman_rho,0.4202678340280471
gbm_potency,grouped,KNN-Jaccard (morgan),morgan,3,1,rmse,2.071780299139306
gbm_potency,grouped,KNN-Jaccard (morgan),morgan,3,1,mae,1.700560210072464
gbm_potency,grouped,KNN-Jaccard (morgan),morgan,3,1,r2,-0.18999946019943814
gbm_potency,grouped,KNN-Jaccard (morgan),morgan,3,1,pearson_r,0.2509148797031592
gbm_potency,grouped,KNN-Jaccard (morgan),morgan,3,1,spearman_rho,0.21838234604285844
gbm_potency,grouped,KNN-Jaccard (morgan),morgan,3,2,rmse,2.0224022934550123
gbm_potency,grouped,KNN-Jaccard (morgan),morgan,3,2,mae,1.5671497330292221
gbm_potency,grouped,KNN-Jaccard (morgan),morgan,3,2,r2,0.05737554268834366
gbm_potency,grouped,KNN-Jaccard (morgan),morgan,3,2,pearson_r,0.3688703991832941
gbm_potency,grouped,KNN-Jaccard (morgan),morgan,3,2,spearman_rho,0.2586345162366618
gbm_potency,grouped,KNN-Jaccard (morgan),morgan,3,3,rmse,2.948890982003304
gbm_potency,grouped,KNN-Jaccard (morgan),morgan,3,3,mae,2.192736501843339
gbm_potency,grouped,KNN-Jaccard (morgan),morgan,3,3,r2,0.041356142914846794
gbm_potency,grouped,KNN-Jaccard (morgan),morgan,3,3,pearson_r,0.22469311409621082
gbm_potency,grouped,KNN-Jaccard (morgan),morgan,3,3,spearman_rho,0.1998997666309234
gbm_potency,grouped,KNN-Jaccard (morgan),morgan,3,4,rmse,2.2230983371112387
gbm_potency,grouped,KNN-Jaccard (morgan),morgan,3,4,mae,1.676775663185376
gbm_potency,grouped,KNN-Jaccard (morgan),morgan,3,4,r2,0.21275529288934558
gbm_potency,grouped,KNN-Jaccard (morgan),morgan,3,4,pearson_r,0.4622757997255536
gbm_potency,grouped,KNN-Jaccard (morgan),morgan,3,4,spearman_rho,0.2697887619599863
gbm_potency,grouped,KNN-Jaccard (morgan),morgan,4,0,rmse,2.4312019689879683
gbm_potency,grouped,KNN-Jaccard (morgan),morgan,4,0,mae,1.7612655198999503
gbm_potency,grouped,KNN-Jaccard (morgan),morgan,4,0,r2,0.13186615891321096
gbm_potency,grouped,KNN-Jaccard (morgan),morgan,4,0,pearson_r,0.40506386572028563
gbm_potency,grouped,KNN-Jaccard (morgan),morgan,4,0,spearman_rho,0.3702190690203824
gbm_potency,grouped,KNN-Jaccard (morgan),morgan,4,1,rmse,2.2363781175281314
gbm_potency,grouped,KNN-Jaccard (morgan),morgan,4,1,mae,1.710894257010449
gbm_potency,grouped,KNN-Jaccard (morgan),morgan,4,1,r2,0.12819219038599206
gbm_potency,grouped,KNN-Jaccard (morgan),morgan,4,1,pearson_r,0.37277772007280346
gbm_potency,grouped,KNN-Jaccard (morgan),morgan,4,1,spearman_rho,0.3390336472330699
gbm_potency,grouped,KNN-Jaccard (morgan),morgan,4,2,rmse,2.1183375867111716
gbm_potency,grouped,KNN-Jaccard (morgan),morgan,4,2,mae,1.5065549438879098
gbm_potency,grouped,KNN-Jaccard (morgan),morgan,4,2,r2,0.11873918513106863
gbm_potency,grouped,KNN-Jaccard (morgan),morgan,4,2,pearson_r,0.37822697682882667
gbm_potency,grouped,KNN-Jaccard (morgan),morgan,4,2,spearman_rho,0.2490385842540958
gbm_potency,grouped,KNN-Jaccard (morgan),morgan,4,3,rmse,1.9658507911740446
gbm_potency,grouped,KNN-Jaccard (morgan),morgan,4,3,mae,1.5765703123960368
gbm_potency,grouped,KNN-Jaccard (morgan),morgan,4,3,r2,0.2982685394170089
gbm_potency,grouped,KNN-Jaccard (morgan),morgan,4,3,pearson_r,0.5576100992595651
gbm_potency,grouped,KNN-Jaccard (morgan),morgan,4,3,spearman_rho,0.37506517700782804
gbm_potency,grouped,KNN-Jaccard (morgan),morgan,4,4,rmse,2.289312482727294
gbm_potency,grouped,KNN-Jaccard (morgan),morgan,4,4,mae,1.7744062935242932
gbm_potency,grouped,KNN-Jaccard (morgan),morgan,4,4,r2,0.1159166119551821
gbm_potency,grouped,KNN-Jaccard (morgan),morgan,4,4,pearson_r,0.3493719001762951
gbm_potency,grouped,KNN-Jaccard (morgan),morgan,4,4,spearman_rho,0.2900186798593396
gbm_potency,grouped,Random Forest (descriptors),descriptors,0,0,rmse,2.3238509022494984
gbm_potency,grouped,Random Forest (descriptors),descriptors,0,0,mae,1.6228736510744934
gbm_potency,grouped,Random Forest (descriptors),descriptors,0,0,r2,0.22113513533296103
gbm_potency,grouped,Random Forest (descriptors),descriptors,0,0,pearson_r,0.48360834873006076
gbm_potency,grouped,Random Forest (descriptors),descriptors,0,0,spearman_rho,0.4134834330914346
gbm_potency,grouped,Random Forest (descriptors),descriptors,0,1,rmse,2.340741326635489
gbm_potency,grouped,Random Forest (descriptors),descriptors,0,1,mae,1.8231703981126122
gbm_potency,grouped,Random Forest (descriptors),descriptors,0,1,r2,0.1937380738314819
gbm_potency,grouped,Random Forest (descriptors),descriptors,0,1,pearson_r,0.45168363948166096
gbm_potency,grouped,Random Forest (descriptors),descriptors,0,1,spearman_rho,0.31934826501034436
gbm_potency,grouped,Random Forest (descriptors),descriptors,0,2,rmse,1.9281777290651239
gbm_potency,grouped,Random Forest (descriptors),descriptors,0,2,mae,1.5275709109840345
gbm_potency,grouped,Random Forest (descriptors),descriptors,0,2,r2,0.28406804332086766
gbm_potency,grouped,Random Forest (descriptors),descriptors,0,2,pearson_r,0.5410927317871808
gbm_potency,grouped,Random Forest (descriptors),descriptors,0,2,spearman_rho,0.5008327469576523
gbm_potency,grouped,Random Forest (descriptors),descriptors,0,3,rmse,1.9458270689805253
gbm_potency,grouped,Random Forest (descriptors),descriptors,0,3,mae,1.5898407542700193
gbm_potency,grouped,Random Forest (descriptors),descriptors,0,3,r2,0.27352778736304806
gbm_potency,grouped,Random Forest (descriptors),descriptors,0,3,pearson_r,0.5286265585995777
gbm_potency,grouped,Random Forest (descriptors),descriptors,0,3,spearman_rho,0.44467935824442684
gbm_potency,grouped,Random Forest (descriptors),descriptors,0,4,rmse,2.0986042837874503
gbm_potency,grouped,Random Forest (descriptors),descriptors,0,4,mae,1.6153353476044097
gbm_potency,grouped,Random Forest (descriptors),descriptors,0,4,r2,0.020062479221994778
gbm_potency,grouped,Random Forest (descriptors),descriptors,0,4,pearson_r,0.31879947181796764
gbm_potency,grouped,Random Forest (descriptors),descriptors,0,4,spearman_rho,0.2813274001931069
gbm_potency,grouped,Random Forest (descriptors),descriptors,1,0,rmse,2.082666006593755
gbm_potency,grouped,Random Forest (descriptors),descriptors,1,0,mae,1.6136605569377351
gbm_potency,grouped,Random Forest (descriptors),descriptors,1,0,r2,0.24836123715160296
gbm_potency,grouped,Random Forest (descriptors),descriptors,1,0,pearson_r,0.5011543966740987
gbm_potency,grouped,Random Forest (descriptors),descriptors,1,0,spearman_rho,0.4727668940141148
gbm_potency,grouped,Random Forest (descriptors),descriptors,1,1,rmse,2.4633090282206838
gbm_potency,grouped,Random Forest (descriptors),descriptors,1,1,mae,1.8318971229252812
gbm_potency,grouped,Random Forest (descriptors),descriptors,1,1,r2,0.18993842623339285
gbm_potency,grouped,Random Forest (descriptors),descriptors,1,1,pearson_r,0.5004263004946681
gbm_potency,grouped,Random Forest (descriptors),descriptors,1,1,spearman_rho,0.5191237240074801
gbm_potency,grouped,Random Forest (descriptors),descriptors,1,2,rmse,2.186876077489187
gbm_potency,grouped,Random Forest (descriptors),descriptors,1,2,mae,1.725128409251389
gbm_potency,grouped,Random Forest (descriptors),descriptors,1,2,r2,0.26482752316934577
gbm_potency,grouped,Random Forest (descriptors),descriptors,1,2,pearson_r,0.5364247262170208
gbm_potency,grouped,Random Forest (descriptors),descriptors,1,2,spearman_rho,0.3733278613414629
gbm_potency,grouped,Random Forest (descriptors),descriptors,1,3,rmse,1.7924197851233787
gbm_potency,grouped,Random Forest (descriptors),descriptors,1,3,mae,1.4499409583833027
gbm_potency,grouped,Random Forest (descriptors),descriptors,1,3,r2,0.1613271801815911
gbm_potency,grouped,Random Forest (descriptors),descriptors,1,3,pearson_r,0.460439417081431
gbm_potency,grouped,Random Forest (descriptors),descriptors,1,3,spearman_rho,0.33692587286992853
gbm_potency,grouped,Random Forest (descriptors),descriptors,1,4,rmse,2.3284301069221796
gbm_potency,grouped,Random Forest (descriptors),descriptors,1,4,mae,1.7543166800772436
gbm_potency,grouped,Random Forest (descriptors),descriptors,1,4,r2,-0.04408096623517399
gbm_potency,grouped,Random Forest (descriptors),descriptors,1,4,pearson_r,0.19340676731888973
gbm_potency,grouped,Random Forest (descriptors),descriptors,1,4,spearman_rho,0.19409022954052968
gbm_potency,grouped,Random Forest (descriptors),descriptors,2,0,rmse,2.165956332030888
gbm_potency,grouped,Random Forest (descriptors),descriptors,2,0,mae,1.7417619566672864
gbm_potency,grouped,Random Forest (descriptors),descriptors,2,0,r2,0.269791171187713
gbm_potency,grouped,Random Forest (descriptors),descriptors,2,0,pearson_r,0.6228896927409588
gbm_potency,grouped,Random Forest (descriptors),descriptors,2,0,spearman_rho,0.5643568710096231
gbm_potency,grouped,Random Forest (descriptors),descriptors,2,1,rmse,2.193149688557177
gbm_potency,grouped,Random Forest (descriptors),descriptors,2,1,mae,1.7036183319816811
gbm_potency,grouped,Random Forest (descriptors),descriptors,2,1,r2,0.18902037187395526
gbm_potency,grouped,Random Forest (descriptors),descriptors,2,1,pearson_r,0.4367223670846791
gbm_potency,grouped,Random Forest (descriptors),descriptors,2,1,spearman_rho,0.30810417416303654
gbm_potency,grouped,Random Forest (descriptors),descriptors,2,2,rmse,2.426926596606002
gbm_potency,grouped,Random Forest (descriptors),descriptors,2,2,mae,1.8091344876511537
gbm_potency,grouped,Random Forest (descriptors),descriptors,2,2,r2,0.1311154630821728
gbm_potency,grouped,Random Forest (descriptors),descriptors,2,2,pearson_r,0.37336542125142397
gbm_potency,grouped,Random Forest (descriptors),descriptors,2,2,spearman_rho,0.3812427325053268
gbm_potency,grouped,Random Forest (descriptors),descriptors,2,3,rmse,2.1665235672108825
gbm_potency,grouped,Random Forest (descriptors),descriptors,2,3,mae,1.5996885263612923
gbm_potency,grouped,Random Forest (descriptors),descriptors,2,3,r2,0.06562721011202322
gbm_potency,grouped,Random Forest (descriptors),descriptors,2,3,pearson_r,0.3301160973513124
gbm_potency,grouped,Random Forest (descriptors),descriptors,2,3,spearman_rho,0.34264365271112635
gbm_potency,grouped,Random Forest (descriptors),descriptors,2,4,rmse,2.0275758239255723
gbm_potency,grouped,Random Forest (descriptors),descriptors,2,4,mae,1.5322728760634707
gbm_potency,grouped,Random Forest (descriptors),descriptors,2,4,r2,0.14505752808924854
gbm_potency,grouped,Random Forest (descriptors),descriptors,2,4,pearson_r,0.40479296609639204
gbm_potency,grouped,Random Forest (descriptors),descriptors,2,4,spearman_rho,0.31076395041377447
gbm_potency,grouped,Random Forest (descriptors),descriptors,3,0,rmse,2.0107177821678617
gbm_potency,grouped,Random Forest (descriptors),descriptors,3,0,mae,1.583792600464846
gbm_potency,grouped,Random Forest (descriptors),descriptors,3,0,r2,0.2809283035217195
gbm_potency,grouped,Random Forest (descriptors),descriptors,3,0,pearson_r,0.5489214867277789
gbm_potency,grouped,Random Forest (descriptors),descriptors,3,0,spearman_rho,0.4945109171004745
gbm_potency,grouped,Random Forest (descriptors),descriptors,3,1,rmse,1.7036182318388868
gbm_potency,grouped,Random Forest (descriptors),descriptors,3,1,mae,1.3352231086320068
gbm_potency,grouped,Random Forest (descriptors),descriptors,3,1,r2,0.19535572662547018
gbm_potency,grouped,Random Forest (descriptors),descriptors,3,1,pearson_r,0.48755186503561015
gbm_potency,grouped,Random Forest (descriptors),descriptors,3,1,spearman_rho,0.5479890182402621
gbm_potency,grouped,Random Forest (descriptors),descriptors,3,2,rmse,2.247746636955261
gbm_potency,grouped,Random Forest (descriptors),descriptors,3,2,mae,1.7463842243294474
gbm_potency,grouped,Random Forest (descriptors),descriptors,3,2,r2,-0.16438960234604605
gbm_potency,grouped,Random Forest (descriptors),descriptors,3,2,pearson_r,0.12287048318024607
gbm_potency,grouped,Random Forest (descriptors),descriptors,3,2,spearman_rho,0.05049483296808932
gbm_potency,grouped,Random Forest (descriptors),descriptors,3,3,rmse,2.5740457284074294
gbm_potency,grouped,Random Forest (descriptors),descriptors,3,3,mae,2.0073119052733577
gbm_potency,grouped,Random Forest (descriptors),descriptors,3,3,r2,0.26958047330407275
gbm_potency,grouped,Random Forest (descriptors),descriptors,3,3,pearson_r,0.548910947244803
gbm_potency,grouped,Random Forest (descriptors),descriptors,3,3,spearman_rho,0.4024926723382156
gbm_potency,grouped,Random Forest (descriptors),descriptors,3,4,rmse,2.187656627641954
gbm_potency,grouped,Random Forest (descriptors),descriptors,3,4,mae,1.6798716259363822
gbm_potency,grouped,Random Forest (descriptors),descriptors,3,4,r2,0.23765647672800672
gbm_potency,grouped,Random Forest (descriptors),descriptors,3,4,pearson_r,0.4910151258385307
gbm_potency,grouped,Random Forest (descriptors),descriptors,3,4,spearman_rho,0.37137988232242264
gbm_potency,grouped,Random Forest (descriptors),descriptors,4,0,rmse,2.2826471990176467
gbm_potency,grouped,Random Forest (descriptors),descriptors,4,0,mae,1.7075448515145457
gbm_potency,grouped,Random Forest (descriptors),descriptors,4,0,r2,0.23471677359576226
gbm_potency,grouped,Random Forest (descriptors),descriptors,4,0,pearson_r,0.48691224448175896
gbm_potency,grouped,Random Forest (descriptors),descriptors,4,0,spearman_rho,0.3852765251034723
gbm_potency,grouped,Random Forest (descriptors),descriptors,4,1,rmse,2.327831951525706
gbm_potency,grouped,Random Forest (descriptors),descriptors,4,1,mae,1.7448811327181817
gbm_potency,grouped,Random Forest (descriptors),descriptors,4,1,r2,0.05543132954902108
gbm_potency,grouped,Random Forest (descriptors),descriptors,4,1,pearson_r,0.2820305162199809
gbm_potency,grouped,Random Forest (descriptors),descriptors,4,1,spearman_rho,0.3496182669565615
gbm_potency,grouped,Random Forest (descriptors),descriptors,4,2,rmse,1.9973490389390396
gbm_potency,grouped,Random Forest (descriptors),descriptors,4,2,mae,1.4935364131433326
gbm_potency,grouped,Random Forest (descriptors),descriptors,4,2,r2,0.2165305885491252
gbm_potency,grouped,Random Forest (descriptors),descriptors,4,2,pearson_r,0.4688497590821421
gbm_potency,grouped,Random Forest (descriptors),descriptors,4,2,spearman_rho,0.3922576412702466
gbm_potency,grouped,Random Forest (descriptors),descriptors,4,3,rmse,2.026235302503866
gbm_potency,grouped,Random Forest (descriptors),descriptors,4,3,mae,1.6163686043193475
gbm_potency,grouped,Random Forest (descriptors),descriptors,4,3,r2,0.2544966494175712
gbm_potency,grouped,Random Forest (descriptors),descriptors,4,3,pearson_r,0.5087269552686877
gbm_potency,grouped,Random Forest (descriptors),descriptors,4,3,spearman_rho,0.37672560861882237
gbm_potency,grouped,Random Forest (descriptors),descriptors,4,4,rmse,2.1092595368503653
gbm_potency,grouped,Random Forest (descriptors),descriptors,4,4,mae,1.7302658859410347
gbm_potency,grouped,Random Forest (descriptors),descriptors,4,4,r2,0.2495130921629758
gbm_potency,grouped,Random Forest (descriptors),descriptors,4,4,pearson_r,0.505156913150552
gbm_potency,grouped,Random Forest (descriptors),descriptors,4,4,spearman_rho,0.30281615276358836
gbm_potency,grouped,Random Forest (morgan),morgan,0,0,rmse,2.4288964711196996
gbm_potency,grouped,Random Forest (morgan),morgan,0,0,mae,1.7339069579342101
gbm_potency,grouped,Random Forest (morgan),morgan,0,0,r2,0.14912923916013554
gbm_potency,grouped,Random Forest (morgan),morgan,0,0,pearson_r,0.4149041914510369
gbm_potency,grouped,Random Forest (morgan),morgan,0,0,spearman_rho,0.3713477049637434
gbm_potency,grouped,Random Forest (morgan),morgan,0,1,rmse,2.3700642630560673
gbm_potency,grouped,Random Forest (morgan),morgan,0,1,mae,1.8098592645651155
gbm_potency,grouped,Random Forest (morgan),morgan,0,1,r2,0.1734111365805644
gbm_potency,grouped,Random Forest (morgan),morgan,0,1,pearson_r,0.4430067435077964
gbm_potency,grouped,Random Forest (morgan),morgan,0,1,spearman_rho,0.37874785366894964
gbm_potency,grouped,Random Forest (morgan),morgan,0,2,rmse,2.0348436960920395
gbm_potency,grouped,Random Forest (morgan),morgan,0,2,mae,1.6180175622628572
gbm_potency,grouped,Random Forest (morgan),morgan,0,2,r2,0.20266700984149644
gbm_potency,grouped,Random Forest (morgan),morgan,0,2,pearson_r,0.4963812845460764
gbm_potency,grouped,Random Forest (morgan),morgan,0,2,spearman_rho,0.4214155179537543
gbm_potency,grouped,Random Forest (morgan),morgan,0,3,rmse,2.004867034504835
gbm_potency,grouped,Random Forest (morgan),morgan,0,3,mae,1.5609970497686745
gbm_potency,grouped,Random Forest (morgan),morgan,0,3,r2,0.2287739761728097
gbm_potency,grouped,Random Forest (morgan),morgan,0,3,pearson_r,0.5955199008588923
gbm_potency,grouped,Random Forest (morgan),morgan,0,3,spearman_rho,0.4924316296847252
gbm_potency,grouped,Random Forest (morgan),morgan,0,4,rmse,2.0161169302472817
gbm_potency,grouped,Random Forest (morgan),morgan,0,4,mae,1.4937299020002335
gbm_potency,grouped,Random Forest (morgan),morgan,0,4,r2,0.09558301502264477
gbm_potency,grouped,Random Forest (morgan),morgan,0,4,pearson_r,0.35246890841913375
gbm_potency,grouped,Random Forest (morgan),morgan,0,4,spearman_rho,0.2739389614205952
gbm_potency,grouped,Random Forest (morgan),morgan,1,0,rmse,2.166768481351629
gbm_potency,grouped,Random Forest (morgan),morgan,1,0,mae,1.635944060907299
gbm_potency,grouped,Random Forest (morgan),morgan,1,0,r2,0.18642999002204408
gbm_potency,grouped,Random Forest (morgan),morgan,1,0,pearson_r,0.5047141487801623
gbm_potency,grouped,Random Forest (morgan),morgan,1,0,spearman_rho,0.4272258708956663
gbm_potency,grouped,Random Forest (morgan),morgan,1,1,rmse,2.5263888274372346
gbm_potency,grouped,Random Forest (morgan),morgan,1,1,mae,1.8324173031030013
gbm_potency,grouped,Random Forest (morgan),morgan,1,1,r2,0.14791951598875175
gbm_potency,grouped,Random Forest (morgan),morgan,1,1,pearson_r,0.5034770098144288
gbm_potency,grouped,Random Forest (morgan),morgan,1,1,spearman_rho,0.47293243015860276
gbm_potency,grouped,Random Forest (morgan),morgan,1,2,rmse,2.25769944448416
gbm_potency,grouped,Random Forest (morgan),morgan,1,2,mae,1.7778875903812017
gbm_potency,grouped,Random Forest (morgan),morgan,1,2,r2,0.21643840009012405
gbm_potency,grouped,Random Forest (morgan),morgan,1,2,pearson_r,0.586074433799701
gbm_potency,grouped,Random Forest (morgan),morgan,1,2,spearman_rho,0.47411055416133013
gbm_potency,grouped,Random Forest (morgan),morgan,1,3,rmse,1.7830247490565736
gbm_potency,grouped,Random Forest (morgan),morgan,1,3,mae,1.3368763476643983
gbm_potency,grouped,Random Forest (morgan),morgan,1,3,r2,0.17009600930338875
gbm_potency,grouped,Random Forest (morgan),morgan,1,3,pearson_r,0.4277748444492196
gbm_potency,grouped,Random Forest (morgan),morgan,1,3,spearman_rho,0.38487589792888577
gbm_potency,grouped,Random Forest (morgan),morgan,1,4,rmse,2.2292887311246234
gbm_potency,grouped,Random Forest (morgan),morgan,1,4,mae,1.7131952586937176
gbm_potency,grouped,Random Forest (morgan),morgan,1,4,r2,0.0429372623264308
gbm_potency,grouped,Random Forest (morgan),morgan,1,4,pearson_r,0.2157115309820899
gbm_potency,grouped,Random Forest (morgan),morgan,1,4,spearman_rho,0.11003625206947112
gbm_potency,grouped,Random Forest (morgan),morgan,2,0,rmse,2.3263918432747626
gbm_potency,grouped,Random Forest (morgan),morgan,2,0,mae,1.7909465176152013
gbm_potency,grouped,Random Forest (morgan),morgan,2,0,r2,0.1576095795364274
gbm_potency,grouped,Random Forest (morgan),morgan,2,0,pearson_r,0.45631112655307876
gbm_potency,grouped,Random Forest (morgan),morgan,2,0,spearman_rho,0.39017192775493886
gbm_potency,grouped,Random Forest (morgan),morgan,2,1,rmse,2.2592398238134677
gbm_potency,grouped,Random Forest (morgan),morgan,2,1,mae,1.6937995728176356
gbm_potency,grouped,Random Forest (morgan),morgan,2,1,r2,0.13940649236258973
gbm_potency,grouped,Random Forest (morgan),morgan,2,1,pearson_r,0.3962291386272805
gbm_potency,grouped,Random Forest (morgan),morgan,2,1,spearman_rho,0.38679225223909985
gbm_potency,grouped,Random Forest (morgan),morgan,2,2,rmse,2.4016418253465277
gbm_potency,grouped,Random Forest (morgan),morgan,2,2,mae,1.7520553542212889
gbm_potency,grouped,Random Forest (morgan),morgan,2,2,r2,0.14912598113896713
gbm_potency,grouped,Random Forest (morgan),morgan,2,2,pearson_r,0.44858312389803406
gbm_potency,grouped,Random Forest (morgan),morgan,2,2,spearman_rho,0.45609200795618815
gbm_potency,grouped,Random Forest (morgan),morgan,2,3,rmse,2.1332593932414965
gbm_potency,grouped,Random Forest (morgan),morgan,2,3,mae,1.6043963530047551
gbm_potency,grouped,Random Forest (morgan),morgan,2,3,r2,0.09409912161901224
gbm_potency,grouped,Random Forest (morgan),morgan,2,3,pearson_r,0.3387549481381697
gbm_potency,grouped,Random Forest (morgan),morgan,2,3,spearman_rho,0.25350611124918676
gbm_potency,grouped,Random Forest (morgan),morgan,2,4,rmse,2.0215536807331813
gbm_potency,grouped,Random Forest (morgan),morgan,2,4,mae,1.4875653284087298
gbm_potency,grouped,Random Forest (morgan),morgan,2,4,r2,0.15012854932330744
gbm_potency,grouped,Random Forest (morgan),morgan,2,4,pearson_r,0.3921286271054158
gbm_potency,grouped,Random Forest (morgan),morgan,2,4,spearman_rho,0.3766547365378653
gbm_potency,grouped,Random Forest (morgan),morgan,3,0,rmse,2.0796167099434744
gbm_potency,grouped,Random Forest (morgan),morgan,3,0,mae,1.6203827123431596
gbm_potency,grouped,Random Forest (morgan),morgan,3,0,r2,0.23080482014081072
gbm_potency,grouped,Random Forest (morgan),morgan,3,0,pearson_r,0.49735518156363445
gbm_potency,grouped,Random Forest (morgan),morgan,3,0,spearman_rho,0.5347299918472647
gbm_potency,grouped,Random Forest (morgan),morgan,3,1,rmse,1.8145711070083714
gbm_potency,grouped,Random Forest (morgan),morgan,3,1,mae,1.4248607430317863
gbm_potency,grouped,Random Forest (morgan),morgan,3,1,r2,0.08713333296224124
gbm_potency,grouped,Random Forest (morgan),morgan,3,1,pearson_r,0.339875989553906
gbm_potency,grouped,Random Forest (morgan),morgan,3,1,spearman_rho,0.3449190041465789
gbm_potency,grouped,Random Forest (morgan),morgan,3,2,rmse,2.0328735063620496
gbm_potency,grouped,Random Forest (morgan),morgan,3,2,mae,1.5244923773438976
gbm_potency,grouped,Random Forest (morgan),morgan,3,2,r2,0.04758918710675131
gbm_potency,grouped,Random Forest (morgan),morgan,3,2,pearson_r,0.3782755971940609
gbm_potency,grouped,Random Forest (morgan),morgan,3,2,spearman_rho,0.21312446464982943
gbm_potency,grouped,Random Forest (morgan),morgan,3,3,rmse,2.7702028803029948
gbm_potency,grouped,Random Forest (morgan),morgan,3,3,mae,2.036399359247688
gbm_potency,grouped,Random Forest (morgan),morgan,3,3,r2,0.15401431966896628
gbm_potency,grouped,Random Forest (morgan),morgan,3,3,pearson_r,0.4543228643174045
gbm_potency,grouped,Random Forest (morgan),morgan,3,3,spearman_rho,0.3725644050083428
gbm_potency,grouped,Random Forest (morgan),morgan,3,4,rmse,2.2913890128003453
gbm_potency,grouped,Random Forest (morgan),morgan,3,4,mae,1.7372265830304114
gbm_potency,grouped,Random Forest (morgan),morgan,3,4,r2,0.1636461615780913
gbm_potency,grouped,Random Forest (morgan),morgan,3,4,pearson_r,0.4982380676816657
gbm_potency,grouped,Random Forest (morgan),morgan,3,4,spearman_rho,0.35729126803462874
gbm_potency,grouped,Random Forest (morgan),morgan,4,0,rmse,2.3262730947737364
gbm_potency,grouped,Random Forest (morgan),morgan,4,0,mae,1.6655348487523263
gbm_potency,grouped,Random Forest (morgan),morgan,4,0,r2,0.20518509295962417
gbm_potency,grouped,Random Forest (morgan),morgan,4,0,pearson_r,0.4571288800147272
gbm_potency,grouped,Random Forest (morgan),morgan,4,0,spearman_rho,0.4114100798341484
gbm_potency,grouped,Random Forest (morgan),morgan,4,1,rmse,2.2408880013362342
gbm_potency,grouped,Random Forest (morgan),morgan,4,1,mae,1.7346967928096626
gbm_potency,grouped,Random Forest (morgan),morgan,4,1,r2,0.12467246688107714
gbm_potency,grouped,Random Forest (morgan),morgan,4,1,pearson_r,0.43378975791488295
gbm_potency,grouped,Random Forest (morgan),morgan,4,1,spearman_rho,0.3742922307379454
gbm_potency,grouped,Random Forest (morgan),morgan,4,2,rmse,2.015244038708882
gbm_potency,grouped,Random Forest (morgan),morgan,4,2,mae,1.4338776457050906
gbm_potency,grouped,Random Forest (morgan),morgan,4,2,r2,0.20242890605618769
gbm_potency,grouped,Random Forest (morgan),morgan,4,2,pearson_r,0.47206618891378144
gbm_potency,grouped,Random Forest (morgan),morgan,4,2,spearman_rho,0.3694752766392733
gbm_potency,grouped,Random Forest (morgan),morgan,4,3,rmse,1.9749814688502516
gbm_potency,grouped,Random Forest (morgan),morgan,4,3,mae,1.6478039224493188
gbm_potency,grouped,Random Forest (morgan),morgan,4,3,r2,0.2917348151000614
gbm_potency,grouped,Random Forest (morgan),morgan,4,3,pearson_r,0.5786422918225269
gbm_potency,grouped,Random Forest (morgan),morgan,4,3,spearman_rho,0.4523157452510384
gbm_potency,grouped,Random Forest (morgan),morgan,4,4,rmse,2.234006874942781
gbm_potency,grouped,Random Forest (morgan),morgan,4,4,mae,1.7250167051396181
gbm_potency,grouped,Random Forest (morgan),morgan,4,4,r2,0.15811632502950013
gbm_potency,grouped,Random Forest (morgan),morgan,4,4,pearson_r,0.48841649083598404
gbm_potency,grouped,Random Forest (morgan),morgan,4,4,spearman_rho,0.36858544389175274
gbm_potency,grouped,XGBoost (descriptors),descriptors,0,0,rmse,2.388523119295831
gbm_potency,grouped,XGBoost (descriptors),descriptors,0,0,mae,1.6782499568262377
gbm_potency,grouped,XGBoost (descriptors),descriptors,0,0,r2,0.1771806605886923
gbm_potency,grouped,XGBoost (descriptors),descriptors,0,0,pearson_r,0.4656148677856022
gbm_potency,grouped,XGBoost (descriptors),descriptors,0,0,spearman_rho,0.3574727076206855
gbm_potency,grouped,XGBoost (descriptors),descriptors,0,1,rmse,2.440611404967749
gbm_potency,grouped,XGBoost (descriptors),descriptors,0,1,mae,1.9055314359274576
gbm_potency,grouped,XGBoost (descriptors),descriptors,0,1,r2,0.12347041558480376
gbm_potency,grouped,XGBoost (descriptors),descriptors,0,1,pearson_r,0.4033389175787217
gbm_potency,grouped,XGBoost (descriptors),descriptors,0,1,spearman_rho,0.32663169614828014
gbm_potency,grouped,XGBoost (descriptors),descriptors,0,2,rmse,1.9887492498526145
gbm_potency,grouped,XGBoost (descriptors),descriptors,0,2,mae,1.5319611789391836
gbm_potency,grouped,XGBoost (descriptors),descriptors,0,2,r2,0.2383811553338019
gbm_potency,grouped,XGBoost (descriptors),descriptors,0,2,pearson_r,0.5254111437150242
gbm_potency,grouped,XGBoost (descriptors),descriptors,0,2,spearman_rho,0.5163031097722822
gbm_potency,grouped,XGBoost (descriptors),descriptors,0,3,rmse,1.8691179870068118
gbm_potency,grouped,XGBoost (descriptors),descriptors,0,3,mae,1.5426854533466845
gbm_potency,grouped,XGBoost (descriptors),descriptors,0,3,r2,0.3296772492735164
gbm_potency,grouped,XGBoost (descriptors),descriptors,0,3,pearson_r,0.5762091670710274
gbm_potency,grouped,XGBoost (descriptors),descriptors,0,3,spearman_rho,0.35655636877349467
gbm_potency,grouped,XGBoost (descriptors),descriptors,0,4,rmse,2.1221383929826856
gbm_potency,grouped,XGBoost (descriptors),descriptors,0,4,mae,1.671743341644586
gbm_potency,grouped,XGBoost (descriptors),descriptors,0,4,r2,-0.0020391310440583954
gbm_potency,grouped,XGBoost (descriptors),descriptors,0,4,pearson_r,0.32704524541945107
gbm_potency,grouped,XGBoost (descriptors),descriptors,0,4,spearman_rho,0.2599596994248772
gbm_potency,grouped,XGBoost (descriptors),descriptors,1,0,rmse,2.2230999792976425
gbm_potency,grouped,XGBoost (descriptors),descriptors,1,0,mae,1.7134976385142666
gbm_potency,grouped,XGBoost (descriptors),descriptors,1,0,r2,0.1435778298901671
gbm_potency,grouped,XGBoost (descriptors),descriptors,1,0,pearson_r,0.4563790867469018
gbm_potency,grouped,XGBoost (descriptors),descriptors,1,0,spearman_rho,0.42402523076622023
gbm_potency,grouped,XGBoost (descriptors),descriptors,1,1,rmse,2.624222526590262
gbm_potency,grouped,XGBoost (descriptors),descriptors,1,1,mae,1.97540907124901
gbm_potency,grouped,XGBoost (descriptors),descriptors,1,1,r2,0.08064857697787464
gbm_potency,grouped,XGBoost (descriptors),descriptors,1,1,pearson_r,0.35515708135690305
gbm_potency,grouped,XGBoost (descriptors),descriptors,1,1,spearman_rho,0.34594411005936093
gbm_potency,grouped,XGBoost (descriptors),descriptors,1,2,rmse,2.340125469286075
gbm_potency,grouped,XGBoost (descriptors),descriptors,1,2,mae,1.8611171494318175
gbm_potency,grouped,XGBoost (descriptors),descriptors,1,2,r2,0.15818011764580364
gbm_potency,grouped,XGBoost (descriptors),descriptors,1,2,pearson_r,0.4451247808686991
gbm_potency,grouped,XGBoost (descriptors),descriptors,1,2,spearman_rho,0.3228094861350722
gbm_potency,grouped,XGBoost (descriptors),descriptors,1,3,rmse,1.9130269725388915
gbm_potency,grouped,XGBoost (descriptors),descriptors,1,3,mae,1.5468938670997312
gbm_potency,grouped,XGBoost (descriptors),descriptors,1,3,r2,0.04466586253123894
gbm_potency,grouped,XGBoost (descriptors),descriptors,1,3,pearson_r,0.38166763724326774
gbm_potency,grouped,XGBoost (descriptors),descriptors,1,3,spearman_rho,0.19848232501178192
gbm_potency,grouped,XGBoost (descriptors),descriptors,1,4,rmse,2.3489139901966336
gbm_potency,grouped,XGBoost (descriptors),descriptors,1,4,mae,1.7779129760171422
gbm_potency,grouped,XGBoost (descriptors),descriptors,1,4,r2,-0.06253194374188609
gbm_potency,grouped,XGBoost (descriptors),descriptors,1,4,pearson_r,0.22590882093412348
gbm_potency,grouped,XGBoost (descriptors),descriptors,1,4,spearman_rho,0.16368148995788215
gbm_potency,grouped,XGBoost (descriptors),descriptors,2,0,rmse,2.1767563346435583
gbm_potency,grouped,XGBoost (descriptors),descriptors,2,0,mae,1.796194479874611
gbm_potency,grouped,XGBoost (descriptors),descriptors,2,0,r2,0.26249100675468806
gbm_potency,grouped,XGBoost (descriptors),descriptors,2,0,pearson_r,0.5967909937467489
gbm_potency,grouped,XGBoost (descriptors),descriptors,2,0,spearman_rho,0.46177673332939895
gbm_potency,grouped,XGBoost (descriptors),descriptors,2,1,rmse,2.472127364635464
gbm_potency,grouped,XGBoost (descriptors),descriptors,2,1,mae,1.851194141557061
gbm_potency,grouped,XGBoost (descriptors),descriptors,2,1,r2,-0.030421898574896522
gbm_potency,grouped,XGBoost (descriptors),descriptors,2,1,pearson_r,0.27798011451082094
gbm_potency,grouped,XGBoost (descriptors),descriptors,2,1,spearman_rho,0.22577281423749743
gbm_potency,grouped,XGBoost (descriptors),descriptors,2,2,rmse,2.31483071769933
gbm_potency,grouped,XGBoost (descriptors),descriptors,2,2,mae,1.7410222029792481
gbm_potency,grouped,XGBoost (descriptors),descriptors,2,2,r2,0.20952660081066
gbm_potency,grouped,XGBoost (descriptors),descriptors,2,2,pearson_r,0.4681385891184249
gbm_potency,grouped,XGBoost (descriptors),descriptors,2,2,spearman_rho,0.4114169573868229
gbm_potency,grouped,XGBoost (descriptors),descriptors,2,3,rmse,2.1292745244251448
gbm_potency,grouped,XGBoost (descriptors),descriptors,2,3,mae,1.564340303794417
gbm_potency,grouped,XGBoost (descriptors),descriptors,2,3,r2,0.09748035559357282
gbm_potency,grouped,XGBoost (descriptors),descriptors,2,3,pearson_r,0.40838944175644215
gbm_potency,grouped,XGBoost (descriptors),descriptors,2,3,spearman_rho,0.3532858147315611
gbm_potency,grouped,XGBoost (descriptors),descriptors,2,4,rmse,2.1736942442289924
gbm_potency,grouped,XGBoost (descriptors),descriptors,2,4,mae,1.6492976133678858
gbm_potency,grouped,XGBoost (descriptors),descriptors,2,4,r2,0.017393585489892005
gbm_potency,grouped,XGBoost (descriptors),descriptors,2,4,pearson_r,0.35329223777322366
gbm_potency,grouped,XGBoost (descriptors),descriptors,2,4,spearman_rho,0.27923599897087054
gbm_potency,grouped,XGBoost (descriptors),descriptors,3,0,rmse,2.205704804308518
gbm_potency,grouped,XGBoost (descriptors),descriptors,3,0,mae,1.6922575624217582
gbm_potency,grouped,XGBoost (descriptors),descriptors,3,0,r2,0.13470392131518183
gbm_potency,grouped,XGBoost (descriptors),descriptors,3,0,pearson_r,0.43441567726063585
gbm_potency,grouped,XGBoost (descriptors),descriptors,3,0,spearman_rho,0.3758470580807906
gbm_potency,grouped,XGBoost (descriptors),descriptors,3,1,rmse,1.8470943066355299
gbm_potency,grouped,XGBoost (descriptors),descriptors,3,1,mae,1.4314876363145332
gbm_potency,grouped,XGBoost (descriptors),descriptors,3,1,r2,0.05411681347439534
gbm_potency,grouped,XGBoost (descriptors),descriptors,3,1,pearson_r,0.41751466937055176
gbm_potency,grouped,XGBoost (descriptors),descriptors,3,1,spearman_rho,0.43749115515416204
gbm_potency,grouped,XGBoost (descriptors),descriptors,3,2,rmse,2.348622029209344
gbm_potency,grouped,XGBoost (descriptors),descriptors,3,2,mae,1.8044796096601037
gbm_potency,grouped,XGBoost (descriptors),descriptors,3,2,r2,-0.2712467795414448
gbm_potency,grouped,XGBoost (descriptors),descriptors,3,2,pearson_r,0.13360357619571378
gbm_potency,grouped,XGBoost (descriptors),descriptors,3,2,spearman_rho,0.08880565733153409
gbm_potency,grouped,XGBoost (descriptors),descriptors,3,3,rmse,2.5627456671985636
gbm_potency,grouped,XGBoost (descriptors),descriptors,3,3,mae,1.9933865730633695
gbm_potency,grouped,XGBoost (descriptors),descriptors,3,3,r2,0.2759794802908727
gbm_potency,grouped,XGBoost (descriptors),descriptors,3,3,pearson_r,0.5415941895497923
gbm_potency,grouped,XGBoost (descriptors),descriptors,3,3,spearman_rho,0.36243982201447505
gbm_potency,grouped,XGBoost (descriptors),descriptors,3,4,rmse,2.1513971149922537
gbm_potency,grouped,XGBoost (descriptors),descriptors,3,4,mae,1.6607996830205674
gbm_potency,grouped,XGBoost (descriptors),descriptors,3,4,r2,0.2627181113270677
gbm_potency,grouped,XGBoost (descriptors),descriptors,3,4,pearson_r,0.5130486447543051
gbm_potency,grouped,XGBoost (descriptors),descriptors,3,4,spearman_rho,0.41180491012362175
gbm_potency,grouped,XGBoost (descriptors),descriptors,4,0,rmse,2.3606755416591114
gbm_potency,grouped,XGBoost (descriptors),descriptors,4,0,mae,1.7715934847538304
gbm_potency,grouped,XGBoost (descriptors),descriptors,4,0,r2,0.18150277893266764
gbm_potency,grouped,XGBoost (descriptors),descriptors,4,0,pearson_r,0.4507388964522757
gbm_potency,grouped,XGBoost (descriptors),descriptors,4,0,spearman_rho,0.3208200464319998
gbm_potency,grouped,XGBoost (descriptors),descriptors,4,1,rmse,2.4194172244914096
gbm_potency,grouped,XGBoost (descriptors),descriptors,4,1,mae,1.819318116378355
gbm_potency,grouped,XGBoost (descriptors),descriptors,4,1,r2,-0.02035623633071726
gbm_potency,grouped,XGBoost (descriptors),descriptors,4,1,pearson_r,0.24643251136742822
gbm_potency,grouped,XGBoost (descriptors),descriptors,4,1,spearman_rho,0.28722008446017094
gbm_potency,grouped,XGBoost (descriptors),descriptors,4,2,rmse,2.0219088810428065
gbm_potency,grouped,XGBoost (descriptors),descriptors,4,2,mae,1.4983991548446196
gbm_potency,grouped,XGBoost (descriptors),descriptors,4,2,r2,0.19714470668123363
gbm_potency,grouped,XGBoost (descriptors),descriptors,4,2,pearson_r,0.46575787888880177
gbm_potency,grouped,XGBoost (descriptors),descriptors,4,2,spearman_rho,0.3622213717407714
gbm_potency,grouped,XGBoost (descriptors),descriptors,4,3,rmse,2.0420842887088018
gbm_potency,grouped,XGBoost (descriptors),descriptors,4,3,mae,1.6581926328837708
gbm_potency,grouped,XGBoost (descriptors),descriptors,4,3,r2,0.24278855020836287
gbm_potency,grouped,XGBoost (descriptors),descriptors,4,3,pearson_r,0.5036493683376254
gbm_potency,grouped,XGBoost (descriptors),descriptors,4,3,spearman_rho,0.37794055857808645
gbm_potency,grouped,XGBoost (descriptors),descriptors,4,4,rmse,2.1928346371457725
gbm_potency,grouped,XGBoost (descriptors),descriptors,4,4,mae,1.7910403609053218
gbm_potency,grouped,XGBoost (descriptors),descriptors,4,4,r2,0.18886182246039618
gbm_potency,grouped,XGBoost (descriptors),descriptors,4,4,pearson_r,0.4493808556984383
gbm_potency,grouped,XGBoost (descriptors),descriptors,4,4,spearman_rho,0.2722804104540834
gbm_potency,grouped,XGBoost (morgan),morgan,0,0,rmse,2.6053295231005937
gbm_potency,grouped,XGBoost (morgan),morgan,0,0,mae,1.8848677647086003
gbm_potency,grouped,XGBoost (morgan),morgan,0,0,r2,0.021026550010028622
gbm_potency,grouped,XGBoost (morgan),morgan,0,0,pearson_r,0.3413588692861984
gbm_potency,grouped,XGBoost (morgan),morgan,0,0,spearman_rho,0.2395267179363845
gbm_potency,grouped,XGBoost (morgan),morgan,0,1,rmse,2.789596810805403
gbm_potency,grouped,XGBoost (morgan),morgan,0,1,mae,2.001735369097318
gbm_potency,grouped,XGBoost (morgan),morgan,0,1,r2,-0.14512311647420595
gbm_potency,grouped,XGBoost (morgan),morgan,0,1,pearson_r,0.28664116033344283
gbm_potency,grouped,XGBoost (morgan),morgan,0,1,spearman_rho,0.24823103195625193
gbm_potency,grouped,XGBoost (morgan),morgan,0,2,rmse,2.1918170061890963
gbm_potency,grouped,XGBoost (morgan),morgan,0,2,mae,1.7145676163478238
gbm_potency,grouped,XGBoost (morgan),morgan,0,2,r2,0.07490526749266124
gbm_potency,grouped,XGBoost (morgan),morgan,0,2,pearson_r,0.37139833549787077
gbm_potency,grouped,XGBoost (morgan),morgan,0,2,spearman_rho,0.36034403333474446
gbm_potency,grouped,XGBoost (morgan),morgan,0,3,rmse,2.2335552872001445
gbm_potency,grouped,XGBoost (morgan),morgan,0,3,mae,1.7160710887674866
gbm_potency,grouped,XGBoost (morgan),morgan,0,3,r2,0.04279724487606407
gbm_potency,grouped,XGBoost (morgan),morgan,0,3,pearson_r,0.3881707950302044
gbm_potency,grouped,XGBoost (morgan),morgan,0,3,spearman_rho,0.2251282659658644
gbm_potency,grouped,XGBoost (morgan),morgan,0,4,rmse,2.1827876472705006
gbm_potency,grouped,XGBoost (morgan),morgan,0,4,mae,1.5974282216581093
gbm_potency,grouped,XGBoost (morgan),morgan,0,4,r2,-0.060132750633438814
gbm_potency,grouped,XGBoost (morgan),morgan,0,4,pearson_r,0.2762447968611326
gbm_potency,grouped,XGBoost (morgan),morgan,0,4,spearman_rho,0.2368288484950254
gbm_potency,grouped,XGBoost (morgan),morgan,1,0,rmse,2.203482193701832
gbm_potency,grouped,XGBoost (morgan),morgan,1,0,mae,1.690098052141511
gbm_potency,grouped,XGBoost (morgan),morgan,1,0,r2,0.15862616405036545
gbm_potency,grouped,XGBoost (morgan),morgan,1,0,pearson_r,0.4190007346585633
gbm_potency,grouped,XGBoost (morgan),morgan,1,0,spearman_rho,0.3140798373834386
gbm_potency,grouped,XGBoost (morgan),morgan,1,1,rmse,2.6153169430092085
gbm_potency,grouped,XGBoost (morgan),morgan,1,1,mae,1.9086688682783832
gbm_potency,grouped,XGBoost (morgan),morgan,1,1,r2,0.0868778265989596
gbm_potency,grouped,XGBoost (morgan),morgan,1,1,pearson_r,0.3643334059343576
gbm_potency,grouped,XGBoost (morgan),morgan,1,1,spearman_rho,0.31722550334449523
gbm_potency,grouped,XGBoost (morgan),morgan,1,2,rmse,2.3603222434375204
gbm_potency,grouped,XGBoost (morgan),morgan,1,2,mae,1.8576619553614357
gbm_potency,grouped,XGBoost (morgan),morgan,1,2,r2,0.1435865281049482
gbm_potency,grouped,XGBoost (morgan),morgan,1,2,pearson_r,0.45488778249452355
gbm_potency,grouped,XGBoost (morgan),morgan,1,2,spearman_rho,0.27305328370742393
gbm_potency,grouped,XGBoost (morgan),morgan,1,3,rmse,1.8983090878545503
gbm_potency,grouped,XGBoost (morgan),morgan,1,3,mae,1.368711150076154
gbm_potency,grouped,XGBoost (morgan),morgan,1,3,r2,0.05930905429908673
gbm_potency,grouped,XGBoost (morgan),morgan,1,3,pearson_r,0.45513662707709707
gbm_potency,grouped,XGBoost (morgan),morgan,1,3,spearman_rho,0.47719184566697137
gbm_potency,grouped,XGBoost (morgan),morgan,1,4,rmse,2.655541084450021
gbm_potency,grouped,XGBoost (morgan),morgan,1,4,mae,2.089474203012116
gbm_potency,grouped,XGBoost (morgan),morgan,1,4,r2,-0.35804392160855225
gbm_potency,grouped,XGBoost (morgan),morgan,1,4,pearson_r,0.13706095228096077
gbm_potency,grouped,XGBoost (morgan),morgan,1,4,spearman_rho,0.055843813211706554
gbm_potency,grouped,XGBoost (morgan),morgan,2,0,rmse,2.545861246561907
gbm_potency,grouped,XGBoost (morgan),morgan,2,0,mae,1.9962561059455872
gbm_potency,grouped,XGBoost (morgan),morgan,2,0,r2,-0.00882804512747204
gbm_potency,grouped,XGBoost (morgan),morgan,2,0,pearson_r,0.2715350089285278
gbm_potency,grouped,XGBoost (morgan),morgan,2,0,spearman_rho,0.2646680900368213
gbm_potency,grouped,XGBoost (morgan),morgan,2,1,rmse,2.450452453691255
gbm_potency,grouped,XGBoost (morgan),morgan,2,1,mae,1.8852658121043433
gbm_potency,grouped,XGBoost (morgan),morgan,2,1,r2,-0.012432216658863515
gbm_potency,grouped,XGBoost (morgan),morgan,2,1,pearson_r,0.31882685440686903
gbm_potency,grouped,XGBoost (morgan),morgan,2,1,spearman_rho,0.28110302924121994
gbm_potency,grouped,XGBoost (morgan),morgan,2,2,rmse,2.5970821923006273
gbm_potency,grouped,XGBoost (morgan),morgan,2,2,mae,1.8847528694532423
gbm_potency,grouped,XGBoost (morgan),morgan,2,2,r2,0.00500665749135043
gbm_potency,grouped,XGBoost (morgan),morgan,2,2,pearson_r,0.3305787879429294
gbm_potency,grouped,XGBoost (morgan),morgan,2,2,spearman_rho,0.3335385337127544
gbm_potency,grouped,XGBoost (morgan),morgan,2,3,rmse,2.282995340445423
gbm_potency,grouped,XGBoost (morgan),morgan,2,3,mae,1.7309209122015932
gbm_potency,grouped,XGBoost (morgan),morgan,2,3,r2,-0.03753653306032767
gbm_potency,grouped,XGBoost (morgan),morgan,2,3,pearson_r,0.30312294070605406
gbm_potency,grouped,XGBoost (morgan),morgan,2,3,spearman_rho,0.12412081874187947
gbm_potency,grouped,XGBoost (morgan),morgan,2,4,rmse,2.347558114984547
gbm_potency,grouped,XGBoost (morgan),morgan,2,4,mae,1.7371953486301888
gbm_potency,grouped,XGBoost (morgan),morgan,2,4,r2,-0.14608120018672932
gbm_potency,grouped,XGBoost (morgan),morgan,2,4,pearson_r,0.27785464272731153
gbm_potency,grouped,XGBoost (morgan),morgan,2,4,spearman_rho,0.2431924835127016
gbm_potency,grouped,XGBoost (morgan),morgan,3,0,rmse,2.1710152675866707
gbm_potency,grouped,XGBoost (morgan),morgan,3,0,mae,1.663215820764389
gbm_potency,grouped,XGBoost (morgan),morgan,3,0,r2,0.16170724535105985
gbm_potency,grouped,XGBoost (morgan),morgan,3,0,pearson_r,0.4672755803185777
gbm_potency,grouped,XGBoost (morgan),morgan,3,0,spearman_rho,0.47041464928570664
gbm_potency,grouped,XGBoost (morgan),morgan,3,1,rmse,2.1806516842743338
gbm_potency,grouped,XGBoost (morgan),morgan,3,1,mae,1.74775599331736
gbm_potency,grouped,XGBoost (morgan),morgan,3,1,r2,-0.3183537803306433
gbm_potency,grouped,XGBoost (morgan),morgan,3,1,pearson_r,0.2646447586582482
gbm_potency,grouped,XGBoost (morgan),morgan,3,1,spearman_rho,0.17975715380630675
gbm_potency,grouped,XGBoost (morgan),morgan,3,2,rmse,2.1911645168247342
gbm_potency,grouped,XGBoost (morgan),morgan,3,2,mae,1.6172960415522577
gbm_potency,grouped,XGBoost (morgan),morgan,3,2,r2,-0.10650550375592926
gbm_potency,grouped,XGBoost (morgan),morgan,3,2,pearson_r,0.3282981229703994
gbm_potency,grouped,XGBoost (morgan),morgan,3,2,spearman_rho,0.17762042760892058
gbm_potency,grouped,XGBoost (morgan),morgan,3,3,rmse,2.8857225467637937
gbm_potency,grouped,XGBoost (morgan),morgan,3,3,mae,2.012444214129852
gbm_potency,grouped,XGBoost (morgan),morgan,3,3,r2,0.08198663410954599
gbm_potency,grouped,XGBoost (morgan),morgan,3,3,pearson_r,0.32787588468131645
gbm_potency,grouped,XGBoost (morgan),morgan,3,3,spearman_rho,0.29110201023968346
gbm_potency,grouped,XGBoost (morgan),morgan,3,4,rmse,2.279566193834712
gbm_potency,grouped,XGBoost (morgan),morgan,3,4,mae,1.7049596567725676
gbm_potency,grouped,XGBoost (morgan),morgan,3,4,r2,0.17225452130014873
gbm_potency,grouped,XGBoost (morgan),morgan,3,4,pearson_r,0.4310561702787439
gbm_potency,grouped,XGBoost (morgan),morgan,3,4,spearman_rho,0.2932272586923317
gbm_potency,grouped,XGBoost (morgan),morgan,4,0,rmse,2.410475285875474
gbm_potency,grouped,XGBoost (morgan),morgan,4,0,mae,1.758877935965316
gbm_potency,grouped,XGBoost (morgan),morgan,4,0,r2,0.14660523470301612
gbm_potency,grouped,XGBoost (morgan),morgan,4,0,pearson_r,0.4267463021349488
gbm_potency,grouped,XGBoost (morgan),morgan,4,0,spearman_rho,0.3586901145507484
gbm_potency,grouped,XGBoost (morgan),morgan,4,1,rmse,2.45176067860903
gbm_potency,grouped,XGBoost (morgan),morgan,4,1,mae,1.8883263031855106
gbm_potency,grouped,XGBoost (morgan),morgan,4,1,r2,-0.04781940703095744
gbm_potency,grouped,XGBoost (morgan),morgan,4,1,pearson_r,0.21405912866440943
gbm_potency,grouped,XGBoost (morgan),morgan,4,1,spearman_rho,0.2769700866580543
gbm_potency,grouped,XGBoost (morgan),morgan,4,2,rmse,2.413310392814521
gbm_potency,grouped,XGBoost (morgan),morgan,4,2,mae,1.7618562280578076
gbm_potency,grouped,XGBoost (morgan),morgan,4,2,r2,-0.1437746890502507
gbm_potency,grouped,XGBoost (morgan),morgan,4,2,pearson_r,0.3693439651485362
gbm_potency,grouped,XGBoost (morgan),morgan,4,2,spearman_rho,0.2708185248413063
gbm_potency,grouped,XGBoost (morgan),morgan,4,3,rmse,2.033957557109529
gbm_potency,grouped,XGBoost (morgan),morgan,4,3,mae,1.706456497730249
gbm_potency,grouped,XGBoost (morgan),morgan,4,3,r2,0.24880339458021283
gbm_potency,grouped,XGBoost (morgan),morgan,4,3,pearson_r,0.5090246708683631
gbm_potency,grouped,XGBoost (morgan),morgan,4,3,spearman_rho,0.346756842956974
gbm_potency,grouped,XGBoost (morgan),morgan,4,4,rmse,2.346010805011688
gbm_potency,grouped,XGBoost (morgan),morgan,4,4,mae,1.856799187858083
gbm_potency,grouped,XGBoost (morgan),morgan,4,4,r2,0.07158297965493976
gbm_potency,grouped,XGBoost (morgan),morgan,4,4,pearson_r,0.34220895499418513
gbm_potency,grouped,XGBoost (morgan),morgan,4,4,spearman_rho,0.20736158429740387
gbm_potency,grouped,SVM (descriptors),descriptors,0,0,rmse,2.451118876857541
gbm_potency,grouped,SVM (descriptors),descriptors,0,0,mae,1.7007447748055493
gbm_potency,grouped,SVM (descriptors),descriptors,0,0,r2,0.13348847913671358
gbm_potency,grouped,SVM (descriptors),descriptors,0,0,pearson_r,0.43798232897485645
gbm_potency,grouped,SVM (descriptors),descriptors,0,0,spearman_rho,0.437164563526028
gbm_potency,grouped,SVM (descriptors),descriptors,0,1,rmse,2.5602637938299946
gbm_potency,grouped,SVM (descriptors),descriptors,0,1,mae,1.8732258072182217
gbm_potency,grouped,SVM (descriptors),descriptors,0,1,r2,0.03541892825198556
gbm_potency,grouped,SVM (descriptors),descriptors,0,1,pearson_r,0.3452539157089458
gbm_potency,grouped,SVM (descriptors),descriptors,0,1,spearman_rho,0.2857614582084647
gbm_potency,grouped,SVM (descriptors),descriptors,0,2,rmse,1.997123758479134
gbm_potency,grouped,SVM (descriptors),descriptors,0,2,mae,1.4781051237659613
gbm_potency,grouped,SVM (descriptors),descriptors,0,2,r2,0.231953384042638
gbm_potency,grouped,SVM (descriptors),descriptors,0,2,pearson_r,0.5322244837326924
gbm_potency,grouped,SVM (descriptors),descriptors,0,2,spearman_rho,0.4798748601603462
gbm_potency,grouped,SVM (descriptors),descriptors,0,3,rmse,1.9204761069601597
gbm_potency,grouped,SVM (descriptors),descriptors,0,3,mae,1.5148384918250044
gbm_potency,grouped,SVM (descriptors),descriptors,0,3,r2,0.29233397984179177
gbm_potency,grouped,SVM (descriptors),descriptors,0,3,pearson_r,0.5918127868135364
gbm_potency,grouped,SVM (descriptors),descriptors,0,3,spearman_rho,0.42751041179528143
gbm_potency,grouped,SVM (descriptors),descriptors,0,4,rmse,2.126365902864185
gbm_potency,grouped,SVM (descriptors),descriptors,0,4,mae,1.5159347169760993
gbm_potency,grouped,SVM (descriptors),descriptors,0,4,r2,-0.006035430001530173
gbm_potency,grouped,SVM (descriptors),descriptors,0,4,pearson_r,0.23826025561425881
gbm_potency,grouped,SVM (descriptors),descriptors,0,4,spearman_rho,0.30055413290793837
gbm_potency,grouped,SVM (descriptors),descriptors,1,0,rmse,2.1400064949488873
gbm_potency,grouped,SVM (descriptors),descriptors,1,0,mae,1.575300290461062
gbm_potency,grouped,SVM (descriptors),descriptors,1,0,r2,0.20640285834289052
gbm_potency,grouped,SVM (descriptors),descriptors,1,0,pearson_r,0.46918751889009047
gbm_potency,grouped,SVM (descriptors),descriptors,1,0,spearman_rho,0.3789779234124202
gbm_potency,grouped,SVM (descriptors),descriptors,1,1,rmse,2.6747990894954277
gbm_potency,grouped,SVM (descriptors),descriptors,1,1,mae,1.852407630221022
gbm_potency,grouped,SVM (descriptors),descriptors,1,1,r2,0.04486982089032043
gbm_potency,grouped,SVM (descriptors),descriptors,1,1,pearson_r,0.4189884827384848
gbm_potency,grouped,SVM (descriptors),descriptors,1,1,spearman_rho,0.4160235485212605
gbm_potency,grouped,SVM (descriptors),descriptors,1,2,rmse,2.1276207522331214
gbm_potency,grouped,SVM (descriptors),descriptors,1,2,mae,1.6569484281803186
gbm_potency,grouped,SVM (descriptors),descriptors,1,2,r2,0.30412805546681576
gbm_potency,grouped,SVM (descriptors),descriptors,1,2,pearson_r,0.5576786280711385
gbm_potency,grouped,SVM (descriptors),descriptors,1,2,spearman_rho,0.38960709017973116
gbm_potency,grouped,SVM (descriptors),descriptors,1,3,rmse,1.8256587018231727
gbm_potency,grouped,SVM (descriptors),descriptors,1,3,mae,1.4182998961538071
gbm_potency,grouped,SVM (descriptors),descriptors,1,3,r2,0.12993380899419493
gbm_potency,grouped,SVM (descriptors),descriptors,1,3,pearson_r,0.41128549991074215
gbm_potency,grouped,SVM (descriptors),descriptors,1,3,spearman_rho,0.3689803026285136
gbm_potency,grouped,SVM (descriptors),descriptors,1,4,rmse,2.380694744892869
gbm_potency,grouped,SVM (descriptors),descriptors,1,4,mae,1.7196454119807345
gbm_potency,grouped,SVM (descriptors),descriptors,1,4,r2,-0.09147851888741387
gbm_potency,grouped,SVM (descriptors),descriptors,1,4,pearson_r,0.1494760178291511
gbm_potency,grouped,SVM (descriptors),descriptors,1,4,spearman_rho,0.2090209988471767
gbm_potency,grouped,SVM (descriptors),descriptors,2,0,rmse,2.105890136464548
gbm_potency,grouped,SVM (descriptors),descriptors,2,0,mae,1.6496272121853477
gbm_potency,grouped,SVM (descriptors),descriptors,2,0,r2,0.30972982735659216
gbm_potency,grouped,SVM (descriptors),descriptors,2,0,pearson_r,0.6005820033982187
gbm_potency,grouped,SVM (descriptors),descriptors,2,0,spearman_rho,0.4999633572629402
gbm_potency,grouped,SVM (descriptors),descriptors,2,1,rmse,2.3860486169763164
gbm_potency,grouped,SVM (descriptors),descriptors,2,1,mae,1.7341446877514566
gbm_potency,grouped,SVM (descriptors),descriptors,2,1,r2,0.040086780455890536
gbm_potency,grouped,SVM (descriptors),descriptors,2,1,pearson_r,0.33860792925600675
gbm_potency,grouped,SVM (descriptors),descriptors,2,1,spearman_rho,0.23855835007374226
gbm_potency,grouped,SVM (descriptors),descriptors,2,2,rmse,2.5566886334853858
gbm_potency,grouped,SVM (descriptors),descriptors,2,2,mae,1.8078027197478514
gbm_potency,grouped,SVM (descriptors),descriptors,2,2,r2,0.03571709521739819
gbm_potency,grouped,SVM (descriptors),descriptors,2,2,pearson_r,0.29396039745864017
gbm_potency,grouped,SVM (descriptors),descriptors,2,2,spearman_rho,0.3721552878357053
gbm_potency,grouped,SVM (descriptors),descriptors,2,3,rmse,2.2974535983077415
gbm_potency,grouped,SVM (descriptors),descriptors,2,3,mae,1.6824412650592278
gbm_potency,grouped,SVM (descriptors),descriptors,2,3,r2,-0.05071962739496727
gbm_potency,grouped,SVM (descriptors),descriptors,2,3,pearson_r,0.30743808548292306
gbm_potency,grouped,SVM (descriptors),descriptors,2,3,spearman_rho,0.2267686226269242
gbm_potency,grouped,SVM (descriptors),descriptors,2,4,rmse,1.896427309137878
gbm_potency,grouped,SVM (descriptors),descriptors,2,4,mae,1.371102123163409
gbm_potency,grouped,SVM (descriptors),descriptors,2,4,r2,0.2520801056162034
gbm_potency,grouped,SVM (descriptors),descriptors,2,4,pearson_r,0.5500703191359633
gbm_potency,grouped,SVM (descriptors),descriptors,2,4,spearman_rho,0.5034955122850396
gbm_potency,grouped,SVM (descriptors),descriptors,3,0,rmse,2.1128392249654597
gbm_potency,grouped,SVM (descriptors),descriptors,3,0,mae,1.6258883068868368
gbm_potency,grouped,SVM (descriptors),descriptors,3,0,r2,0.20603225549481785
gbm_potency,grouped,SVM (descriptors),descriptors,3,0,pearson_r,0.46475239103632526
gbm_potency,grouped,SVM (descriptors),descriptors,3,0,spearman_rho,0.32894434700581676
gbm_potency,grouped,SVM (descriptors),descriptors,3,1,rmse,1.7520038878279087
gbm_potency,grouped,SVM (descriptors),descriptors,3,1,mae,1.2908079942604742
gbm_potency,grouped,SVM (descriptors),descriptors,3,1,r2,0.1490001225281724
gbm_potency,grouped,SVM (descriptors),descriptors,3,1,pearson_r,0.40997563471644927
gbm_potency,grouped,SVM (descriptors),descriptors,3,1,spearman_rho,0.47609747822010473
gbm_potency,grouped,SVM (descriptors),descriptors,3,2,rmse,2.2962484660284685
gbm_potency,grouped,SVM (descriptors),descriptors,3,2,mae,1.7451059219346503
gbm_potency,grouped,SVM (descriptors),descriptors,3,2,r2,-0.21518210091116008
gbm_potency,grouped,SVM (descriptors),descriptors,3,2,pearson_r,0.17833158035820543
gbm_potency,grouped,SVM (descriptors),descriptors,3,2,spearman_rho,0.08279111306895712
gbm_potency,grouped,SVM (descriptors),descriptors,3,3,rmse,2.8758227265988547
gbm_potency,grouped,SVM (descriptors),descriptors,3,3,mae,2.0965709094498224
gbm_potency,grouped,SVM (descriptors),descriptors,3,3,r2,0.08827454159610881
gbm_potency,grouped,SVM (descriptors),descriptors,3,3,pearson_r,0.3325826518594302
gbm_potency,grouped,SVM (descriptors),descriptors,3,3,spearman_rho,0.22357104167058603
gbm_potency,grouped,SVM (descriptors),descriptors,3,4,rmse,2.2257393519321087
gbm_potency,grouped,SVM (descriptors),descriptors,3,4,mae,1.628626596885868
gbm_potency,grouped,SVM (descriptors),descriptors,3,4,r2,0.21088370683086455
gbm_potency,grouped,SVM (descriptors),descriptors,3,4,pearson_r,0.4762696418516891
gbm_potency,grouped,SVM (descriptors),descriptors,3,4,spearman_rho,0.38802012144888554
gbm_potency,grouped,SVM (descriptors),descriptors,4,0,rmse,2.485948046122392
gbm_potency,grouped,SVM (descriptors),descriptors,4,0,mae,1.7523330525925858
gbm_potency,grouped,SVM (descriptors),descriptors,4,0,r2,0.09232848898011203
gbm_potency,grouped,SVM (descriptors),descriptors,4,0,pearson_r,0.3469764315341143
gbm_potency,grouped,SVM (descriptors),descriptors,4,0,spearman_rho,0.27227012850995685
gbm_potency,grouped,SVM (descriptors),descriptors,4,1,rmse,2.377704693200224
gbm_potency,grouped,SVM (descriptors),descriptors,4,1,mae,1.7320940299670122
gbm_potency,grouped,SVM (descriptors),descriptors,4,1,r2,0.014523852988130526
gbm_potency,grouped,SVM (descriptors),descriptors,4,1,pearson_r,0.30329802656815713
gbm_potency,grouped,SVM (descriptors),descriptors,4,1,spearman_rho,0.3546904308174027
gbm_potency,grouped,SVM (descriptors),descriptors,4,2,rmse,1.9566414389002393
gbm_potency,grouped,SVM (descriptors),descriptors,4,2,mae,1.386759016318414
gbm_potency,grouped,SVM (descriptors),descriptors,4,2,r2,0.24814064222231058
gbm_potency,grouped,SVM (descriptors),descriptors,4,2,pearson_r,0.5064175360959902
gbm_potency,grouped,SVM (descriptors),descriptors,4,2,spearman_rho,0.4521661473038541
gbm_potency,grouped,SVM (descriptors),descriptors,4,3,rmse,2.0735020064839
gbm_potency,grouped,SVM (descriptors),descriptors,4,3,mae,1.6202334353527479
gbm_potency,grouped,SVM (descriptors),descriptors,4,3,r2,0.21930973429014788
gbm_potency,grouped,SVM (descriptors),descriptors,4,3,pearson_r,0.4841960922227242
gbm_potency,grouped,SVM (descriptors),descriptors,4,3,spearman_rho,0.33701699411687336
gbm_potency,grouped,SVM (descriptors),descriptors,4,4,rmse,2.2597526551613187
gbm_potency,grouped,SVM (descriptors),descriptors,4,4,mae,1.747226840561144
gbm_potency,grouped,SVM (descriptors),descriptors,4,4,r2,0.1385999585875487
gbm_potency,grouped,SVM (descriptors),descriptors,4,4,pearson_r,0.40480481122194084
gbm_potency,grouped,SVM (descriptors),descriptors,4,4,spearman_rho,0.2601106616954545
gbm_potency,grouped,MLP (descriptors),descriptors,0,0,rmse,2.4554955558378
gbm_potency,grouped,MLP (descriptors),descriptors,0,0,mae,1.6922488181650743
gbm_potency,grouped,MLP (descriptors),descriptors,0,0,r2,0.13039125797933415
gbm_potency,grouped,MLP (descriptors),descriptors,0,0,pearson_r,0.42661906392719784
gbm_potency,grouped,MLP (descriptors),descriptors,0,0,spearman_rho,0.3435466366677758
gbm_potency,grouped,MLP (descriptors),descriptors,0,1,rmse,2.3653159538794153
gbm_potency,grouped,MLP (descriptors),descriptors,0,1,mae,1.8374875095192431
gbm_potency,grouped,MLP (descriptors),descriptors,0,1,r2,0.17671988046014764
gbm_potency,grouped,MLP (descriptors),descriptors,0,1,pearson_r,0.427038039075451
gbm_potency,grouped,MLP (descriptors),descriptors,0,1,spearman_rho,0.26823216409669715
gbm_potency,grouped,MLP (descriptors),descriptors,0,2,rmse,2.181291984312541
gbm_potency,grouped,MLP (descriptors),descriptors,0,2,mae,1.786342122584205
gbm_potency,grouped,MLP (descriptors),descriptors,0,2,r2,0.08376847530349152
gbm_potency,grouped,MLP (descriptors),descriptors,0,2,pearson_r,0.3866696969912836
gbm_potency,grouped,MLP (descriptors),descriptors,0,2,spearman_rho,0.45994968082841464
gbm_potency,grouped,MLP (descriptors),descriptors,0,3,rmse,2.264110427816628
gbm_potency,grouped,MLP (descriptors),descriptors,0,3,mae,1.834776388439813
gbm_potency,grouped,MLP (descriptors),descriptors,0,3,r2,0.016428953666119295
gbm_potency,grouped,MLP (descriptors),descriptors,0,3,pearson_r,0.2977892812288493
gbm_potency,grouped,MLP (descriptors),descriptors,0,3,spearman_rho,0.24481240839163623
gbm_potency,grouped,MLP (descriptors),descriptors,0,4,rmse,2.061057924076733
gbm_potency,grouped,MLP (descriptors),descriptors,0,4,mae,1.525356775153314
gbm_potency,grouped,MLP (descriptors),descriptors,0,4,r2,0.054813148849349624
gbm_potency,grouped,MLP (descriptors),descriptors,0,4,pearson_r,0.33080959227247286
gbm_potency,grouped,MLP (descriptors),descriptors,0,4,spearman_rho,0.36119390453801264
gbm_potency,grouped,MLP (descriptors),descriptors,1,0,rmse,2.1903285526614136
gbm_potency,grouped,MLP (descriptors),descriptors,1,0,mae,1.7468391777750416
gbm_potency,grouped,MLP (descriptors),descriptors,1,0,r2,0.1686413091250042
gbm_potency,grouped,MLP (descriptors),descriptors,1,0,pearson_r,0.42242943381282805
gbm_potency,grouped,MLP (descriptors),descriptors,1,0,spearman_rho,0.46420347919969257
gbm_potency,grouped,MLP (descriptors),descriptors,1,1,rmse,2.4990005078579594
gbm_potency,grouped,MLP (descriptors),descriptors,1,1,mae,1.7836020399642898
gbm_potency,grouped,MLP (descriptors),descriptors,1,1,r2,0.1662940077268027
gbm_potency,grouped,MLP (descriptors),descriptors,1,1,pearson_r,0.4713314148584353
gbm_potency,grouped,MLP (descriptors),descriptors,1,1,spearman_rho,0.3973055078766174
gbm_potency,grouped,MLP (descriptors),descriptors,1,2,rmse,2.4279622972922983
gbm_potency,grouped,MLP (descriptors),descriptors,1,2,mae,2.007023792779243
gbm_potency,grouped,MLP (descriptors),descriptors,1,2,r2,0.09379851594326027
gbm_potency,grouped,MLP (descriptors),descriptors,1,2,pearson_r,0.41221089385218035
gbm_potency,grouped,MLP (descriptors),descriptors,1,2,spearman_rho,0.3984991059317265
gbm_potency,grouped,MLP (descriptors),descriptors,1,3,rmse,1.8899943462456834
gbm_potency,grouped,MLP (descriptors),descriptors,1,3,mae,1.5359508721294843
gbm_potency,grouped,MLP (descriptors),descriptors,1,3,r2,0.06753160623653043
gbm_potency,grouped,MLP (descriptors),descriptors,1,3,pearson_r,0.37573429797334523
gbm_potency,grouped,MLP (descriptors),descriptors,1,3,spearman_rho,0.26435286196988506
gbm_potency,grouped,MLP (descriptors),descriptors,1,4,rmse,2.3050636084634055
gbm_potency,grouped,MLP (descriptors),descriptors,1,4,mae,1.7541316452940787
gbm_potency,grouped,MLP (descriptors),descriptors,1,4,r2,-0.02323077793335826
gbm_potency,grouped,MLP (descriptors),descriptors,1,4,pearson_r,0.21483446530789851
gbm_potency,grouped,MLP (descriptors),descriptors,1,4,spearman_rho,0.2660276141187596
gbm_potency,grouped,MLP (descriptors),descriptors,2,0,rmse,2.307326761047316
gbm_potency,grouped,MLP (descriptors),descriptors,2,0,mae,1.8865357677549108
gbm_potency,grouped,MLP (descriptors),descriptors,2,0,r2,0.17136000150130193
gbm_potency,grouped,MLP (descriptors),descriptors,2,0,pearson_r,0.49923185886932947
gbm_potency,grouped,MLP (descriptors),descriptors,2,0,spearman_rho,0.4286712364289799
gbm_potency,grouped,MLP (descriptors),descriptors,2,1,rmse,2.3276274530627328
gbm_potency,grouped,MLP (descriptors),descriptors,2,1,mae,1.788501908610316
gbm_potency,grouped,MLP (descriptors),descriptors,2,1,r2,0.08651727771404527
gbm_potency,grouped,MLP (descriptors),descriptors,2,1,pearson_r,0.3676499790532105
gbm_potency,grouped,MLP (descriptors),descriptors,2,1,spearman_rho,0.27403778640228305
gbm_potency,grouped,MLP (descriptors),descriptors,2,2,rmse,2.4832369014705895
gbm_potency,grouped,MLP (descriptors),descriptors,2,2,mae,1.813281712124633
gbm_potency,grouped,MLP (descriptors),descriptors,2,2,r2,0.09032744358530631
gbm_potency,grouped,MLP (descriptors),descriptors,2,2,pearson_r,0.3272198539262219
gbm_potency,grouped,MLP (descriptors),descriptors,2,2,spearman_rho,0.38018741635014497
gbm_potency,grouped,MLP (descriptors),descriptors,2,3,rmse,2.2165347696835878
gbm_potency,grouped,MLP (descriptors),descriptors,2,3,mae,1.6748192147838963
gbm_potency,grouped,MLP (descriptors),descriptors,2,3,r2,0.02199191722041527
gbm_potency,grouped,MLP (descriptors),descriptors,2,3,pearson_r,0.34858019696526377
gbm_potency,grouped,MLP (descriptors),descriptors,2,3,spearman_rho,0.25818564348512263
gbm_potency,grouped,MLP (descriptors),descriptors,2,4,rmse,1.8650641241468187
gbm_potency,grouped,MLP (descriptors),descriptors,2,4,mae,1.4269973921941819
gbm_potency,grouped,MLP (descriptors),descriptors,2,4,r2,0.2766137982989618
gbm_potency,grouped,MLP (descriptors),descriptors,2,4,pearson_r,0.5358163869388803
gbm_potency,grouped,MLP (descriptors),descriptors,2,4,spearman_rho,0.44163431019250804
gbm_potency,grouped,MLP (descriptors),descriptors,3,0,rmse,2.3842659683927256
gbm_potency,grouped,MLP (descriptors),descriptors,3,0,mae,1.9899434937661968
gbm_potency,grouped,MLP (descriptors),descriptors,3,0,r2,-0.011065653149078702
gbm_potency,grouped,MLP (descriptors),descriptors,3,0,pearson_r,0.33052803953048077
gbm_potency,grouped,MLP (descriptors),descriptors,3,0,spearman_rho,0.38894073158922077
gbm_potency,grouped,MLP (descriptors),descriptors,3,1,rmse,1.846461120807815
gbm_potency,grouped,MLP (descriptors),descriptors,3,1,mae,1.4264511311338657
gbm_potency,grouped,MLP (descriptors),descriptors,3,1,r2,0.05476520177927413
gbm_potency,grouped,MLP (descriptors),descriptors,3,1,pearson_r,0.32034526928367824
gbm_potency,grouped,MLP (descriptors),descriptors,3,1,spearman_rho,0.3200683064545718
gbm_potency,grouped,MLP (descriptors),descriptors,3,2,rmse,2.1227379959666153
gbm_potency,grouped,MLP (descriptors),descriptors,3,2,mae,1.765004432435984
gbm_potency,grouped,MLP (descriptors),descriptors,3,2,r2,-0.038475829575520315
gbm_potency,grouped,MLP (descriptors),descriptors,3,2,pearson_r,0.19192821129889723
gbm_potency,grouped,MLP (descriptors),descriptors,3,2,spearman_rho,0.13750523996670272
gbm_potency,grouped,MLP (descriptors),descriptors,3,3,rmse,2.636776251503861
gbm_potency,grouped,MLP (descriptors),descriptors,3,3,mae,2.014194159458775
gbm_potency,grouped,MLP (descriptors),descriptors,3,3,r2,0.23354543364099112
gbm_potency,grouped,MLP (descriptors),descriptors,3,3,pearson_r,0.5094632935736942
gbm_potency,grouped,MLP (descriptors),descriptors,3,3,spearman_rho,0.3726859000042691
gbm_potency,grouped,MLP (descriptors),descriptors,3,4,rmse,2.227741174479963
gbm_potency,grouped,MLP (descriptors),descriptors,3,4,mae,1.6346239299258438
gbm_potency,grouped,MLP (descriptors),descriptors,3,4,r2,0.20946361138034209
gbm_potency,grouped,MLP (descriptors),descriptors,3,4,pearson_r,0.4614058803890674
gbm_potency,grouped,MLP (descriptors),descriptors,3,4,spearman_rho,0.3869630197300084
gbm_potency,grouped,MLP (descriptors),descriptors,4,0,rmse,2.3640016773226886
gbm_potency,grouped,MLP (descriptors),descriptors,4,0,mae,1.6626663429889346
gbm_potency,grouped,MLP (descriptors),descriptors,4,0,r2,0.17919466782551374
gbm_potency,grouped,MLP (descriptors),descriptors,4,0,pearson_r,0.4239409205541657
gbm_potency,grouped,MLP (descriptors),descriptors,4,0,spearman_rho,0.40407004171845673
gbm_potency,grouped,MLP (descriptors),descriptors,4,1,rmse,2.3604857687049163
gbm_potency,grouped,MLP (descriptors),descriptors,4,1,mae,1.7958705758138507
gbm_potency,grouped,MLP (descriptors),descriptors,4,1,r2,0.0287454648827129
gbm_potency,grouped,MLP (descriptors),descriptors,4,1,pearson_r,0.25951261795305064
gbm_potency,grouped,MLP (descriptors),descriptors,4,1,spearman_rho,0.2328352163967066
gbm_potency,grouped,MLP (descriptors),descriptors,4,2,rmse,2.170555824724096
gbm_potency,grouped,MLP (descriptors),descriptors,4,2,mae,1.6462821290117893
gbm_potency,grouped,MLP (descriptors),descriptors,4,2,r2,0.07475651594277521
gbm_potency,grouped,MLP (descriptors),descriptors,4,2,pearson_r,0.3681857833552225
gbm_potency,grouped,MLP (descriptors),descriptors,4,2,spearman_rho,0.3733756174640959
gbm_potency,grouped,MLP (descriptors),descriptors,4,3,rmse,2.066922808218077
gbm_potency,grouped,MLP (descriptors),descriptors,4,3,mae,1.6827346621833468
gbm_potency,grouped,MLP (descriptors),descriptors,4,3,r2,0.22425611706681958
gbm_potency,grouped,MLP (descriptors),descriptors,4,3,pearson_r,0.4881605367401849
gbm_potency,grouped,MLP (descriptors),descriptors,4,3,spearman_rho,0.3861212216371316
gbm_potency,grouped,MLP (descriptors),descriptors,4,4,rmse,2.0815130577987118
gbm_potency,grouped,MLP (descriptors),descriptors,4,4,mae,1.6767124688935668
gbm_potency,grouped,MLP (descriptors),descriptors,4,4,r2,0.26912794495076975
gbm_potency,grouped,MLP (descriptors),descriptors,4,4,pearson_r,0.5203979023135329
gbm_potency,grouped,MLP (descriptors),descriptors,4,4,spearman_rho,0.2934407889112669
gbm_potency,grouped,Linear (pathway one-hot),pathway,0,0,rmse,2.5588914018032143
gbm_potency,grouped,Linear (pathway one-hot),pathway,0,0,mae,1.871160578203105
gbm_potency,grouped,Linear (pathway one-hot),pathway,0,0,r2,0.05561451787026872
gbm_potency,grouped,Linear (pathway one-hot),pathway,0,0,pearson_r,0.2823151716765249
gbm_potency,grouped,Linear (pathway one-hot),pathway,0,0,spearman_rho,0.3056129727913113
gbm_potency,grouped,Linear (pathway one-hot),pathway,0,1,rmse,2.448684648288656
gbm_potency,grouped,Linear (pathway one-hot),pathway,0,1,mae,1.8805057302644317
gbm_potency,grouped,Linear (pathway one-hot),pathway,0,1,r2,0.1176619197374763
gbm_potency,grouped,Linear (pathway one-hot),pathway,0,1,pearson_r,0.374582402171469
gbm_potency,grouped,Linear (pathway one-hot),pathway,0,1,spearman_rho,0.26160905869969864
gbm_potency,grouped,Linear (pathway one-hot),pathway,0,2,rmse,2.1111817467481404
gbm_potency,grouped,Linear (pathway one-hot),pathway,0,2,mae,1.7119435118384991
gbm_potency,grouped,Linear (pathway one-hot),pathway,0,2,r2,0.14172024574261177
gbm_potency,grouped,Linear (pathway one-hot),pathway,0,2,pearson_r,0.3983140529951295
gbm_potency,grouped,Linear (pathway one-hot),pathway,0,2,spearman_rho,0.2981934674914775
gbm_potency,grouped,Linear (pathway one-hot),pathway,0,3,rmse,2.0245249693173974
gbm_potency,grouped,Linear (pathway one-hot),pathway,0,3,mae,1.630524437986569
gbm_potency,grouped,Linear (pathway one-hot),pathway,0,3,r2,0.21357592380072887
gbm_potency,grouped,Linear (pathway one-hot),pathway,0,3,pearson_r,0.4703618364875679
gbm_potency,grouped,Linear (pathway one-hot),pathway,0,3,spearman_rho,0.36737351360359166
gbm_potency,grouped,Linear (pathway one-hot),pathway,0,4,rmse,2.4105247663056355
gbm_potency,grouped,Linear (pathway one-hot),pathway,0,4,mae,1.8599859222955772
gbm_potency,grouped,Linear (pathway one-hot),pathway,0,4,r2,-0.2928867134187325
gbm_potency,grouped,Linear (pathway one-hot),pathway,0,4,pearson_r,0.1934572330013367
gbm_potency,grouped,Linear (pathway one-hot),pathway,0,4,spearman_rho,0.0809512804245433
gbm_potency,grouped,Linear (pathway one-hot),pathway,1,0,rmse,2.326089469593146
gbm_potency,grouped,Linear (pathway one-hot),pathway,1,0,mae,1.8445252678206567
gbm_potency,grouped,Linear (pathway one-hot),pathway,1,0,r2,0.06238889498951394
gbm_potency,grouped,Linear (pathway one-hot),pathway,1,0,pearson_r,0.2909156922755388
gbm_potency,grouped,Linear (pathway one-hot),pathway,1,0,spearman_rho,0.22402391835923435
gbm_potency,grouped,Linear (pathway one-hot),pathway,1,1,rmse,2.6487502843277344
gbm_potency,grouped,Linear (pathway one-hot),pathway,1,1,mae,1.942059854955294
gbm_potency,grouped,Linear (pathway one-hot),pathway,1,1,r2,0.06338250233057996
gbm_potency,grouped,Linear (pathway one-hot),pathway,1,1,pearson_r,0.3277193245159681
gbm_potency,grouped,Linear (pathway one-hot),pathway,1,1,spearman_rho,0.24620726176656688
gbm_potency,grouped,Linear (pathway one-hot),pathway,1,2,rmse,2.3779284393200424
gbm_potency,grouped,Linear (pathway one-hot),pathway,1,2,mae,1.847208373314218
gbm_potency,grouped,Linear (pathway one-hot),pathway,1,2,r2,0.1307625001710776
gbm_potency,grouped,Linear (pathway one-hot),pathway,1,2,pearson_r,0.3653453047783374
gbm_potency,grouped,Linear (pathway one-hot),pathway,1,2,spearman_rho,0.2552738005127429
gbm_potency,grouped,Linear (pathway one-hot),pathway,1,3,rmse,2.0362572074814094
gbm_potency,grouped,Linear (pathway one-hot),pathway,1,3,mae,1.617568764899687
gbm_potency,grouped,Linear (pathway one-hot),pathway,1,3,r2,-0.0823765616408847
gbm_potency,grouped,Linear (pathway one-hot),pathway,1,3,pearson_r,0.2526543288499535
gbm_potency,grouped,Linear (pathway one-hot),pathway,1,3,spearman_rho,0.17190861002675598
gbm_potency,grouped,Linear (pathway one-hot),pathway,1,4,rmse,2.2118234662686973
gbm_potency,grouped,Linear (pathway one-hot),pathway,1,4,mae,1.7262628829753002
gbm_potency,grouped,Linear (pathway one-hot),pathway,1,4,r2,0.057874651198341454
gbm_potency,grouped,Linear (pathway one-hot),pathway,1,4,pearson_r,0.2826310505467058
gbm_potency,grouped,Linear (pathway one-hot),pathway,1,4,spearman_rho,0.21676056232760765
gbm_potency,grouped,Linear (pathway one-hot),pathway,2,0,rmse,2.3484723739028666
gbm_potency,grouped,Linear (pathway one-hot),pathway,2,0,mae,1.8072269005671895
gbm_potency,grouped,Linear (pathway one-hot),pathway,2,0,r2,0.14154289769746065
gbm_potency,grouped,Linear (pathway one-hot),pathway,2,0,pearson_r,0.4251213771098992
gbm_potency,grouped,Linear (pathway one-hot),pathway,2,0,spearman_rho,0.33492907934184585
gbm_potency,grouped,Linear (pathway one-hot),pathway,2,1,rmse,2.2933468230098093
gbm_potency,grouped,Linear (pathway one-hot),pathway,2,1,mae,1.7685802964872679
gbm_potency,grouped,Linear (pathway one-hot),pathway,2,1,r2,0.1132261617256276
gbm_potency,grouped,Linear (pathway one-hot),pathway,2,1,pearson_r,0.3690762457310505
gbm_potency,grouped,Linear (pathway one-hot),pathway,2,1,spearman_rho,0.30403485675746117
gbm_potency,grouped,Linear (pathway one-hot),pathway,2,2,rmse,2.6925052804851592
gbm_potency,grouped,Linear (pathway one-hot),pathway,2,2,mae,2.055439592964327
gbm_potency,grouped,Linear (pathway one-hot),pathway,2,2,r2,-0.06945351827740609
gbm_potency,grouped,Linear (pathway one-hot),pathway,2,2,pearson_r,0.07448562927645345
gbm_potency,grouped,Linear (pathway one-hot),pathway,2,2,spearman_rho,-0.037653009330542254
gbm_potency,grouped,Linear (pathway one-hot),pathway,2,3,rmse,2.120066765562249
gbm_potency,grouped,Linear (pathway one-hot),pathway,2,3,mae,1.6571523035412254
gbm_potency,grouped,Linear (pathway one-hot),pathway,2,3,r2,0.10526912592775017
gbm_potency,grouped,Linear (pathway one-hot),pathway,2,3,pearson_r,0.3520262097829445
gbm_potency,grouped,Linear (pathway one-hot),pathway,2,3,spearman_rho,0.29492039673768616
gbm_potency,grouped,Linear (pathway one-hot),pathway,2,4,rmse,2.1532813920606566
gbm_potency,grouped,Linear (pathway one-hot),pathway,2,4,mae,1.6464652194156961
gbm_potency,grouped,Linear (pathway one-hot),pathway,2,4,r2,0.03576196417707611
gbm_potency,grouped,Linear (pathway one-hot),pathway,2,4,pearson_r,0.226083035140488
gbm_potency,grouped,Linear (pathway one-hot),pathway,2,4,spearman_rho,0.188961323084417
gbm_potency,grouped,Linear (pathway one-hot),pathway,3,0,rmse,2.5964922695174546
gbm_potency,grouped,Linear (pathway one-hot),pathway,3,0,mae,1.9997200489586924
gbm_potency,grouped,Linear (pathway one-hot),pathway,3,0,r2,-0.1990685859060597
gbm_potency,grouped,Linear (pathway one-hot),pathway,3,0,pearson_r,0.1384081303760933
gbm_potency,grouped,Linear (pathway one-hot),pathway,3,0,spearman_rho,0.021428977964816343
gbm_potency,grouped,Linear (pathway one-hot),pathway,3,1,rmse,1.999206260479465
gbm_potency,grouped,Linear (pathway one-hot),pathway,3,1,mae,1.6159004304935947
gbm_potency,grouped,Linear (pathway one-hot),pathway,3,1,r2,-0.10808881879392618
gbm_potency,grouped,Linear (pathway one-hot),pathway,3,1,pearson_r,0.28443291271550686
gbm_potency,grouped,Linear (pathway one-hot),pathway,3,1,spearman_rho,0.2995631462823575
gbm_potency,grouped,Linear (pathway one-hot),pathway,3,2,rmse,1.9733620755453924
gbm_potency,grouped,Linear (pathway one-hot),pathway,3,2,mae,1.5065464714968035
gbm_potency,grouped,Linear (pathway one-hot),pathway,3,2,r2,0.10253574374126151
gbm_potency,grouped,Linear (pathway one-hot),pathway,3,2,pearson_r,0.44862744003291777
gbm_potency,grouped,Linear (pathway one-hot),pathway,3,2,spearman_rho,0.3800812650131674
gbm_potency,grouped,Linear (pathway one-hot),pathway,3,3,rmse,2.72449061041971
gbm_potency,grouped,Linear (pathway one-hot),pathway,3,3,mae,2.091897736756533
gbm_potency,grouped,Linear (pathway one-hot),pathway,3,3,r2,0.18170388366738233
gbm_potency,grouped,Linear (pathway one-hot),pathway,3,3,pearson_r,0.4526556318615023
gbm_potency,grouped,Linear (pathway one-hot),pathway,3,3,spearman_rho,0.3403016623887395
gbm_potency,grouped,Linear (pathway one-hot),pathway,3,4,rmse,2.3882487497663
gbm_potency,grouped,Linear (pathway one-hot),pathway,3,4,mae,1.7662130407828283
gbm_potency,grouped,Linear (pathway one-hot),pathway,3,4,r2,0.09144437832396901
gbm_potency,grouped,Linear (pathway one-hot),pathway,3,4,pearson_r,0.3384929490492327
gbm_potency,grouped,Linear (pathway one-hot),pathway,3,4,spearman_rho,0.3337935520417563
gbm_potency,grouped,Linear (pathway one-hot),pathway,4,0,rmse,2.4876764463657226
gbm_potency,grouped,Linear (pathway one-hot),pathway,4,0,mae,1.8791585756852065
gbm_potency,grouped,Linear (pathway one-hot),pathway,4,0,r2,0.09106590021599859
gbm_potency,grouped,Linear (pathway one-hot),pathway,4,0,pearson_r,0.30514386291794604
gbm_potency,grouped,Linear (pathway one-hot),pathway,4,0,spearman_rho,0.1967300184261554
gbm_potency,grouped,Linear (pathway one-hot),pathway,4,1,rmse,2.365571320360728
gbm_potency,grouped,Linear (pathway one-hot),pathway,4,1,mae,1.8086551315115253
gbm_potency,grouped,Linear (pathway one-hot),pathway,4,1,r2,0.024555915438568054
gbm_potency,grouped,Linear (pathway one-hot),pathway,4,1,pearson_r,0.27410490709627133
gbm_potency,grouped,Linear (pathway one-hot),pathway,4,1,spearman_rho,0.35694006761489927
gbm_potency,grouped,Linear (pathway one-hot),pathway,4,2,rmse,2.241204120291051
gbm_potency,grouped,Linear (pathway one-hot),pathway,4,2,mae,1.6732702463523634
gbm_potency,grouped,Linear (pathway one-hot),pathway,4,2,r2,0.013545769247148454
gbm_potency,grouped,Linear (pathway one-hot),pathway,4,2,pearson_r,0.3153690929485883
gbm_potency,grouped,Linear (pathway one-hot),pathway,4,2,spearman_rho,0.1998333619746853
gbm_potency,grouped,Linear (pathway one-hot),pathway,4,3,rmse,2.0812133617507453
gbm_potency,grouped,Linear (pathway one-hot),pathway,4,3,mae,1.718788395070083
gbm_potency,grouped,Linear (pathway one-hot),pathway,4,3,r2,0.21349216141104166
gbm_potency,grouped,Linear (pathway one-hot),pathway,4,3,pearson_r,0.492760596526254
gbm_potency,grouped,Linear (pathway one-hot),pathway,4,3,spearman_rho,0.31852703477350647
gbm_potency,grouped,Linear (pathway one-hot),pathway,4,4,rmse,2.3073799462784046
gbm_potency,grouped,Linear (pathway one-hot),pathway,4,4,mae,1.7936073018171617
gbm_potency,grouped,Linear (pathway one-hot),pathway,4,4,r2,0.10190701276848668
gbm_potency,grouped,Linear (pathway one-hot),pathway,4,4,pearson_r,0.33953562998338005
gbm_potency,grouped,Linear (pathway one-hot),pathway,4,4,spearman_rho,0.24821939971473853
gbm_potency,grouped,Random Forest (pathway one-hot),pathway,0,0,rmse,2.547362945578806
gbm_potency,grouped,Random Forest (pathway one-hot),pathway,0,0,mae,1.869617211740323
gbm_potency,grouped,Random Forest (pathway one-hot),pathway,0,0,r2,0.06410474269182442
gbm_potency,grouped,Random Forest (pathway one-hot),pathway,0,0,pearson_r,0.2998501731904496
gbm_potency,grouped,Random Forest (pathway one-hot),pathway,0,0,spearman_rho,0.2982757986166248
gbm_potency,grouped,Random Forest (pathway one-hot),pathway,0,1,rmse,2.4518979678080113
gbm_potency,grouped,Random Forest (pathway one-hot),pathway,0,1,mae,1.8834746263053823
gbm_potency,grouped,Random Forest (pathway one-hot),pathway,0,1,r2,0.11534468018183086
gbm_potency,grouped,Random Forest (pathway one-hot),pathway,0,1,pearson_r,0.371394871264098
gbm_potency,grouped,Random Forest (pathway one-hot),pathway,0,1,spearman_rho,0.25844355402246433
gbm_potency,grouped,Random Forest (pathway one-hot),pathway,0,2,rmse,2.1090322089450373
gbm_potency,grouped,Random Forest (pathway one-hot),pathway,0,2,mae,1.7109952479508648
gbm_potency,grouped,Random Forest (pathway one-hot),pathway,0,2,r2,0.14346710204117963
gbm_potency,grouped,Random Forest (pathway one-hot),pathway,0,2,pearson_r,0.40081040175343535
gbm_potency,grouped,Random Forest (pathway one-hot),pathway,0,2,spearman_rho,0.29581637164787855
gbm_potency,grouped,Random Forest (pathway one-hot),pathway,0,3,rmse,2.0103343037971446
gbm_potency,grouped,Random Forest (pathway one-hot),pathway,0,3,mae,1.5978133586928849
gbm_potency,grouped,Random Forest (pathway one-hot),pathway,0,3,r2,0.22456197659398525
gbm_potency,grouped,Random Forest (pathway one-hot),pathway,0,3,pearson_r,0.4812562731882044
gbm_potency,grouped,Random Forest (pathway one-hot),pathway,0,3,spearman_rho,0.3708093875710804
gbm_potency,grouped,Random Forest (pathway one-hot),pathway,0,4,rmse,2.4052382178191474
gbm_potency,grouped,Random Forest (pathway one-hot),pathway,0,4,mae,1.8511063904024594
gbm_potency,grouped,Random Forest (pathway one-hot),pathway,0,4,r2,-0.2872220436032451
gbm_potency,grouped,Random Forest (pathway one-hot),pathway,0,4,pearson_r,0.19824549355520477
gbm_potency,grouped,Random Forest (pathway one-hot),pathway,0,4,spearman_rho,0.0809512804245433
gbm_potency,grouped,Random Forest (pathway one-hot),pathway,1,0,rmse,2.3265759612626575
gbm_potency,grouped,Random Forest (pathway one-hot),pathway,1,0,mae,1.8408305128178866
gbm_potency,grouped,Random Forest (pathway one-hot),pathway,1,0,r2,0.06199665926715037
gbm_potency,grouped,Random Forest (pathway one-hot),pathway,1,0,pearson_r,0.2908469325379952
gbm_potency,grouped,Random Forest (pathway one-hot),pathway,1,0,spearman_rho,0.23306416954636036
gbm_potency,grouped,Random Forest (pathway one-hot),pathway,1,1,rmse,2.6738141075756334
gbm_potency,grouped,Random Forest (pathway one-hot),pathway,1,1,mae,1.9541137208854868
gbm_potency,grouped,Random Forest (pathway one-hot),pathway,1,1,r2,0.04557313557381315
gbm_potency,grouped,Random Forest (pathway one-hot),pathway,1,1,pearson_r,0.325499683907691
gbm_potency,grouped,Random Forest (pathway one-hot),pathway,1,1,spearman_rho,0.2473623642867761
gbm_potency,grouped,Random Forest (pathway one-hot),pathway,1,2,rmse,2.373667607321472
gbm_potency,grouped,Random Forest (pathway one-hot),pathway,1,2,mae,1.8452500608768736
gbm_potency,grouped,Random Forest (pathway one-hot),pathway,1,2,r2,0.13387475260345882
gbm_potency,grouped,Random Forest (pathway one-hot),pathway,1,2,pearson_r,0.3690152928843312
gbm_potency,grouped,Random Forest (pathway one-hot),pathway,1,2,spearman_rho,0.25700553767317474
gbm_potency,grouped,Random Forest (pathway one-hot),pathway,1,3,rmse,2.032787764095859
gbm_potency,grouped,Random Forest (pathway one-hot),pathway,1,3,mae,1.6160905853433145
gbm_potency,grouped,Random Forest (pathway one-hot),pathway,1,3,r2,-0.07869132479250629
gbm_potency,grouped,Random Forest (pathway one-hot),pathway,1,3,pearson_r,0.2552974320544985
gbm_potency,grouped,Random Forest (pathway one-hot),pathway,1,3,spearman_rho,0.18020757623286335
gbm_potency,grouped,Random Forest (pathway one-hot),pathway,1,4,rmse,2.200275022387748
gbm_potency,grouped,Random Forest (pathway one-hot),pathway,1,4,mae,1.7201576769636617
gbm_potency,grouped,Random Forest (pathway one-hot),pathway,1,4,r2,0.0676870780655815
gbm_potency,grouped,Random Forest (pathway one-hot),pathway,1,4,pearson_r,0.29229679769197536
gbm_potency,grouped,Random Forest (pathway one-hot),pathway,1,4,spearman_rho,0.2112337559463793
gbm_potency,grouped,Random Forest (pathway one-hot),pathway,2,0,rmse,2.325151365934018
gbm_potency,grouped,Random Forest (pathway one-hot),pathway,2,0,mae,1.7919093455591946
gbm_potency,grouped,Random Forest (pathway one-hot),pathway,2,0,r2,0.15850769791103814
gbm_potency,grouped,Random Forest (pathway one-hot),pathway,2,0,pearson_r,0.426980749690392
gbm_potency,grouped,Random Forest (pathway one-hot),pathway,2,0,spearman_rho,0.3167193810502455
gbm_potency,grouped,Random Forest (pathway one-hot),pathway,2,1,rmse,2.288597273818795
gbm_potency,grouped,Random Forest (pathway one-hot),pathway,2,1,mae,1.7643108747364036
gbm_potency,grouped,Random Forest (pathway one-hot),pathway,2,1,r2,0.11689539710191121
gbm_potency,grouped,Random Forest (pathway one-hot),pathway,2,1,pearson_r,0.3734576030652915
gbm_potency,grouped,Random Forest (pathway one-hot),pathway,2,1,spearman_rho,0.3050433776327705
gbm_potency,grouped,Random Forest (pathway one-hot),pathway,2,2,rmse,2.689124657226697
gbm_potency,grouped,Random Forest (pathway one-hot),pathway,2,2,mae,2.051512085523573
gbm_potency,grouped,Random Forest (pathway one-hot),pathway,2,2,r2,-0.06676966115624361
gbm_potency,grouped,Random Forest (pathway one-hot),pathway,2,2,pearson_r,0.0770923233832746
gbm_potency,grouped,Random Forest (pathway one-hot),pathway,2,2,spearman_rho,-0.03916305189223588
gbm_potency,grouped,Random Forest (pathway one-hot),pathway,2,3,rmse,2.120115404801902
gbm_potency,grouped,Random Forest (pathway one-hot),pathway,2,3,mae,1.6581112340198654
gbm_potency,grouped,Random Forest (pathway one-hot),pathway,2,3,r2,0.10522807106162091
gbm_potency,grouped,Random Forest (pathway one-hot),pathway,2,3,pearson_r,0.3519918480013427
gbm_potency,grouped,Random Forest (pathway one-hot),pathway,2,3,spearman_rho,0.2915687058183905
gbm_potency,grouped,Random Forest (pathway one-hot),pathway,2,4,rmse,2.1903242205709996
gbm_potency,grouped,Random Forest (pathway one-hot),pathway,2,4,mae,1.670897234926282
gbm_potency,grouped,Random Forest (pathway one-hot),pathway,2,4,r2,0.0023010955519960907
gbm_potency,grouped,Random Forest (pathway one-hot),pathway,2,4,pearson_r,0.22085984641917697
gbm_potency,grouped,Random Forest (pathway one-hot),pathway,2,4,spearman_rho,0.18299680192484422
gbm_potency,grouped,Random Forest (pathway one-hot),pathway,3,0,rmse,2.6031592578887173
gbm_potency,grouped,Random Forest (pathway one-hot),pathway,3,0,mae,2.000997501730699
gbm_potency,grouped,Random Forest (pathway one-hot),pathway,3,0,r2,-0.20523416528990568
gbm_potency,grouped,Random Forest (pathway one-hot),pathway,3,0,pearson_r,0.13615886605723304
gbm_potency,grouped,Random Forest (pathway one-hot),pathway,3,0,spearman_rho,0.021428977964816343
gbm_potency,grouped,Random Forest (pathway one-hot),pathway,3,1,rmse,1.9954340506687473
gbm_potency,grouped,Random Forest (pathway one-hot),pathway,3,1,mae,1.6189928290271
gbm_potency,grouped,Random Forest (pathway one-hot),pathway,3,1,r2,-0.10391116076541196
gbm_potency,grouped,Random Forest (pathway one-hot),pathway,3,1,pearson_r,0.2814760892734852
gbm_potency,grouped,Random Forest (pathway one-hot),pathway,3,1,spearman_rho,0.2778972547478535
gbm_potency,grouped,Random Forest (pathway one-hot),pathway,3,2,rmse,1.9769821607761886
gbm_potency,grouped,Random Forest (pathway one-hot),pathway,3,2,mae,1.5096257042438441
gbm_potency,grouped,Random Forest (pathway one-hot),pathway,3,2,r2,0.09923997034892407
gbm_potency,grouped,Random Forest (pathway one-hot),pathway,3,2,pearson_r,0.4460400600036534
gbm_potency,grouped,Random Forest (pathway one-hot),pathway,3,2,spearman_rho,0.35417475878014815
gbm_potency,grouped,Random Forest (pathway one-hot),pathway,3,3,rmse,2.720027146819726
gbm_potency,grouped,Random Forest (pathway one-hot),pathway,3,3,mae,2.09083555718207
gbm_potency,grouped,Random Forest (pathway one-hot),pathway,3,3,r2,0.1843828747930819
gbm_potency,grouped,Random Forest (pathway one-hot),pathway,3,3,pearson_r,0.45751231269639264
gbm_potency,grouped,Random Forest (pathway one-hot),pathway,3,3,spearman_rho,0.3455397275318529
gbm_potency,grouped,Random Forest (pathway one-hot),pathway,3,4,rmse,2.3743866534841294
gbm_potency,grouped,Random Forest (pathway one-hot),pathway,3,4,mae,1.7499609458623167
gbm_potency,grouped,Random Forest (pathway one-hot),pathway,3,4,r2,0.1019608159124068
gbm_potency,grouped,Random Forest (pathway one-hot),pathway,3,4,pearson_r,0.35068302813520635
gbm_potency,grouped,Random Forest (pathway one-hot),pathway,3,4,spearman_rho,0.3394198523397122
gbm_potency,grouped,Random Forest (pathway one-hot),pathway,4,0,rmse,2.483642212647223
gbm_potency,grouped,Random Forest (pathway one-hot),pathway,4,0,mae,1.875873257902031
gbm_potency,grouped,Random Forest (pathway one-hot),pathway,4,0,r2,0.09401152391569312
gbm_potency,grouped,Random Forest (pathway one-hot),pathway,4,0,pearson_r,0.31012168598893086
gbm_potency,grouped,Random Forest (pathway one-hot),pathway,4,0,spearman_rho,0.1967300184261554
gbm_potency,grouped,Random Forest (pathway one-hot),pathway,4,1,rmse,2.370239859052368
gbm_potency,grouped,Random Forest (pathway one-hot),pathway,4,1,mae,1.8216399626813138
gbm_potency,grouped,Random Forest (pathway one-hot),pathway,4,1,r2,0.020701969416376254
gbm_potency,grouped,Random Forest (pathway one-hot),pathway,4,1,pearson_r,0.2650430171286336
gbm_potency,grouped,Random Forest (pathway one-hot),pathway,4,1,spearman_rho,0.34651857902475003
gbm_potency,grouped,Random Forest (pathway one-hot),pathway,4,2,rmse,2.238213991769493
gbm_potency,grouped,Random Forest (pathway one-hot),pathway,4,2,mae,1.6753261790836385
gbm_potency,grouped,Random Forest (pathway one-hot),pathway,4,2,r2,0.01617619212180721
gbm_potency,grouped,Random Forest (pathway one-hot),pathway,4,2,pearson_r,0.31583031046477766
gbm_potency,grouped,Random Forest (pathway one-hot),pathway,4,2,spearman_rho,0.2037971498676018
gbm_potency,grouped,Random Forest (pathway one-hot),pathway,4,3,rmse,2.0715182610216964
gbm_potency,grouped,Random Forest (pathway one-hot),pathway,4,3,mae,1.7128113962942177
gbm_potency,grouped,Random Forest (pathway one-hot),pathway,4,3,r2,0.22080281212771247
gbm_potency,grouped,Random Forest (pathway one-hot),pathway,4,3,pearson_r,0.5006950940348972
gbm_potency,grouped,Random Forest (pathway one-hot),pathway,4,3,spearman_rho,0.31640969677750475
gbm_potency,grouped,Random Forest (pathway one-hot),pathway,4,4,rmse,2.304078706253718
gbm_potency,grouped,Random Forest (pathway one-hot),pathway,4,4,mae,1.7916175683806574
gbm_potency,grouped,Random Forest (pathway one-hot),pathway,4,4,r2,0.10447503334074038
gbm_potency,grouped,Random Forest (pathway one-hot),pathway,4,4,pearson_r,0.3434184502367943
gbm_potency,grouped,Random Forest (pathway one-hot),pathway,4,4,spearman_rho,0.2467354904379245
gbm_potency,grouped,Random Forest (descriptors + pathway),descriptors_pathway,0,0,rmse,2.2673174757647363
gbm_potency,grouped,Random Forest (descriptors + pathway),descriptors_pathway,0,0,mae,1.6355804031273404
gbm_potency,grouped,Random Forest (descriptors + pathway),descriptors_pathway,0,0,r2,0.2585698150204556
gbm_potency,grouped,Random Forest (descriptors + pathway),descriptors_pathway,0,0,pearson_r,0.5208609100263908
gbm_potency,grouped,Random Forest (descriptors + pathway),descriptors_pathway,0,0,spearman_rho,0.4224620780673164
gbm_potency,grouped,Random Forest (descriptors + pathway),descriptors_pathway,0,1,rmse,2.3005644571719075
gbm_potency,grouped,Random Forest (descriptors + pathway),descriptors_pathway,0,1,mae,1.795801434307606
gbm_potency,grouped,Random Forest (descriptors + pathway),descriptors_pathway,0,1,r2,0.221178167032271
gbm_potency,grouped,Random Forest (descriptors + pathway),descriptors_pathway,0,1,pearson_r,0.4932558643670194
gbm_potency,grouped,Random Forest (descriptors + pathway),descriptors_pathway,0,1,spearman_rho,0.3837670056966463
gbm_potency,grouped,Random Forest (descriptors + pathway),descriptors_pathway,0,2,rmse,1.8452856603799646
gbm_potency,grouped,Random Forest (descriptors + pathway),descriptors_pathway,0,2,mae,1.4691734014422329
gbm_potency,grouped,Random Forest (descriptors + pathway),descriptors_pathway,0,2,r2,0.3443005229610131
gbm_potency,grouped,Random Forest (descriptors + pathway),descriptors_pathway,0,2,pearson_r,0.5949528233923848
gbm_potency,grouped,Random Forest (descriptors + pathway),descriptors_pathway,0,2,spearman_rho,0.5630989323699385
gbm_potency,grouped,Random Forest (descriptors + pathway),descriptors_pathway,0,3,rmse,1.8102280912299091
gbm_potency,grouped,Random Forest (descriptors + pathway),descriptors_pathway,0,3,mae,1.4938041605934105
gbm_potency,grouped,Random Forest (descriptors + pathway),descriptors_pathway,0,3,r2,0.37125126260522046
gbm_potency,grouped,Random Forest (descriptors + pathway),descriptors_pathway,0,3,pearson_r,0.6161692823805742
gbm_potency,grouped,Random Forest (descriptors + pathway),descriptors_pathway,0,3,spearman_rho,0.48764506749431297
gbm_potency,grouped,Random Forest (descriptors + pathway),descriptors_pathway,0,4,rmse,2.065306540089283
gbm_potency,grouped,Random Forest (descriptors + pathway),descriptors_pathway,0,4,mae,1.60597905038545
gbm_potency,grouped,Random Forest (descriptors + pathway),descriptors_pathway,0,4,r2,0.050912360894538544
gbm_potency,grouped,Random Forest (descriptors + pathway),descriptors_pathway,0,4,pearson_r,0.3689143628010682
gbm_potency,grouped,Random Forest (descriptors + pathway),descriptors_pathway,0,4,spearman_rho,0.2800889971033962
gbm_potency,grouped,Random Forest (descriptors + pathway),descriptors_pathway,1,0,rmse,2.0793219137786982
gbm_potency,grouped,Random Forest (descriptors + pathway),descriptors_pathway,1,0,mae,1.624613412450643
gbm_potency,grouped,Random Forest (descriptors + pathway),descriptors_pathway,1,0,r2,0.25077308024263034
gbm_potency,grouped,Random Forest (descriptors + pathway),descriptors_pathway,1,0,pearson_r,0.5037879237694922
gbm_potency,grouped,Random Forest (descriptors + pathway),descriptors_pathway,1,0,spearman_rho,0.4989508542220304
gbm_potency,grouped,Random Forest (descriptors + pathway),descriptors_pathway,1,1,rmse,2.3466315474106727
gbm_potency,grouped,Random Forest (descriptors + pathway),descriptors_pathway,1,1,mae,1.7824358858610225
gbm_potency,grouped,Random Forest (descriptors + pathway),descriptors_pathway,1,1,r2,0.26486001681110194
gbm_potency,grouped,Random Forest (descriptors + pathway),descriptors_pathway,1,1,pearson_r,0.5643674200128157
gbm_potency,grouped,Random Forest (descriptors + pathway),descriptors_pathway,1,1,spearman_rho,0.44576108083573374
gbm_potency,grouped,Random Forest (descriptors + pathway),descriptors_pathway,1,2,rmse,2.113581887967289
gbm_potency,grouped,Random Forest (descriptors + pathway),descriptors_pathway,1,2,mae,1.6550435710121292
gbm_potency,grouped,Random Forest (descriptors + pathway),descriptors_pathway,1,2,r2,0.31328102233411825
gbm_potency,grouped,Random Forest (descriptors + pathway),descriptors_pathway,1,2,pearson_r,0.6012577264813782
gbm_potency,grouped,Random Forest (descriptors + pathway),descriptors_pathway,1,2,spearman_rho,0.45714732411137
gbm_potency,grouped,Random Forest (descriptors + pathway),descriptors_pathway,1,3,rmse,1.7597720925974114
gbm_potency,grouped,Random Forest (descriptors + pathway),descriptors_pathway,1,3,mae,1.4148776075161003
gbm_potency,grouped,Random Forest (descriptors + pathway),descriptors_pathway,1,3,r2,0.19160063730445998
gbm_potency,grouped,Random Forest (descriptors + pathway),descriptors_pathway,1,3,pearson_r,0.49456413731970295
gbm_potency,grouped,Random Forest (descriptors + pathway),descriptors_pathway,1,3,spearman_rho,0.36375417636934293
gbm_potency,grouped,Random Forest (descriptors + pathway),descriptors_pathway,1,4,rmse,2.236280593241328
gbm_potency,grouped,Random Forest (descriptors + pathway),descriptors_pathway,1,4,mae,1.69363375133954
gbm_potency,grouped,Random Forest (descriptors + pathway),descriptors_pathway,1,4,r2,0.03692445265019173
gbm_potency,grouped,Random Forest (descriptors + pathway),descriptors_pathway,1,4,pearson_r,0.27162650241444564
gbm_potency,grouped,Random Forest (descriptors + pathway),descriptors_pathway,1,4,spearman_rho,0.2531378402308902
gbm_potency,grouped,Random Forest (descriptors + pathway),descriptors_pathway,2,0,rmse,2.108294206705832
gbm_potency,grouped,Random Forest (descriptors + pathway),descriptors_pathway,2,0,mae,1.6659130605995185
gbm_potency,grouped,Random Forest (descriptors + pathway),descriptors_pathway,2,0,r2,0.30815291205140083
gbm_potency,grouped,Random Forest (descriptors + pathway),descriptors_pathway,2,0,pearson_r,0.6215127215388286
gbm_potency,grouped,Random Forest (descriptors + pathway),descriptors_pathway,2,0,spearman_rho,0.45689103425908917
gbm_potency,grouped,Random Forest (descriptors + pathway),descriptors_pathway,2,1,rmse,2.178663751481565
gbm_potency,grouped,Random Forest (descriptors + pathway),descriptors_pathway,2,1,mae,1.6850748651181597
gbm_potency,grouped,Random Forest (descriptors + pathway),descriptors_pathway,2,1,r2,0.19969816767013815
gbm_potency,grouped,Random Forest (descriptors + pathway),descriptors_pathway,2,1,pearson_r,0.4489187289511818
gbm_potency,grouped,Random Forest (descriptors + pathway),descriptors_pathway,2,1,spearman_rho,0.3622496319609465
gbm_potency,grouped,Random Forest (descriptors + pathway),descriptors_pathway,2,2,rmse,2.477334937919556
gbm_potency,grouped,Random Forest (descriptors + pathway),descriptors_pathway,2,2,mae,1.8574182875560916
gbm_potency,grouped,Random Forest (descriptors + pathway),descriptors_pathway,2,2,r2,0.09464638241177925
gbm_potency,grouped,Random Forest (descriptors + pathway),descriptors_pathway,2,2,pearson_r,0.3228820617098539
gbm_potency,grouped,Random Forest (descriptors + pathway),descriptors_pathway,2,2,spearman_rho,0.3238843451820167
gbm_potency,grouped,Random Forest (descriptors + pathway),descriptors_pathway,2,3,rmse,2.1039256668479736
gbm_potency,grouped,Random Forest (descriptors + pathway),descriptors_pathway,2,3,mae,1.5405388532910793
gbm_potency,grouped,Random Forest (descriptors + pathway),descriptors_pathway,2,3,r2,0.11884130473172083
gbm_potency,grouped,Random Forest (descriptors + pathway),descriptors_pathway,2,3,pearson_r,0.3763015466769144
gbm_potency,grouped,Random Forest (descriptors + pathway),descriptors_pathway,2,3,spearman_rho,0.4004773878044466
gbm_potency,grouped,Random Forest (descriptors + pathway),descriptors_pathway,2,4,rmse,1.9574870092526566
gbm_potency,grouped,Random Forest (descriptors + pathway),descriptors_pathway,2,4,mae,1.5134689757944182
gbm_potency,grouped,Random Forest (descriptors + pathway),descriptors_pathway,2,4,r2,0.20314287304056
gbm_potency,grouped,Random Forest (descriptors + pathway),descriptors_pathway,2,4,pearson_r,0.4520332324388982
gbm_potency,grouped,Random Forest (descriptors + pathway),descriptors_pathway,2,4,spearman_rho,0.3534676521210894
gbm_potency,grouped,Random Forest (descriptors + pathway),descriptors_pathway,3,0,rmse,1.9478762035016763
gbm_potency,grouped,Random Forest (descriptors + pathway),descriptors_pathway,3,0,mae,1.5230820348091931
gbm_potency,grouped,Random Forest (descriptors + pathway),descriptors_pathway,3,0,r2,0.3251726723884998
gbm_potency,grouped,Random Forest (descriptors + pathway),descriptors_pathway,3,0,pearson_r,0.5948617102613221
gbm_potency,grouped,Random Forest (descriptors + pathway),descriptors_pathway,3,0,spearman_rho,0.49122772732522635
gbm_potency,grouped,Random Forest (descriptors + pathway),descriptors_pathway,3,1,rmse,1.6873674182887763
gbm_potency,grouped,Random Forest (descriptors + pathway),descriptors_pathway,3,1,mae,1.3310144670658517
gbm_potency,grouped,Random Forest (descriptors + pathway),descriptors_pathway,3,1,r2,0.2106335127477148
gbm_potency,grouped,Random Forest (descriptors + pathway),descriptors_pathway,3,1,pearson_r,0.5073307086584994
gbm_potency,grouped,Random Forest (descriptors + pathway),descriptors_pathway,3,1,spearman_rho,0.5763493816655366
gbm_potency,grouped,Random Forest (descriptors + pathway),descriptors_pathway,3,2,rmse,2.1862575828601605
gbm_potency,grouped,Random Forest (descriptors + pathway),descriptors_pathway,3,2,mae,1.7209938652659553
gbm_potency,grouped,Random Forest (descriptors + pathway),descriptors_pathway,3,2,r2,-0.10155519547877456
gbm_potency,grouped,Random Forest (descriptors + pathway),descriptors_pathway,3,2,pearson_r,0.2151094645881544
gbm_potency,grouped,Random Forest (descriptors + pathway),descriptors_pathway,3,2,spearman_rho,0.1190424116697619
gbm_potency,grouped,Random Forest (descriptors + pathway),descriptors_pathway,3,3,rmse,2.613907986003478
gbm_potency,grouped,Random Forest (descriptors + pathway),descriptors_pathway,3,3,mae,2.029290006060796
gbm_potency,grouped,Random Forest (descriptors + pathway),descriptors_pathway,3,3,r2,0.24678241588945993
gbm_potency,grouped,Random Forest (descriptors + pathway),descriptors_pathway,3,3,pearson_r,0.5384824241094213
gbm_potency,grouped,Random Forest (descriptors + pathway),descriptors_pathway,3,3,spearman_rho,0.40838517964064663
gbm_potency,grouped,Random Forest (descriptors + pathway),descriptors_pathway,3,4,rmse,2.1841151599451942
gbm_potency,grouped,Random Forest (descriptors + pathway),descriptors_pathway,3,4,mae,1.676787540996022
gbm_potency,grouped,Random Forest (descriptors + pathway),descriptors_pathway,3,4,r2,0.24012270441856565
gbm_potency,grouped,Random Forest (descriptors + pathway),descriptors_pathway,3,4,pearson_r,0.49142281248124936
gbm_potency,grouped,Random Forest (descriptors + pathway),descriptors_pathway,3,4,spearman_rho,0.345213468825561
gbm_potency,grouped,Random Forest (descriptors + pathway),descriptors_pathway,4,0,rmse,2.264873386789862
gbm_potency,grouped,Random Forest (descriptors + pathway),descriptors_pathway,4,0,mae,1.6987037286309488
gbm_potency,grouped,Random Forest (descriptors + pathway),descriptors_pathway,4,0,r2,0.24658811704754968
gbm_potency,grouped,Random Forest (descriptors + pathway),descriptors_pathway,4,0,pearson_r,0.5002305495117645
gbm_potency,grouped,Random Forest (descriptors + pathway),descriptors_pathway,4,0,spearman_rho,0.39991697682871874
gbm_potency,grouped,Random Forest (descriptors + pathway),descriptors_pathway,4,1,rmse,2.331866139644808
gbm_potency,grouped,Random Forest (descriptors + pathway),descriptors_pathway,4,1,mae,1.7362742720818638
gbm_potency,grouped,Random Forest (descriptors + pathway),descriptors_pathway,4,1,r2,0.05215457273010282
gbm_potency,grouped,Random Forest (descriptors + pathway),descriptors_pathway,4,1,pearson_r,0.26993331705342327
gbm_potency,grouped,Random Forest (descriptors + pathway),descriptors_pathway,4,1,spearman_rho,0.3720907707288997
gbm_potency,grouped,Random Forest (descriptors + pathway),descriptors_pathway,4,2,rmse,1.8982938819541995
gbm_potency,grouped,Random Forest (descriptors + pathway),descriptors_pathway,4,2,mae,1.4338493939853973
gbm_potency,grouped,Random Forest (descriptors + pathway),descriptors_pathway,4,2,r2,0.29231333630837364
gbm_potency,grouped,Random Forest (descriptors + pathway),descriptors_pathway,4,2,pearson_r,0.5464733991839994
gbm_potency,grouped,Random Forest (descriptors + pathway),descriptors_pathway,4,2,spearman_rho,0.4623361948751206
gbm_potency,grouped,Random Forest (descriptors + pathway),descriptors_pathway,4,3,rmse,1.9509635853941292
gbm_potency,grouped,Random Forest (descriptors + pathway),descriptors_pathway,4,3,mae,1.5477511360418799
gbm_potency,grouped,Random Forest (descriptors + pathway),descriptors_pathway,4,3,r2,0.30885659045377445
gbm_potency,grouped,Random Forest (descriptors + pathway),descriptors_pathway,4,3,pearson_r,0.5780160002971166
gbm_potency,grouped,Random Forest (descriptors + pathway),descriptors_pathway,4,3,spearman_rho,0.4403361344537815
gbm_potency,grouped,Random Forest (descriptors + pathway),descriptors_pathway,4,4,rmse,2.068506494535743
gbm_potency,grouped,Random Forest (descriptors + pathway),descriptors_pathway,4,4,mae,1.7029004640014649
gbm_potency,grouped,Random Forest (descriptors + pathway),descriptors_pathway,4,4,r2,0.2782332767909218
gbm_potency,grouped,Random Forest (descriptors + pathway),descriptors_pathway,4,4,pearson_r,0.5444948174131219
gbm_potency,grouped,Random Forest (descriptors + pathway),descriptors_pathway,4,4,spearman_rho,0.37245303459541024
gbm_potency,grouped,GNN-GCN (smiles),smiles,0,0,rmse,2.7184213898383014
gbm_potency,grouped,GNN-GCN (smiles),smiles,0,0,mae,1.944014609925176
gbm_potency,grouped,GNN-GCN (smiles),smiles,0,0,r2,-0.06580842675376641
gbm_potency,grouped,GNN-GCN (smiles),smiles,0,0,pearson_r,0.12257866773597116
gbm_potency,grouped,GNN-GCN (smiles),smiles,0,0,spearman_rho,0.15909226330388504
gbm_potency,grouped,GNN-GCN (smiles),smiles,0,1,rmse,2.273610720212866
gbm_potency,grouped,GNN-GCN (smiles),smiles,0,1,mae,1.613768040824867
gbm_potency,grouped,GNN-GCN (smiles),smiles,0,1,r2,0.23932083216396605
gbm_potency,grouped,GNN-GCN (smiles),smiles,0,1,pearson_r,0.5253986155888873
gbm_potency,grouped,GNN-GCN (smiles),smiles,0,1,spearman_rho,0.47554354235890367
gbm_potency,grouped,GNN-GCN (smiles),smiles,0,2,rmse,2.2204140577262947
gbm_potency,grouped,GNN-GCN (smiles),smiles,0,2,mae,1.7898088827610354
gbm_potency,grouped,GNN-GCN (smiles),smiles,0,2,r2,0.05060801708776119
gbm_potency,grouped,GNN-GCN (smiles),smiles,0,2,pearson_r,0.2946037396836633
gbm_potency,grouped,GNN-GCN (smiles),smiles,0,2,spearman_rho,0.2006074719044244
gbm_potency,grouped,GNN-GCN (smiles),smiles,0,3,rmse,2.1196699586501953
gbm_potency,grouped,GNN-GCN (smiles),smiles,0,3,mae,1.7058436535170316
gbm_potency,grouped,GNN-GCN (smiles),smiles,0,3,r2,0.13792110027989335
gbm_potency,grouped,GNN-GCN (smiles),smiles,0,3,pearson_r,0.3776475049809614
gbm_potency,grouped,GNN-GCN (smiles),smiles,0,3,spearman_rho,0.1688157834853893
gbm_potency,grouped,GNN-GCN (smiles),smiles,0,4,rmse,2.308680726479451
gbm_potency,grouped,GNN-GCN (smiles),smiles,0,4,mae,1.4715638065064214
gbm_potency,grouped,GNN-GCN (smiles),smiles,0,4,r2,-0.1859463185657706
gbm_potency,grouped,GNN-GCN (smiles),smiles,0,4,pearson_r,0.30143347335552406
gbm_potency,grouped,GNN-GCN (smiles),smiles,0,4,spearman_rho,0.297993367197011
gbm_potency,grouped,GNN-GCN (smiles),smiles,1,0,rmse,2.434922424682228
gbm_potency,grouped,GNN-GCN (smiles),smiles,1,0,mae,1.835842102352929
gbm_potency,grouped,GNN-GCN (smiles),smiles,1,0,r2,-0.027401441695062756
gbm_potency,grouped,GNN-GCN (smiles),smiles,1,0,pearson_r,0.32617896839572486
gbm_potency,grouped,GNN-GCN (smiles),smiles,1,0,spearman_rho,0.3077459993190331
gbm_potency,grouped,GNN-GCN (smiles),smiles,1,1,rmse,2.4828446488418057
gbm_potency,grouped,GNN-GCN (smiles),smiles,1,1,mae,1.9133310621451463
gbm_potency,grouped,GNN-GCN (smiles),smiles,1,1,r2,0.17703886160425275
gbm_potency,grouped,GNN-GCN (smiles),smiles,1,1,pearson_r,0.44919927894817324
gbm_potency,grouped,GNN-GCN (smiles),smiles,1,1,spearman_rho,0.23283173734610121
gbm_potency,grouped,GNN-GCN (smiles),smiles,1,2,rmse,2.5613593599917
gbm_potency,grouped,GNN-GCN (smiles),smiles,1,2,mae,1.9874704775318714
gbm_potency,grouped,GNN-GCN (smiles),smiles,1,2,r2,-0.008513975956025321
gbm_potency,grouped,GNN-GCN (smiles),smiles,1,2,pearson_r,0.22908576172838863
gbm_potency,grouped,GNN-GCN (smiles),smiles,1,2,spearman_rho,0.21096345514950166
gbm_potency,grouped,GNN-GCN (smiles),smiles,1,3,rmse,1.7651457997335325
gbm_potency,grouped,GNN-GCN (smiles),smiles,1,3,mae,1.2841929024089997
gbm_potency,grouped,GNN-GCN (smiles),smiles,1,3,r2,0.18665598100573022
gbm_potency,grouped,GNN-GCN (smiles),smiles,1,3,pearson_r,0.49391879821997997
gbm_potency,grouped,GNN-GCN (smiles),smiles,1,3,spearman_rho,0.35648476257973066
gbm_potency,grouped,GNN-GCN (smiles),smiles,1,4,rmse,2.323018175396415
gbm_potency,grouped,GNN-GCN (smiles),smiles,1,4,mae,1.8219061949310953
gbm_potency,grouped,GNN-GCN (smiles),smiles,1,4,r2,-0.03923312647891053
gbm_potency,grouped,GNN-GCN (smiles),smiles,1,4,pearson_r,0.3481180266801759
gbm_potency,grouped,GNN-GCN (smiles),smiles,1,4,spearman_rho,0.18184483095563808
gbm_potency,grouped,GNN-GCN (smiles),smiles,2,0,rmse,2.3492519139899564
gbm_potency,grouped,GNN-GCN (smiles),smiles,2,0,mae,1.8949416744989271
gbm_potency,grouped,GNN-GCN (smiles),smiles,2,0,r2,0.14097289926149548
gbm_potency,grouped,GNN-GCN (smiles),smiles,2,0,pearson_r,0.485380381067797
gbm_potency,grouped,GNN-GCN (smiles),smiles,2,0,spearman_rho,0.3254641391440297
gbm_potency,grouped,GNN-GCN (smiles),smiles,2,1,rmse,2.395290621430469
gbm_potency,grouped,GNN-GCN (smiles),smiles,2,1,mae,1.8188505260988053
gbm_potency,grouped,GNN-GCN (smiles),smiles,2,1,r2,0.03263621683501716
gbm_potency,grouped,GNN-GCN (smiles),smiles,2,1,pearson_r,0.2914068742962251
gbm_potency,grouped,GNN-GCN (smiles),smiles,2,1,spearman_rho,0.23547837929860405
gbm_potency,grouped,GNN-GCN (smiles),smiles,2,2,rmse,2.912811246178309
gbm_potency,grouped,GNN-GCN (smiles),smiles,2,2,mae,1.967778060073965
gbm_potency,grouped,GNN-GCN (smiles),smiles,2,2,r2,-0.2516228166238803
gbm_potency,grouped,GNN-GCN (smiles),smiles,2,2,pearson_r,0.3279912697540309
gbm_potency,grouped,GNN-GCN (smiles),smiles,2,2,spearman_rho,0.3692593316396326
gbm_potency,grouped,GNN-GCN (smiles),smiles,2,3,rmse,2.341431012658286
gbm_potency,grouped,GNN-GCN (smiles),smiles,2,3,mae,1.6132342287010921
gbm_potency,grouped,GNN-GCN (smiles),smiles,2,3,r2,-0.09132996583796871
gbm_potency,grouped,GNN-GCN (smiles),smiles,2,3,pearson_r,0.3333298308872756
gbm_potency,grouped,GNN-GCN (smiles),smiles,2,3,spearman_rho,0.31090292421179067
gbm_potency,grouped,GNN-GCN (smiles),smiles,2,4,rmse,2.1413870076805694
gbm_potency,grouped,GNN-GCN (smiles),smiles,2,4,mae,1.6886925972639828
gbm_potency,grouped,GNN-GCN (smiles),smiles,2,4,r2,0.04638513805279232
gbm_potency,grouped,GNN-GCN (smiles),smiles,2,4,pearson_r,0.3143539506437191
gbm_potency,grouped,GNN-GCN (smiles),smiles,2,4,spearman_rho,0.16660929432013769
gbm_potency,grouped,GNN-GCN (smiles),smiles,3,0,rmse,1.938297076884827
gbm_potency,grouped,GNN-GCN (smiles),smiles,3,0,mae,1.5168965276638335
gbm_potency,grouped,GNN-GCN (smiles),smiles,3,0,r2,0.3317935876957592
gbm_potency,grouped,GNN-GCN (smiles),smiles,3,0,pearson_r,0.5772040991565562
gbm_potency,grouped,GNN-GCN (smiles),smiles,3,0,spearman_rho,0.4694743013484464
gbm_potency,grouped,GNN-GCN (smiles),smiles,3,1,rmse,2.0465539483753714
gbm_potency,grouped,GNN-GCN (smiles),smiles,3,1,mae,1.5903163586573688
gbm_potency,grouped,GNN-GCN (smiles),smiles,3,1,r2,-0.1611966151528319
gbm_potency,grouped,GNN-GCN (smiles),smiles,3,1,pearson_r,0.2645973561178607
gbm_potency,grouped,GNN-GCN (smiles),smiles,3,1,spearman_rho,0.3212132647766404
gbm_potency,grouped,GNN-GCN (smiles),smiles,3,2,rmse,2.307553112173216
gbm_potency,grouped,GNN-GCN (smiles),smiles,3,2,mae,1.6641481083224414
gbm_potency,grouped,GNN-GCN (smiles),smiles,3,2,r2,-0.22717646356460008
gbm_potency,grouped,GNN-GCN (smiles),smiles,3,2,pearson_r,0.35225488754436207
gbm_potency,grouped,GNN-GCN (smiles),smiles,3,2,spearman_rho,0.3500947729095283
gbm_potency,grouped,GNN-GCN (smiles),smiles,3,3,rmse,2.8424772873402646
gbm_potency,grouped,GNN-GCN (smiles),smiles,3,3,mae,2.100656476452078
gbm_potency,grouped,GNN-GCN (smiles),smiles,3,3,r2,0.10929505112088245
gbm_potency,grouped,GNN-GCN (smiles),smiles,3,3,pearson_r,0.35037682399946435
gbm_potency,grouped,GNN-GCN (smiles),smiles,3,3,spearman_rho,0.27370659107016304
gbm_potency,grouped,GNN-GCN (smiles),smiles,3,4,rmse,2.5149765511512343
gbm_potency,grouped,GNN-GCN (smiles),smiles,3,4,mae,1.8797360924914073
gbm_potency,grouped,GNN-GCN (smiles),smiles,3,4,r2,-0.007535325838730955
gbm_potency,grouped,GNN-GCN (smiles),smiles,3,4,pearson_r,0.31642122860003297
gbm_potency,grouped,GNN-GCN (smiles),smiles,3,4,spearman_rho,0.11421958154115329
gbm_potency,grouped,GNN-GCN (smiles),smiles,4,0,rmse,2.364382944490893
gbm_potency,grouped,GNN-GCN (smiles),smiles,4,0,mae,1.675977504253785
gbm_potency,grouped,GNN-GCN (smiles),smiles,4,0,r2,0.1789298868283702
gbm_potency,grouped,GNN-GCN (smiles),smiles,4,0,pearson_r,0.44037311011343866
gbm_potency,grouped,GNN-GCN (smiles),smiles,4,0,spearman_rho,0.23749345485171472
gbm_potency,grouped,GNN-GCN (smiles),smiles,4,1,rmse,2.1098358379526725
gbm_potency,grouped,GNN-GCN (smiles),smiles,4,1,mae,1.6182434876353016
gbm_potency,grouped,GNN-GCN (smiles),smiles,4,1,r2,0.22406093546870753
gbm_potency,grouped,GNN-GCN (smiles),smiles,4,1,pearson_r,0.4929788283399771
gbm_potency,grouped,GNN-GCN (smiles),smiles,4,1,spearman_rho,0.5207394981712715
gbm_potency,grouped,GNN-GCN (smiles),smiles,4,2,rmse,2.068917896350083
gbm_potency,grouped,GNN-GCN (smiles),smiles,4,2,mae,1.4995659548100035
gbm_potency,grouped,GNN-GCN (smiles),smiles,4,2,r2,0.15937823964007514
gbm_potency,grouped,GNN-GCN (smiles),smiles,4,2,pearson_r,0.4614820342927659
gbm_potency,grouped,GNN-GCN (smiles),smiles,4,2,spearman_rho,0.31003499307428734
gbm_potency,grouped,GNN-GCN (smiles),smiles,4,3,rmse,2.163362169760015
gbm_potency,grouped,GNN-GCN (smiles),smiles,4,3,mae,1.7294511089824316
gbm_potency,grouped,GNN-GCN (smiles),smiles,4,3,r2,0.15017734139238825
gbm_potency,grouped,GNN-GCN (smiles),smiles,4,3,pearson_r,0.4221341788964076
gbm_potency,grouped,GNN-GCN (smiles),smiles,4,3,spearman_rho,0.2711754581350613
gbm_potency,grouped,GNN-GCN (smiles),smiles,4,4,rmse,2.71379548746904
gbm_potency,grouped,GNN-GCN (smiles),smiles,4,4,mae,2.0326574979926093
gbm_potency,grouped,GNN-GCN (smiles),smiles,4,4,r2,-0.24233096342541094
gbm_potency,grouped,GNN-GCN (smiles),smiles,4,4,pearson_r,0.23328427285775655
gbm_potency,grouped,GNN-GCN (smiles),smiles,4,4,spearman_rho,0.10059734737268401
gbm_potency,grouped,GNN-GAT (smiles),smiles,0,0,rmse,2.6504337750787403
gbm_potency,grouped,GNN-GAT (smiles),smiles,0,0,mae,1.9413767290205277
gbm_potency,grouped,GNN-GAT (smiles),smiles,0,0,r2,-0.01316343218894378
gbm_potency,grouped,GNN-GAT (smiles),smiles,0,0,pearson_r,0.05918903541795059
gbm_potency,grouped,GNN-GAT (smiles),smiles,0,0,spearman_rho,-0.009056860742254003
gbm_potency,grouped,GNN-GAT (smiles),smiles,0,1,rmse,2.395248167457915
gbm_potency,grouped,GNN-GAT (smiles),smiles,0,1,mae,1.7627265279324535
gbm_potency,grouped,GNN-GAT (smiles),smiles,0,1,r2,0.15575141924298752
gbm_potency,grouped,GNN-GAT (smiles),smiles,0,1,pearson_r,0.4571664047383507
gbm_potency,grouped,GNN-GAT (smiles),smiles,0,1,spearman_rho,0.31355252606255013
gbm_potency,grouped,GNN-GAT (smiles),smiles,0,2,rmse,2.3020265213936426
gbm_potency,grouped,GNN-GAT (smiles),smiles,0,2,mae,1.8143883815493136
gbm_potency,grouped,GNN-GAT (smiles),smiles,0,2,r2,-0.020465364823587073
gbm_potency,grouped,GNN-GAT (smiles),smiles,0,2,pearson_r,0.12649484940939776
gbm_potency,grouped,GNN-GAT (smiles),smiles,0,2,spearman_rho,0.0042118052040093145
gbm_potency,grouped,GNN-GAT (smiles),smiles,0,3,rmse,2.07230022324047
gbm_potency,grouped,GNN-GAT (smiles),smiles,0,3,mae,1.659954375695073
gbm_potency,grouped,GNN-GAT (smiles),smiles,0,3,r2,0.17602151207451078
gbm_potency,grouped,GNN-GAT (smiles),smiles,0,3,pearson_r,0.46378987410864736
gbm_potency,grouped,GNN-GAT (smiles),smiles,0,3,spearman_rho,0.20706058175986
gbm_potency,grouped,GNN-GAT (smiles),smiles,0,4,rmse,2.006726903942538
gbm_potency,grouped,GNN-GAT (smiles),smiles,0,4,mae,1.5343351848158946
gbm_potency,grouped,GNN-GAT (smiles),smiles,0,4,r2,0.10398800614716142
gbm_potency,grouped,GNN-GAT (smiles),smiles,0,4,pearson_r,0.3825046727077537
gbm_potency,grouped,GNN-GAT (smiles),smiles,0,4,spearman_rho,0.1841232525922505
gbm_potency,grouped,GNN-GAT (smiles),smiles,1,0,rmse,2.470092396710695
gbm_potency,grouped,GNN-GAT (smiles),smiles,1,0,mae,1.8847853975413884
gbm_potency,grouped,GNN-GAT (smiles),smiles,1,0,r2,-0.05729531977673563
gbm_potency,grouped,GNN-GAT (smiles),smiles,1,0,pearson_r,0.3107636764956172
gbm_potency,grouped,GNN-GAT (smiles),smiles,1,0,spearman_rho,0.16499829758256726
gbm_potency,grouped,GNN-GAT (smiles),smiles,1,1,rmse,2.5894625725150466
gbm_potency,grouped,GNN-GAT (smiles),smiles,1,1,mae,1.8972501583591614
gbm_potency,grouped,GNN-GAT (smiles),smiles,1,1,r2,0.10484238470668061
gbm_potency,grouped,GNN-GAT (smiles),smiles,1,1,pearson_r,0.36502343791677816
gbm_potency,grouped,GNN-GAT (smiles),smiles,1,1,spearman_rho,0.27843766215387517
gbm_potency,grouped,GNN-GAT (smiles),smiles,1,2,rmse,2.5688071485684527
gbm_potency,grouped,GNN-GAT (smiles),smiles,1,2,mae,2.020084969895835
gbm_potency,grouped,GNN-GAT (smiles),smiles,1,2,r2,-0.014387512739155062
gbm_potency,grouped,GNN-GAT (smiles),smiles,1,2,pearson_r,0.21847413915420077
gbm_potency,grouped,GNN-GAT (smiles),smiles,1,2,spearman_rho,0.246765683017393
gbm_potency,grouped,GNN-GAT (smiles),smiles,1,3,rmse,1.7510203624227658
gbm_potency,grouped,GNN-GAT (smiles),smiles,1,3,mae,1.2837623209714053
gbm_potency,grouped,GNN-GAT (smiles),smiles,1,3,r2,0.19962133570359153
gbm_potency,grouped,GNN-GAT (smiles),smiles,1,3,pearson_r,0.4599921473836404
gbm_potency,grouped,GNN-GAT (smiles),smiles,1,3,spearman_rho,0.3679678443291268
gbm_potency,grouped,GNN-GAT (smiles),smiles,1,4,rmse,2.252555726827532
gbm_potency,grouped,GNN-GAT (smiles),smiles,1,4,mae,1.7362274727668878
gbm_potency,grouped,GNN-GAT (smiles),smiles,1,4,r2,0.022855359731753455
gbm_potency,grouped,GNN-GAT (smiles),smiles,1,4,pearson_r,0.31250553675973214
gbm_potency,grouped,GNN-GAT (smiles),smiles,1,4,spearman_rho,0.06998241156927887
gbm_potency,grouped,GNN-GAT (smiles),smiles,2,0,rmse,2.184275076437814
gbm_potency,grouped,GNN-GAT (smiles),smiles,2,0,mae,1.72279691862702
gbm_potency,grouped,GNN-GAT (smiles),smiles,2,0,r2,0.25738734278816267
gbm_potency,grouped,GNN-GAT (smiles),smiles,2,0,pearson_r,0.5466622711416944
gbm_potency,grouped,GNN-GAT (smiles),smiles,2,0,spearman_rho,0.36767637287473126
gbm_potency,grouped,GNN-GAT (smiles),smiles,2,1,rmse,2.434693432547076
gbm_potency,grouped,GNN-GAT (smiles),smiles,2,1,mae,1.850327239891555
gbm_potency,grouped,GNN-GAT (smiles),smiles,2,1,r2,0.0005479471048372986
gbm_potency,grouped,GNN-GAT (smiles),smiles,2,1,pearson_r,0.025067007591011187
gbm_potency,grouped,GNN-GAT (smiles),smiles,2,1,spearman_rho,0.041394456054409876
gbm_potency,grouped,GNN-GAT (smiles),smiles,2,2,rmse,2.604415202593522
gbm_potency,grouped,GNN-GAT (smiles),smiles,2,2,mae,1.8696686027774019
gbm_potency,grouped,GNN-GAT (smiles),smiles,2,2,r2,-0.0006201164313428542
gbm_potency,grouped,GNN-GAT (smiles),smiles,2,2,pearson_r,0.3615690753120796
gbm_potency,grouped,GNN-GAT (smiles),smiles,2,2,spearman_rho,0.36030877467265976
gbm_potency,grouped,GNN-GAT (smiles),smiles,2,3,rmse,2.2418347040163047
gbm_potency,grouped,GNN-GAT (smiles),smiles,2,3,mae,1.6135701222409666
gbm_potency,grouped,GNN-GAT (smiles),smiles,2,3,r2,-0.00046182838703479057
gbm_potency,grouped,GNN-GAT (smiles),smiles,2,3,pearson_r,0.2828351755299127
gbm_potency,grouped,GNN-GAT (smiles),smiles,2,3,spearman_rho,0.2746463259916684
gbm_potency,grouped,GNN-GAT (smiles),smiles,2,4,rmse,1.9596398002664899
gbm_potency,grouped,GNN-GAT (smiles),smiles,2,4,mae,1.549481919260474
gbm_potency,grouped,GNN-GAT (smiles),smiles,2,4,r2,0.2013891856178277
gbm_potency,grouped,GNN-GAT (smiles),smiles,2,4,pearson_r,0.45572639459766434
gbm_potency,grouped,GNN-GAT (smiles),smiles,2,4,spearman_rho,0.24505416624481116
gbm_potency,grouped,GNN-GAT (smiles),smiles,3,0,rmse,1.9357630553952163
gbm_potency,grouped,GNN-GAT (smiles),smiles,3,0,mae,1.54405337180589
gbm_potency,grouped,GNN-GAT (smiles),smiles,3,0,r2,0.3335395972198272
gbm_potency,grouped,GNN-GAT (smiles),smiles,3,0,pearson_r,0.5927512493050743
gbm_potency,grouped,GNN-GAT (smiles),smiles,3,0,spearman_rho,0.4165722102794607
gbm_potency,grouped,GNN-GAT (smiles),smiles,3,1,rmse,2.036837639029735
gbm_potency,grouped,GNN-GAT (smiles),smiles,3,1,mae,1.6506103309237405
gbm_potency,grouped,GNN-GAT (smiles),smiles,3,1,r2,-0.15019689264005476
gbm_potency,grouped,GNN-GAT (smiles),smiles,3,1,pearson_r,0.05483014520990291
gbm_potency,grouped,GNN-GAT (smiles),smiles,3,1,spearman_rho,-0.06318222557667813
gbm_potency,grouped,GNN-GAT (smiles),smiles,3,2,rmse,2.1702425261520784
gbm_potency,grouped,GNN-GAT (smiles),smiles,3,2,mae,1.6744038905236167
gbm_potency,grouped,GNN-GAT (smiles),smiles,3,2,r2,-0.0854757963485333
gbm_potency,grouped,GNN-GAT (smiles),smiles,3,2,pearson_r,0.354045332153353
gbm_potency,grouped,GNN-GAT (smiles),smiles,3,2,spearman_rho,0.26857306888204757
gbm_potency,grouped,GNN-GAT (smiles),smiles,3,3,rmse,3.004823584798955
gbm_potency,grouped,GNN-GAT (smiles),smiles,3,3,mae,2.0954243955439886
gbm_potency,grouped,GNN-GAT (smiles),smiles,3,3,r2,0.004645423253619274
gbm_potency,grouped,GNN-GAT (smiles),smiles,3,3,pearson_r,0.21534362670237062
gbm_potency,grouped,GNN-GAT (smiles),smiles,3,3,spearman_rho,0.13919206236711554
gbm_potency,grouped,GNN-GAT (smiles),smiles,3,4,rmse,2.3006501970966626
gbm_potency,grouped,GNN-GAT (smiles),smiles,3,4,mae,1.7600805842086604
gbm_potency,grouped,GNN-GAT (smiles),smiles,3,4,r2,0.15687186016328825
gbm_potency,grouped,GNN-GAT (smiles),smiles,3,4,pearson_r,0.41988210086851896
gbm_potency,grouped,GNN-GAT (smiles),smiles,3,4,spearman_rho,0.24722971495224902
gbm_potency,grouped,GNN-GAT (smiles),smiles,4,0,rmse,2.7712402218570427
gbm_potency,grouped,GNN-GAT (smiles),smiles,4,0,mae,1.9110089152219483
gbm_potency,grouped,GNN-GAT (smiles),smiles,4,0,r2,-0.12795807025258132
gbm_potency,grouped,GNN-GAT (smiles),smiles,4,0,pearson_r,0.20867257662613328
gbm_potency,grouped,GNN-GAT (smiles),smiles,4,0,spearman_rho,0.06412566630501439
gbm_potency,grouped,GNN-GAT (smiles),smiles,4,1,rmse,2.182191309537327
gbm_potency,grouped,GNN-GAT (smiles),smiles,4,1,mae,1.6771457209229306
gbm_potency,grouped,GNN-GAT (smiles),smiles,4,1,r2,0.1699276824914029
gbm_potency,grouped,GNN-GAT (smiles),smiles,4,1,pearson_r,0.4656186719479015
gbm_potency,grouped,GNN-GAT (smiles),smiles,4,1,spearman_rho,0.3997604853848532
gbm_potency,grouped,GNN-GAT (smiles),smiles,4,2,rmse,2.0737520756627075
gbm_potency,grouped,GNN-GAT (smiles),smiles,4,2,mae,1.5349088216678661
gbm_potency,grouped,GNN-GAT (smiles),smiles,4,2,r2,0.15544530067003692
gbm_potency,grouped,GNN-GAT (smiles),smiles,4,2,pearson_r,0.47915331223368035
gbm_potency,grouped,GNN-GAT (smiles),smiles,4,2,spearman_rho,0.2623945760514956
gbm_potency,grouped,GNN-GAT (smiles),smiles,4,3,rmse,2.1694831927211222
gbm_potency,grouped,GNN-GAT (smiles),smiles,4,3,mae,1.7483256940871608
gbm_potency,grouped,GNN-GAT (smiles),smiles,4,3,r2,0.14536155691569397
gbm_potency,grouped,GNN-GAT (smiles),smiles,4,3,pearson_r,0.41702348683337476
gbm_potency,grouped,GNN-GAT (smiles),smiles,4,3,spearman_rho,0.271965171610813
gbm_potency,grouped,GNN-GAT (smiles),smiles,4,4,rmse,2.4760433338330423
gbm_potency,grouped,GNN-GAT (smiles),smiles,4,4,mae,1.9031938360552567
gbm_potency,grouped,GNN-GAT (smiles),smiles,4,4,r2,-0.034188156219719934
gbm_potency,grouped,GNN-GAT (smiles),smiles,4,4,pearson_r,0.25823886613142655
gbm_potency,grouped,GNN-GAT (smiles),smiles,4,4,spearman_rho,0.1797711855826668
gbm_potency,scaffold,Baseline,descriptors,0,0,rmse,2.5298595272032167
gbm_potency,scaffold,Baseline,descriptors,0,0,mae,1.940319678870431
gbm_potency,scaffold,Baseline,descriptors,0,0,r2,-0.0054618986932226665
gbm_potency,scaffold,Baseline,descriptors,0,0,pearson_r,0.0
gbm_potency,scaffold,Baseline,descriptors,0,0,spearman_rho,0.0
gbm_potency,scaffold,Baseline,descriptors,0,1,rmse,2.1936326593983426
gbm_potency,scaffold,Baseline,descriptors,0,1,mae,1.655849053859245
gbm_potency,scaffold,Baseline,descriptors,0,1,r2,-0.0027479533051828486
gbm_potency,scaffold,Baseline,descriptors,0,1,pearson_r,0.0
gbm_potency,scaffold,Baseline,descriptors,0,1,spearman_rho,0.0
gbm_potency,scaffold,Baseline,descriptors,0,2,rmse,2.254794443498395
gbm_potency,scaffold,Baseline,descriptors,0,2,mae,1.6988155283436164
gbm_potency,scaffold,Baseline,descriptors,0,2,r2,-0.002292415245521706
gbm_potency,scaffold,Baseline,descriptors,0,2,pearson_r,0.0
gbm_potency,scaffold,Baseline,descriptors,0,2,spearman_rho,0.0
gbm_potency,scaffold,Baseline,descriptors,0,3,rmse,2.962516565634052
gbm_potency,scaffold,Baseline,descriptors,0,3,mae,2.2764332037873753
gbm_potency,scaffold,Baseline,descriptors,0,3,r2,-0.056930428941756483
gbm_potency,scaffold,Baseline,descriptors,0,3,pearson_r,0.0
gbm_potency,scaffold,Baseline,descriptors,0,3,spearman_rho,0.0
gbm_potency,scaffold,Baseline,descriptors,0,4,rmse,2.0758635397389633
gbm_potency,scaffold,Baseline,descriptors,0,4,mae,1.502456683249658
gbm_potency,scaffold,Baseline,descriptors,0,4,r2,-0.01865049811000663
gbm_potency,scaffold,Baseline,descriptors,0,4,pearson_r,0.0
gbm_potency,scaffold,Baseline,descriptors,0,4,spearman_rho,0.0
gbm_potency,scaffold,Linear (descriptors),descriptors,0,0,rmse,2.366170541976744
gbm_potency,scaffold,Linear (descriptors),descriptors,0,0,mae,1.8661994590427922
gbm_potency,scaffold,Linear (descriptors),descriptors,0,0,r2,0.12044117599946103
gbm_potency,scaffold,Linear (descriptors),descriptors,0,0,pearson_r,0.359680859975122
gbm_potency,scaffold,Linear (descriptors),descriptors,0,0,spearman_rho,0.23008741019837203
gbm_potency,scaffold,Linear (descriptors),descriptors,0,1,rmse,2.167986256038761
gbm_potency,scaffold,Linear (descriptors),descriptors,0,1,mae,1.6672833429332823
gbm_potency,scaffold,Linear (descriptors),descriptors,0,1,r2,0.020561826097668767
gbm_potency,scaffold,Linear (descriptors),descriptors,0,1,pearson_r,0.302613962678888
gbm_potency,scaffold,Linear (descriptors),descriptors,0,1,spearman_rho,0.34972615747687175
gbm_potency,scaffold,Linear (descriptors),descriptors,0,2,rmse,2.2307151577360007
gbm_potency,scaffold,Linear (descriptors),descriptors,0,2,mae,1.6643566180368168
gbm_potency,scaffold,Linear (descriptors),descriptors,0,2,r2,0.019000539125975102
gbm_potency,scaffold,Linear (descriptors),descriptors,0,2,pearson_r,0.18880740318333472
gbm_potency,scaffold,Linear (descriptors),descriptors,0,2,spearman_rho,0.2585240674115471
gbm_potency,scaffold,Linear (descriptors),descriptors,0,3,rmse,2.6939913911603797
gbm_potency,scaffold,Linear (descriptors),descriptors,0,3,mae,2.0474782104612137
gbm_potency,scaffold,Linear (descriptors),descriptors,0,3,r2,0.12598832581902453
gbm_potency,scaffold,Linear (descriptors),descriptors,0,3,pearson_r,0.4333924990112584
gbm_potency,scaffold,Linear (descriptors),descriptors,0,3,spearman_rho,0.4701303847596819
gbm_potency,scaffold,Linear (descriptors),descriptors,0,4,rmse,1.8504748506226407
gbm_potency,scaffold,Linear (descriptors),descriptors,0,4,mae,1.4200657827911898
gbm_potency,scaffold,Linear (descriptors),descriptors,0,4,r2,0.19054264434557033
gbm_potency,scaffold,Linear (descriptors),descriptors,0,4,pearson_r,0.4704480861081227
gbm_potency,scaffold,Linear (descriptors),descriptors,0,4,spearman_rho,0.309802178048343
gbm_potency,scaffold,KNN-Jaccard (morgan),morgan,0,0,rmse,2.4035487126397435
gbm_potency,scaffold,KNN-Jaccard (morgan),morgan,0,0,mae,1.8128069774320377
gbm_potency,scaffold,KNN-Jaccard (morgan),morgan,0,0,r2,0.09243307503445819
gbm_potency,scaffold,KNN-Jaccard (morgan),morgan,0,0,pearson_r,0.322806893607644
gbm_potency,scaffold,KNN-Jaccard (morgan),morgan,0,0,spearman_rho,0.3456971824048199
gbm_potency,scaffold,KNN-Jaccard (morgan),morgan,0,1,rmse,2.2732407461567776
gbm_potency,scaffold,KNN-Jaccard (morgan),morgan,0,1,mae,1.7086835878807285
gbm_potency,scaffold,KNN-Jaccard (morgan),morgan,0,1,r2,-0.07684907948865671
gbm_potency,scaffold,KNN-Jaccard (morgan),morgan,0,1,pearson_r,0.27905557314741625
gbm_potency,scaffold,KNN-Jaccard (morgan),morgan,0,1,spearman_rho,0.1560125105222173
gbm_potency,scaffold,KNN-Jaccard (morgan),morgan,0,2,rmse,2.211558891351496
gbm_potency,scaffold,KNN-Jaccard (morgan),morgan,0,2,mae,1.6556732814276751
gbm_potency,scaffold,KNN-Jaccard (morgan),morgan,0,2,r2,0.03577686087957732
gbm_potency,scaffold,KNN-Jaccard (morgan),morgan,0,2,pearson_r,0.22803719728135552
gbm_potency,scaffold,KNN-Jaccard (morgan),morgan,0,2,spearman_rho,0.26710945903787026
gbm_potency,scaffold,KNN-Jaccard (morgan),morgan,0,3,rmse,2.701375936729142
gbm_potency,scaffold,KNN-Jaccard (morgan),morgan,0,3,mae,2.0172076295961467
gbm_potency,scaffold,KNN-Jaccard (morgan),morgan,0,3,r2,0.12119022224176268
gbm_potency,scaffold,KNN-Jaccard (morgan),morgan,0,3,pearson_r,0.4580525743968451
gbm_potency,scaffold,KNN-Jaccard (morgan),morgan,0,3,spearman_rho,0.4036549238815796
gbm_potency,scaffold,KNN-Jaccard (morgan),morgan,0,4,rmse,1.904775896522044
gbm_potency,scaffold,KNN-Jaccard (morgan),morgan,0,4,mae,1.4372949809315942
gbm_potency,scaffold,KNN-Jaccard (morgan),morgan,0,4,r2,0.1423395702632082
gbm_potency,scaffold,KNN-Jaccard (morgan),morgan,0,4,pearson_r,0.40031594330304376
gbm_potency,scaffold,KNN-Jaccard (morgan),morgan,0,4,spearman_rho,0.27386297568714424
gbm_potency,scaffold,Random Forest (descriptors),descriptors,0,0,rmse,2.272502226485229
gbm_potency,scaffold,Random Forest (descriptors),descriptors,0,0,mae,1.7703857606146165
gbm_potency,scaffold,Random Forest (descriptors),descriptors,0,0,r2,0.18870007047595017
gbm_potency,scaffold,Random Forest (descriptors),descriptors,0,0,pearson_r,0.4449459696174447
gbm_potency,scaffold,Random Forest (descriptors),descriptors,0,0,spearman_rho,0.3825292821839918
gbm_potency,scaffold,Random Forest (descriptors),descriptors,0,1,rmse,2.0182662786806085
gbm_potency,scaffold,Random Forest (descriptors),descriptors,0,1,mae,1.5700618193331703
gbm_potency,scaffold,Random Forest (descriptors),descriptors,0,1,r2,0.1511696380066211
gbm_potency,scaffold,Random Forest (descriptors),descriptors,0,1,pearson_r,0.41649783778981186
gbm_potency,scaffold,Random Forest (descriptors),descriptors,0,1,spearman_rho,0.38999353743023557
gbm_potency,scaffold,Random Forest (descriptors),descriptors,0,2,rmse,2.2041538955320776
gbm_potency,scaffold,Random Forest (descriptors),descriptors,0,2,mae,1.6541543027215855
gbm_potency,scaffold,Random Forest (descriptors),descriptors,0,2,r2,0.042223096377183356
gbm_potency,scaffold,Random Forest (descriptors),descriptors,0,2,pearson_r,0.2617305206162853
gbm_potency,scaffold,Random Forest (descriptors),descriptors,0,2,spearman_rho,0.3166594335669355
gbm_potency,scaffold,Random Forest (descriptors),descriptors,0,3,rmse,2.6162332534389043
gbm_potency,scaffold,Random Forest (descriptors),descriptors,0,3,mae,2.0164426323179123
gbm_potency,scaffold,Random Forest (descriptors),descriptors,0,3,r2,0.1757143310352458
gbm_potency,scaffold,Random Forest (descriptors),descriptors,0,3,pearson_r,0.4488497622710383
gbm_potency,scaffold,Random Forest (descriptors),descriptors,0,3,spearman_rho,0.4305243693230833
gbm_potency,scaffold,Random Forest (descriptors),descriptors,0,4,rmse,1.7882826709242832
gbm_potency,scaffold,Random Forest (descriptors),descriptors,0,4,mae,1.379990328452582
gbm_potency,scaffold,Random Forest (descriptors),descriptors,0,4,r2,0.24403805110319443
gbm_potency,scaffold,Random Forest (descriptors),descriptors,0,4,pearson_r,0.5108758017934819
gbm_potency,scaffold,Random Forest (descriptors),descriptors,0,4,spearman_rho,0.34179373556073145
gbm_potency,scaffold,Random Forest (morgan),morgan,0,0,rmse,2.289523868787187
gbm_potency,scaffold,Random Forest (morgan),morgan,0,0,mae,1.7924292865911513
gbm_potency,scaffold,Random Forest (morgan),morgan,0,0,r2,0.17650085145685945
gbm_potency,scaffold,Random Forest (morgan),morgan,0,0,pearson_r,0.4852763460573718
gbm_potency,scaffold,Random Forest (morgan),morgan,0,0,spearman_rho,0.4610050521540614
gbm_potency,scaffold,Random Forest (morgan),morgan,0,1,rmse,2.0742455995972175
gbm_potency,scaffold,Random Forest (morgan),morgan,0,1,mae,1.5067294040449943
gbm_potency,scaffold,Random Forest (morgan),morgan,0,1,r2,0.10342973285833679
gbm_potency,scaffold,Random Forest (morgan),morgan,0,1,pearson_r,0.3238746497849975
gbm_potency,scaffold,Random Forest (morgan),morgan,0,1,spearman_rho,0.24083063277637393
gbm_potency,scaffold,Random Forest (morgan),morgan,0,2,rmse,2.165955071219808
gbm_potency,scaffold,Random Forest (morgan),morgan,0,2,mae,1.5986545046787437
gbm_potency,scaffold,Random Forest (morgan),morgan,0,2,r2,0.07513271083294149
gbm_potency,scaffold,Random Forest (morgan),morgan,0,2,pearson_r,0.2790428554395674
gbm_potency,scaffold,Random Forest (morgan),morgan,0,2,spearman_rho,0.36524708947414913
gbm_potency,scaffold,Random Forest (morgan),morgan,0,3,rmse,2.909666762406426
gbm_potency,scaffold,Random Forest (morgan),morgan,0,3,mae,2.1614282055871756
gbm_potency,scaffold,Random Forest (morgan),morgan,0,3,r2,-0.01955658164970342
gbm_potency,scaffold,Random Forest (morgan),morgan,0,3,pearson_r,0.2235148867570213
gbm_potency,scaffold,Random Forest (morgan),morgan,0,3,spearman_rho,0.28559163727519676
gbm_potency,scaffold,Random Forest (morgan),morgan,0,4,rmse,1.8728147154864319
gbm_potency,scaffold,Random Forest (morgan),morgan,0,4,mae,1.379954905552773
gbm_potency,scaffold,Random Forest (morgan),morgan,0,4,r2,0.17088031552224936
gbm_potency,scaffold,Random Forest (morgan),morgan,0,4,pearson_r,0.41703970026497705
gbm_potency,scaffold,Random Forest (morgan),morgan,0,4,spearman_rho,0.38904821696876757
gbm_potency,scaffold,XGBoost (descriptors),descriptors,0,0,rmse,2.310281141090253
gbm_potency,scaffold,XGBoost (descriptors),descriptors,0,0,mae,1.7756216058467151
gbm_potency,scaffold,XGBoost (descriptors),descriptors,0,0,r2,0.16150115370441753
gbm_potency,scaffold,XGBoost (descriptors),descriptors,0,0,pearson_r,0.4128072642931923
gbm_potency,scaffold,XGBoost (descriptors),descriptors,0,0,spearman_rho,0.313921948783854
gbm_potency,scaffold,XGBoost (descriptors),descriptors,0,1,rmse,2.129086097946951
gbm_potency,scaffold,XGBoost (descriptors),descriptors,0,1,mae,1.6875486271337101
gbm_potency,scaffold,XGBoost (descriptors),descriptors,0,1,r2,0.05539459593711216
gbm_potency,scaffold,XGBoost (descriptors),descriptors,0,1,pearson_r,0.37352251972374334
gbm_potency,scaffold,XGBoost (descriptors),descriptors,0,1,spearman_rho,0.2926461085739076
gbm_potency,scaffold,XGBoost (descriptors),descriptors,0,2,rmse,2.253896075407174
gbm_potency,scaffold,XGBoost (descriptors),descriptors,0,2,mae,1.7408870668671421
gbm_potency,scaffold,XGBoost (descriptors),descriptors,0,2,r2,-0.0014938962055408567
gbm_potency,scaffold,XGBoost (descriptors),descriptors,0,2,pearson_r,0.2669404812348136
gbm_potency,scaffold,XGBoost (descriptors),descriptors,0,2,spearman_rho,0.29009189200679697
gbm_potency,scaffold,XGBoost (descriptors),descriptors,0,3,rmse,2.6946957330890386
gbm_potency,scaffold,XGBoost (descriptors),descriptors,0,3,mae,2.0738603861095335
gbm_potency,scaffold,XGBoost (descriptors),descriptors,0,3,r2,0.1255312467468701
gbm_potency,scaffold,XGBoost (descriptors),descriptors,0,3,pearson_r,0.41074087094944034
gbm_potency,scaffold,XGBoost (descriptors),descriptors,0,3,spearman_rho,0.37008698607228513
gbm_potency,scaffold,XGBoost (descriptors),descriptors,0,4,rmse,1.9259360733835689
gbm_potency,scaffold,XGBoost (descriptors),descriptors,0,4,mae,1.452231277770427
gbm_potency,scaffold,XGBoost (descriptors),descriptors,0,4,r2,0.12317820755352793
gbm_potency,scaffold,XGBoost (descriptors),descriptors,0,4,pearson_r,0.4130939329062179
gbm_potency,scaffold,XGBoost (descriptors),descriptors,0,4,spearman_rho,0.28394705856826363
gbm_potency,scaffold,XGBoost (morgan),morgan,0,0,rmse,2.3187439989658705
gbm_potency,scaffold,XGBoost (morgan),morgan,0,0,mae,1.7683517255098267
gbm_potency,scaffold,XGBoost (morgan),morgan,0,0,r2,0.155346843393668
gbm_potency,scaffold,XGBoost (morgan),morgan,0,0,pearson_r,0.41038552405171846
gbm_potency,scaffold,XGBoost (morgan),morgan,0,0,spearman_rho,0.42898452278661536
gbm_potency,scaffold,XGBoost (morgan),morgan,0,1,rmse,2.178228413524396
gbm_potency,scaffold,XGBoost (morgan),morgan,0,1,mae,1.6476905978877956
gbm_potency,scaffold,XGBoost (morgan),morgan,0,1,r2,0.011285700931027987
gbm_potency,scaffold,XGBoost (morgan),morgan,0,1,pearson_r,0.3693324190398819
gbm_potency,scaffold,XGBoost (morgan),morgan,0,1,spearman_rho,0.28887222104313315
gbm_potency,scaffold,XGBoost (morgan),morgan,0,2,rmse,2.388805029838661
gbm_potency,scaffold,XGBoost (morgan),morgan,0,2,mae,1.752882199041052
gbm_potency,scaffold,XGBoost (morgan),morgan,0,2,r2,-0.12497259190639376
gbm_potency,scaffold,XGBoost (morgan),morgan,0,2,pearson_r,0.2282156036218549
gbm_potency,scaffold,XGBoost (morgan),morgan,0,2,spearman_rho,0.2178802573827556
gbm_potency,scaffold,XGBoost (morgan),morgan,0,3,rmse,2.870951703037729
gbm_potency,scaffold,XGBoost (morgan),morgan,0,3,mae,2.1625640130295354
gbm_potency,scaffold,XGBoost (morgan),morgan,0,3,r2,0.007394677612812539
gbm_potency,scaffold,XGBoost (morgan),morgan,0,3,pearson_r,0.29633408167387376
gbm_potency,scaffold,XGBoost (morgan),morgan,0,3,spearman_rho,0.2763080929232165
gbm_potency,scaffold,XGBoost (morgan),morgan,0,4,rmse,2.0200953756331472
gbm_potency,scaffold,XGBoost (morgan),morgan,0,4,mae,1.532141962244138
gbm_potency,scaffold,XGBoost (morgan),morgan,0,4,r2,0.03534649039846749
gbm_potency,scaffold,XGBoost (morgan),morgan,0,4,pearson_r,0.3325401489996621
gbm_potency,scaffold,XGBoost (morgan),morgan,0,4,spearman_rho,0.3386668881557332
gbm_potency,scaffold,SVM (descriptors),descriptors,0,0,rmse,2.431067331174333
gbm_potency,scaffold,SVM (descriptors),descriptors,0,0,mae,1.8470661853935353
gbm_potency,scaffold,SVM (descriptors),descriptors,0,0,r2,0.07153234669708208
gbm_potency,scaffold,SVM (descriptors),descriptors,0,0,pearson_r,0.3150852009331705
gbm_potency,scaffold,SVM (descriptors),descriptors,0,0,spearman_rho,0.27459915373272986
gbm_potency,scaffold,SVM (descriptors),descriptors,0,1,rmse,2.1653475323375453
gbm_potency,scaffold,SVM (descriptors),descriptors,0,1,mae,1.57511913668667
gbm_potency,scaffold,SVM (descriptors),descriptors,0,1,r2,0.02294458465863436
gbm_potency,scaffold,SVM (descriptors),descriptors,0,1,pearson_r,0.36099719052720425
gbm_potency,scaffold,SVM (descriptors),descriptors,0,1,spearman_rho,0.31747828852640375
gbm_potency,scaffold,SVM (descriptors),descriptors,0,2,rmse,2.362614487941328
gbm_potency,scaffold,SVM (descriptors),descriptors,0,2,mae,1.7181064688741652
gbm_potency,scaffold,SVM (descriptors),descriptors,0,2,r2,-0.10043971986128453
gbm_potency,scaffold,SVM (descriptors),descriptors,0,2,pearson_r,0.14172075754476632
gbm_potency,scaffold,SVM (descriptors),descriptors,0,2,spearman_rho,0.1953506802358767
gbm_potency,scaffold,SVM (descriptors),descriptors,0,3,rmse,2.906005529784385
gbm_potency,scaffold,SVM (descriptors),descriptors,0,3,mae,2.2124543576325526
gbm_potency,scaffold,SVM (descriptors),descriptors,0,3,r2,-0.016992380585005185
gbm_potency,scaffold,SVM (descriptors),descriptors,0,3,pearson_r,0.29282890744001283
gbm_potency,scaffold,SVM (descriptors),descriptors,0,3,spearman_rho,0.14331943318184118
gbm_potency,scaffold,SVM (descriptors),descriptors,0,4,rmse,1.7717751286962646
gbm_potency,scaffold,SVM (descriptors),descriptors,0,4,mae,1.3438444649517591
gbm_potency,scaffold,SVM (descriptors),descriptors,0,4,r2,0.25793012438992247
gbm_potency,scaffold,SVM (descriptors),descriptors,0,4,pearson_r,0.5131962867559453
gbm_potency,scaffold,SVM (descriptors),descriptors,0,4,spearman_rho,0.36610497413459286
gbm_potency,scaffold,MLP (descriptors),descriptors,0,0,rmse,2.2668514242289985
gbm_potency,scaffold,MLP (descriptors),descriptors,0,0,mae,1.7859932138627124
gbm_potency,scaffold,MLP (descriptors),descriptors,0,0,r2,0.19272980960442687
gbm_potency,scaffold,MLP (descriptors),descriptors,0,0,pearson_r,0.4423462521042405
gbm_potency,scaffold,MLP (descriptors),descriptors,0,0,spearman_rho,0.34139507238962974
gbm_potency,scaffold,MLP (descriptors),descriptors,0,1,rmse,2.0767619994749995
gbm_potency,scaffold,MLP (descriptors),descriptors,0,1,mae,1.5600588761285454
gbm_potency,scaffold,MLP (descriptors),descriptors,0,1,r2,0.10125303995522894
gbm_potency,scaffold,MLP (descriptors),descriptors,0,1,pearson_r,0.3761189451108201
gbm_potency,scaffold,MLP (descriptors),descriptors,0,1,spearman_rho,0.29675964598245186
gbm_potency,scaffold,MLP (descriptors),descriptors,0,2,rmse,2.2552290820757928
gbm_potency,scaffold,MLP (descriptors),descriptors,0,2,mae,1.7369989154288181
gbm_potency,scaffold,MLP (descriptors),descriptors,0,2,r2,-0.0026788601719556215
gbm_potency,scaffold,MLP (descriptors),descriptors,0,2,pearson_r,0.24133237380873548
gbm_potency,scaffold,MLP (descriptors),descriptors,0,2,spearman_rho,0.21121950300013562
gbm_potency,scaffold,MLP (descriptors),descriptors,0,3,rmse,2.4467736699724187
gbm_potency,scaffold,MLP (descriptors),descriptors,0,3,mae,1.8567542544043754
gbm_potency,scaffold,MLP (descriptors),descriptors,0,3,r2,0.279037919804036
gbm_potency,scaffold,MLP (descriptors),descriptors,0,3,pearson_r,0.5648321968211312
gbm_potency,scaffold,MLP (descriptors),descriptors,0,3,spearman_rho,0.5986093552731644
gbm_potency,scaffold,MLP (descriptors),descriptors,0,4,rmse,1.9789834025652435
gbm_potency,scaffold,MLP (descriptors),descriptors,0,4,mae,1.5196780121880946
gbm_potency,scaffold,MLP (descriptors),descriptors,0,4,r2,0.07421124048245131
gbm_potency,scaffold,MLP (descriptors),descriptors,0,4,pearson_r,0.4114182006136325
gbm_potency,scaffold,MLP (descriptors),descriptors,0,4,spearman_rho,0.32844600570064514
gbm_potency,scaffold,Linear (pathway one-hot),pathway,0,0,rmse,2.391705991204703
gbm_potency,scaffold,Linear (pathway one-hot),pathway,0,0,mae,1.9622078081119194
gbm_potency,scaffold,Linear (pathway one-hot),pathway,0,0,r2,0.10135453636478864
gbm_potency,scaffold,Linear (pathway one-hot),pathway,0,0,pearson_r,0.3473188641687543
gbm_potency,scaffold,Linear (pathway one-hot),pathway,0,0,spearman_rho,0.19975907729632894
gbm_potency,scaffold,Linear (pathway one-hot),pathway,0,1,rmse,1.9374719463130259
gbm_potency,scaffold,Linear (pathway one-hot),pathway,0,1,mae,1.4899507650174817
gbm_potency,scaffold,Linear (pathway one-hot),pathway,0,1,r2,0.21776936026216953
gbm_potency,scaffold,Linear (pathway one-hot),pathway,0,1,pearson_r,0.4772426493111814
gbm_potency,scaffold,Linear (pathway one-hot),pathway,0,1,spearman_rho,0.3334705366208647
gbm_potency,scaffold,Linear (pathway one-hot),pathway,0,2,rmse,2.1401881972674066
gbm_potency,scaffold,Linear (pathway one-hot),pathway,0,2,mae,1.7224143268508207
gbm_potency,scaffold,Linear (pathway one-hot),pathway,0,2,r2,0.09700683837501367
gbm_potency,scaffold,Linear (pathway one-hot),pathway,0,2,pearson_r,0.3211289045322864
gbm_potency,scaffold,Linear (pathway one-hot),pathway,0,2,spearman_rho,0.16122934134950073
gbm_potency,scaffold,Linear (pathway one-hot),pathway,0,3,rmse,2.7801650472384147
gbm_potency,scaffold,Linear (pathway one-hot),pathway,0,3,mae,2.1319439369104383
gbm_potency,scaffold,Linear (pathway one-hot),pathway,0,3,r2,0.06917940360664576
gbm_potency,scaffold,Linear (pathway one-hot),pathway,0,3,pearson_r,0.3421173039069197
gbm_potency,scaffold,Linear (pathway one-hot),pathway,0,3,spearman_rho,0.349257460818731
gbm_potency,scaffold,Linear (pathway one-hot),pathway,0,4,rmse,2.1205686706632676
gbm_potency,scaffold,Linear (pathway one-hot),pathway,0,4,mae,1.488543504791419
gbm_potency,scaffold,Linear (pathway one-hot),pathway,0,4,r2,-0.06299759377590242
gbm_potency,scaffold,Linear (pathway one-hot),pathway,0,4,pearson_r,0.12814042940478007
gbm_potency,scaffold,Linear (pathway one-hot),pathway,0,4,spearman_rho,0.24719921888123178
gbm_potency,scaffold,Random Forest (pathway one-hot),pathway,0,0,rmse,2.389459399109623
gbm_potency,scaffold,Random Forest (pathway one-hot),pathway,0,0,mae,1.9602680095855476
gbm_potency,scaffold,Random Forest (pathway one-hot),pathway,0,0,r2,0.1030419859127395
gbm_potency,scaffold,Random Forest (pathway one-hot),pathway,0,0,pearson_r,0.3484904750328544
gbm_potency,scaffold,Random Forest (pathway one-hot),pathway,0,0,spearman_rho,0.19975907729632894
gbm_potency,scaffold,Random Forest (pathway one-hot),pathway,0,1,rmse,1.9423501728678154
gbm_potency,scaffold,Random Forest (pathway one-hot),pathway,0,1,mae,1.496154003782219
gbm_potency,scaffold,Random Forest (pathway one-hot),pathway,0,1,r2,0.2138253525265923
gbm_potency,scaffold,Random Forest (pathway one-hot),pathway,0,1,pearson_r,0.4732869966915033
gbm_potency,scaffold,Random Forest (pathway one-hot),pathway,0,1,spearman_rho,0.2710721232849266
gbm_potency,scaffold,Random Forest (pathway one-hot),pathway,0,2,rmse,2.1525332624126867
gbm_potency,scaffold,Random Forest (pathway one-hot),pathway,0,2,mae,1.7416767977354428
gbm_potency,scaffold,Random Forest (pathway one-hot),pathway,0,2,r2,0.08655947675100795
gbm_potency,scaffold,Random Forest (pathway one-hot),pathway,0,2,pearson_r,0.3199079539711413
gbm_potency,scaffold,Random Forest (pathway one-hot),pathway,0,2,spearman_rho,0.1529519421284326
gbm_potency,scaffold,Random Forest (pathway one-hot),pathway,0,3,rmse,2.7813808370892263
gbm_potency,scaffold,Random Forest (pathway one-hot),pathway,0,3,mae,2.1289474632861096
gbm_potency,scaffold,Random Forest (pathway one-hot),pathway,0,3,r2,0.06836511405050238
gbm_potency,scaffold,Random Forest (pathway one-hot),pathway,0,3,pearson_r,0.3423617077825992
gbm_potency,scaffold,Random Forest (pathway one-hot),pathway,0,3,spearman_rho,0.34971145957622696
gbm_potency,scaffold,Random Forest (pathway one-hot),pathway,0,4,rmse,2.1193133042567944
gbm_potency,scaffold,Random Forest (pathway one-hot),pathway,0,4,mae,1.4773797111084406
gbm_potency,scaffold,Random Forest (pathway one-hot),pathway,0,4,r2,-0.061739387433959125
gbm_potency,scaffold,Random Forest (pathway one-hot),pathway,0,4,pearson_r,0.12783597013961595
gbm_potency,scaffold,Random Forest (pathway one-hot),pathway,0,4,spearman_rho,0.2674095511175864
gbm_potency,scaffold,Random Forest (descriptors + pathway),descriptors_pathway,0,0,rmse,2.2114024987313248
gbm_potency,scaffold,Random Forest (descriptors + pathway),descriptors_pathway,0,0,mae,1.7460744366061849
gbm_potency,scaffold,Random Forest (descriptors + pathway),descriptors_pathway,0,0,r2,0.23173969309171272
gbm_potency,scaffold,Random Forest (descriptors + pathway),descriptors_pathway,0,0,pearson_r,0.49356217872502106
gbm_potency,scaffold,Random Forest (descriptors + pathway),descriptors_pathway,0,0,spearman_rho,0.4103609149577
gbm_potency,scaffold,Random Forest (descriptors + pathway),descriptors_pathway,0,1,rmse,1.9656635692601037
gbm_potency,scaffold,Random Forest (descriptors + pathway),descriptors_pathway,0,1,mae,1.5209117256314704
gbm_potency,scaffold,Random Forest (descriptors + pathway),descriptors_pathway,0,1,r2,0.19483969652890132
gbm_potency,scaffold,Random Forest (descriptors + pathway),descriptors_pathway,0,1,pearson_r,0.4503079443609677
gbm_potency,scaffold,Random Forest (descriptors + pathway),descriptors_pathway,0,1,spearman_rho,0.40677598325600134
gbm_potency,scaffold,Random Forest (descriptors + pathway),descriptors_pathway,0,2,rmse,2.1350192006962234
gbm_potency,scaffold,Random Forest (descriptors + pathway),descriptors_pathway,0,2,mae,1.6245104447145422
gbm_potency,scaffold,Random Forest (descriptors + pathway),descriptors_pathway,0,2,r2,0.10136340102786645
gbm_potency,scaffold,Random Forest (descriptors + pathway),descriptors_pathway,0,2,pearson_r,0.3287163155759636
gbm_potency,scaffold,Random Forest (descriptors + pathway),descriptors_pathway,0,2,spearman_rho,0.34609506200004353
gbm_potency,scaffold,Random Forest (descriptors + pathway),descriptors_pathway,0,3,rmse,2.5829972568473254
gbm_potency,scaffold,Random Forest (descriptors + pathway),descriptors_pathway,0,3,mae,1.9752172543784339
gbm_potency,scaffold,Random Forest (descriptors + pathway),descriptors_pathway,0,3,r2,0.19652435616576425
gbm_potency,scaffold,Random Forest (descriptors + pathway),descriptors_pathway,0,3,pearson_r,0.4892548076798837
gbm_potency,scaffold,Random Forest (descriptors + pathway),descriptors_pathway,0,3,spearman_rho,0.4859308737771589
gbm_potency,scaffold,Random Forest (descriptors + pathway),descriptors_pathway,0,4,rmse,1.7838318095093568
gbm_potency,scaffold,Random Forest (descriptors + pathway),descriptors_pathway,0,4,mae,1.3632734526929053
gbm_potency,scaffold,Random Forest (descriptors + pathway),descriptors_pathway,0,4,r2,0.2477963995358945
gbm_potency,scaffold,Random Forest (descriptors + pathway),descriptors_pathway,0,4,pearson_r,0.5124626680455185
gbm_potency,scaffold,Random Forest (descriptors + pathway),descriptors_pathway,0,4,spearman_rho,0.3861558831191442
gbm_potency,scaffold,GNN-GCN (smiles),smiles,0,0,rmse,2.331424821930928
gbm_potency,scaffold,GNN-GCN (smiles),smiles,0,0,mae,1.7505397174399822
gbm_potency,scaffold,GNN-GCN (smiles),smiles,0,0,r2,0.14608304781918502
gbm_potency,scaffold,GNN-GCN (smiles),smiles,0,0,pearson_r,0.41976256686047864
gbm_potency,scaffold,GNN-GCN (smiles),smiles,0,0,spearman_rho,0.40950044813434594
gbm_potency,scaffold,GNN-GCN (smiles),smiles,0,1,rmse,2.2654674026399513
gbm_potency,scaffold,GNN-GCN (smiles),smiles,0,1,mae,1.6999381515871441
gbm_potency,scaffold,GNN-GCN (smiles),smiles,0,1,r2,-0.06949710324424596
gbm_potency,scaffold,GNN-GCN (smiles),smiles,0,1,pearson_r,0.3220315398168193
gbm_potency,scaffold,GNN-GCN (smiles),smiles,0,1,spearman_rho,0.21381398948061792
gbm_potency,scaffold,GNN-GCN (smiles),smiles,0,2,rmse,2.574339571809054
gbm_potency,scaffold,GNN-GCN (smiles),smiles,0,2,mae,1.8382033544049234
gbm_potency,scaffold,GNN-GCN (smiles),smiles,0,2,r2,-0.30650837253694885
gbm_potency,scaffold,GNN-GCN (smiles),smiles,0,2,pearson_r,0.002511963998612074
gbm_potency,scaffold,GNN-GCN (smiles),smiles,0,2,spearman_rho,0.051030708995707344
gbm_potency,scaffold,GNN-GCN (smiles),smiles,0,3,rmse,2.75261989694886
gbm_potency,scaffold,GNN-GCN (smiles),smiles,0,3,mae,2.109727953705298
gbm_potency,scaffold,GNN-GCN (smiles),smiles,0,3,r2,0.08753268665642999
gbm_potency,scaffold,GNN-GCN (smiles),smiles,0,3,pearson_r,0.3193201199667875
gbm_potency,scaffold,GNN-GCN (smiles),smiles,0,3,spearman_rho,0.173942167083353
gbm_potency,scaffold,GNN-GCN (smiles),smiles,0,4,rmse,2.1583974570416737
gbm_potency,scaffold,GNN-GCN (smiles),smiles,0,4,mae,1.5815616665472927
gbm_potency,scaffold,GNN-GCN (smiles),smiles,0,4,r2,-0.10126146064970354
gbm_potency,scaffold,GNN-GCN (smiles),smiles,0,4,pearson_r,0.3904786525465759
gbm_potency,scaffold,GNN-GCN (smiles),smiles,0,4,spearman_rho,0.27633378932968533
gbm_potency,scaffold,GNN-GAT (smiles),smiles,0,0,rmse,2.3550498007475227
gbm_potency,scaffold,GNN-GAT (smiles),smiles,0,0,mae,1.9078366509866729
gbm_potency,scaffold,GNN-GAT (smiles),smiles,0,0,r2,0.1286894068680683
gbm_potency,scaffold,GNN-GAT (smiles),smiles,0,0,pearson_r,0.4523753495598388
gbm_potency,scaffold,GNN-GAT (smiles),smiles,0,0,spearman_rho,0.29829849662342656
gbm_potency,scaffold,GNN-GAT (smiles),smiles,0,1,rmse,2.1264162252779575
gbm_potency,scaffold,GNN-GAT (smiles),smiles,0,1,mae,1.6845714016512667
gbm_potency,scaffold,GNN-GAT (smiles),smiles,0,1,r2,0.057762179733223395
gbm_potency,scaffold,GNN-GAT (smiles),smiles,0,1,pearson_r,0.3229152551763897
gbm_potency,scaffold,GNN-GAT (smiles),smiles,0,1,spearman_rho,0.1998679182980329
gbm_potency,scaffold,GNN-GAT (smiles),smiles,0,2,rmse,2.5269749608092904
gbm_potency,scaffold,GNN-GAT (smiles),smiles,0,2,mae,1.8537139309575656
gbm_potency,scaffold,GNN-GAT (smiles),smiles,0,2,r2,-0.25887442120275117
gbm_potency,scaffold,GNN-GAT (smiles),smiles,0,2,pearson_r,-0.07528017452583774
gbm_potency,scaffold,GNN-GAT (smiles),smiles,0,2,spearman_rho,-0.013274211047690927
gbm_potency,scaffold,GNN-GAT (smiles),smiles,0,3,rmse,2.6476809194894635
gbm_potency,scaffold,GNN-GAT (smiles),smiles,0,3,mae,2.030240030585234
gbm_potency,scaffold,GNN-GAT (smiles),smiles,0,3,r2,0.1557790645740652
gbm_potency,scaffold,GNN-GAT (smiles),smiles,0,3,pearson_r,0.4028041989929271
gbm_potency,scaffold,GNN-GAT (smiles),smiles,0,3,spearman_rho,0.2952120383036936
gbm_potency,scaffold,GNN-GAT (smiles),smiles,0,4,rmse,1.878175108652358
gbm_potency,scaffold,GNN-GAT (smiles),smiles,0,4,mae,1.3464726226976653
gbm_potency,scaffold,GNN-GAT (smiles),smiles,0,4,r2,0.1661272901724138
gbm_potency,scaffold,GNN-GAT (smiles),smiles,0,4,pearson_r,0.444266128374759
gbm_potency,scaffold,GNN-GAT (smiles),smiles,0,4,spearman_rho,0.3374438147351964
gbm_selective_class,grouped,Baseline,descriptors,0,0,roc_auc,0.5
gbm_selective_class,grouped,Baseline,descriptors,0,0,pr_auc,0.046511627906976744
gbm_selective_class,grouped,Baseline,descriptors,0,0,balanced_accuracy,0.5
gbm_selective_class,grouped,Baseline,descriptors,0,0,mcc,0.0
gbm_selective_class,grouped,Baseline,descriptors,0,0,brier,0.04435602393955847
gbm_selective_class,grouped,Baseline,descriptors,0,1,roc_auc,0.5
gbm_selective_class,grouped,Baseline,descriptors,0,1,pr_auc,0.03529411764705882
gbm_selective_class,grouped,Baseline,descriptors,0,1,balanced_accuracy,0.5
gbm_selective_class,grouped,Baseline,descriptors,0,1,mcc,0.0
gbm_selective_class,grouped,Baseline,descriptors,0,1,brier,0.034174275443005754
gbm_selective_class,grouped,Baseline,descriptors,0,2,roc_auc,0.5
gbm_selective_class,grouped,Baseline,descriptors,0,2,pr_auc,0.046511627906976744
gbm_selective_class,grouped,Baseline,descriptors,0,2,balanced_accuracy,0.5
gbm_selective_class,grouped,Baseline,descriptors,0,2,mcc,0.0
gbm_selective_class,grouped,Baseline,descriptors,0,2,brier,0.04435602393955847
gbm_selective_class,grouped,Baseline,descriptors,0,3,roc_auc,0.5
gbm_selective_class,grouped,Baseline,descriptors,0,3,pr_auc,0.04597701149425287
gbm_selective_class,grouped,Baseline,descriptors,0,3,balanced_accuracy,0.5
gbm_selective_class,grouped,Baseline,descriptors,0,3,mcc,0.0
gbm_selective_class,grouped,Baseline,descriptors,0,3,brier,0.04386760913172225
gbm_selective_class,grouped,Baseline,descriptors,0,4,roc_auc,0.5
gbm_selective_class,grouped,Baseline,descriptors,0,4,pr_auc,0.047058823529411764
gbm_selective_class,grouped,Baseline,descriptors,0,4,balanced_accuracy,0.5
gbm_selective_class,grouped,Baseline,descriptors,0,4,mcc,0.0
gbm_selective_class,grouped,Baseline,descriptors,0,4,brier,0.04485622196417777
gbm_selective_class,grouped,Baseline,descriptors,1,0,roc_auc,0.5
gbm_selective_class,grouped,Baseline,descriptors,1,0,pr_auc,0.046511627906976744
gbm_selective_class,grouped,Baseline,descriptors,1,0,balanced_accuracy,0.5
gbm_selective_class,grouped,Baseline,descriptors,1,0,mcc,0.0
gbm_selective_class,grouped,Baseline,descriptors,1,0,brier,0.04435602393955847
gbm_selective_class,grouped,Baseline,descriptors,1,1,roc_auc,0.5
gbm_selective_class,grouped,Baseline,descriptors,1,1,pr_auc,0.03529411764705882
gbm_selective_class,grouped,Baseline,descriptors,1,1,balanced_accuracy,0.5
gbm_selective_class,grouped,Baseline,descriptors,1,1,mcc,0.0
gbm_selective_class,grouped,Baseline,descriptors,1,1,brier,0.034174275443005754
gbm_selective_class,grouped,Baseline,descriptors,1,2,roc_auc,0.5
gbm_selective_class,grouped,Baseline,descriptors,1,2,pr_auc,0.046511627906976744
gbm_selective_class,grouped,Baseline,descriptors,1,2,balanced_accuracy,0.5
gbm_selective_class,grouped,Baseline,descriptors,1,2,mcc,0.0
gbm_selective_class,grouped,Baseline,descriptors,1,2,brier,0.04435602393955847
gbm_selective_class,grouped,Baseline,descriptors,1,3,roc_auc,0.5
gbm_selective_class,grouped,Baseline,descriptors,1,3,pr_auc,0.047058823529411764
gbm_selective_class,grouped,Baseline,descriptors,1,3,balanced_accuracy,0.5
gbm_selective_class,grouped,Baseline,descriptors,1,3,mcc,0.0
gbm_selective_class,grouped,Baseline,descriptors,1,3,brier,0.04485622196417777
gbm_selective_class,grouped,Baseline,descriptors,1,4,roc_auc,0.5
gbm_selective_class,grouped,Baseline,descriptors,1,4,pr_auc,0.04597701149425287
gbm_selective_class,grouped,Baseline,descriptors,1,4,balanced_accuracy,0.5
gbm_selective_class,grouped,Baseline,descriptors,1,4,mcc,0.0
gbm_selective_class,grouped,Baseline,descriptors,1,4,brier,0.04386760913172225
gbm_selective_class,grouped,Baseline,descriptors,2,0,roc_auc,0.5
gbm_selective_class,grouped,Baseline,descriptors,2,0,pr_auc,0.046511627906976744
gbm_selective_class,grouped,Baseline,descriptors,2,0,balanced_accuracy,0.5
gbm_selective_class,grouped,Baseline,descriptors,2,0,mcc,0.0
gbm_selective_class,grouped,Baseline,descriptors,2,0,brier,0.04435602393955847
gbm_selective_class,grouped,Baseline,descriptors,2,1,roc_auc,0.5
gbm_selective_class,grouped,Baseline,descriptors,2,1,pr_auc,0.046511627906976744
gbm_selective_class,grouped,Baseline,descriptors,2,1,balanced_accuracy,0.5
gbm_selective_class,grouped,Baseline,descriptors,2,1,mcc,0.0
gbm_selective_class,grouped,Baseline,descriptors,2,1,brier,0.04435602393955847
gbm_selective_class,grouped,Baseline,descriptors,2,2,roc_auc,0.5
gbm_selective_class,grouped,Baseline,descriptors,2,2,pr_auc,0.047058823529411764
gbm_selective_class,grouped,Baseline,descriptors,2,2,balanced_accuracy,0.5
gbm_selective_class,grouped,Baseline,descriptors,2,2,mcc,0.0
gbm_selective_class,grouped,Baseline,descriptors,2,2,brier,0.04485622196417777
gbm_selective_class,grouped,Baseline,descriptors,2,3,roc_auc,0.5
gbm_selective_class,grouped,Baseline,descriptors,2,3,pr_auc,0.04597701149425287
gbm_selective_class,grouped,Baseline,descriptors,2,3,balanced_accuracy,0.5
gbm_selective_class,grouped,Baseline,descriptors,2,3,mcc,0.0
gbm_selective_class,grouped,Baseline,descriptors,2,3,brier,0.04386760913172225
gbm_selective_class,grouped,Baseline,descriptors,2,4,roc_auc,0.5
gbm_selective_class,grouped,Baseline,descriptors,2,4,pr_auc,0.03529411764705882
gbm_selective_class,grouped,Baseline,descriptors,2,4,balanced_accuracy,0.5
gbm_selective_class,grouped,Baseline,descriptors,2,4,mcc,0.0
gbm_selective_class,grouped,Baseline,descriptors,2,4,brier,0.034174275443005754
gbm_selective_class,grouped,Baseline,descriptors,3,0,roc_auc,0.5
gbm_selective_class,grouped,Baseline,descriptors,3,0,pr_auc,0.046511627906976744
gbm_selective_class,grouped,Baseline,descriptors,3,0,balanced_accuracy,0.5
gbm_selective_class,grouped,Baseline,descriptors,3,0,mcc,0.0
gbm_selective_class,grouped,Baseline,descriptors,3,0,brier,0.04435602393955847
gbm_selective_class,grouped,Baseline,descriptors,3,1,roc_auc,0.5
gbm_selective_class,grouped,Baseline,descriptors,3,1,pr_auc,0.03529411764705882
gbm_selective_class,grouped,Baseline,descriptors,3,1,balanced_accuracy,0.5
gbm_selective_class,grouped,Baseline,descriptors,3,1,mcc,0.0
gbm_selective_class,grouped,Baseline,descriptors,3,1,brier,0.034174275443005754
gbm_selective_class,grouped,Baseline,descriptors,3,2,roc_auc,0.5
gbm_selective_class,grouped,Baseline,descriptors,3,2,pr_auc,0.046511627906976744
gbm_selective_class,grouped,Baseline,descriptors,3,2,balanced_accuracy,0.5
gbm_selective_class,grouped,Baseline,descriptors,3,2,mcc,0.0
gbm_selective_class,grouped,Baseline,descriptors,3,2,brier,0.04435602393955847
gbm_selective_class,grouped,Baseline,descriptors,3,3,roc_auc,0.5
gbm_selective_class,grouped,Baseline,descriptors,3,3,pr_auc,0.04597701149425287
gbm_selective_class,grouped,Baseline,descriptors,3,3,balanced_accuracy,0.5
gbm_selective_class,grouped,Baseline,descriptors,3,3,mcc,0.0
gbm_selective_class,grouped,Baseline,descriptors,3,3,brier,0.04386760913172225
gbm_selective_class,grouped,Baseline,descriptors,3,4,roc_auc,0.5
gbm_selective_class,grouped,Baseline,descriptors,3,4,pr_auc,0.047058823529411764
gbm_selective_class,grouped,Baseline,descriptors,3,4,balanced_accuracy,0.5
gbm_selective_class,grouped,Baseline,descriptors,3,4,mcc,0.0
gbm_selective_class,grouped,Baseline,descriptors,3,4,brier,0.04485622196417777
gbm_selective_class,grouped,Baseline,descriptors,4,0,roc_auc,0.5
gbm_selective_class,grouped,Baseline,descriptors,4,0,pr_auc,0.046511627906976744
gbm_selective_class,grouped,Baseline,descriptors,4,0,balanced_accuracy,0.5
gbm_selective_class,grouped,Baseline,descriptors,4,0,mcc,0.0
gbm_selective_class,grouped,Baseline,descriptors,4,0,brier,0.04435602393955847
gbm_selective_class,grouped,Baseline,descriptors,4,1,roc_auc,0.5
gbm_selective_class,grouped,Baseline,descriptors,4,1,pr_auc,0.04597701149425287
gbm_selective_class,grouped,Baseline,descriptors,4,1,balanced_accuracy,0.5
gbm_selective_class,grouped,Baseline,descriptors,4,1,mcc,0.0
gbm_selective_class,grouped,Baseline,descriptors,4,1,brier,0.04386760913172225
gbm_selective_class,grouped,Baseline,descriptors,4,2,roc_auc,0.5
gbm_selective_class,grouped,Baseline,descriptors,4,2,pr_auc,0.03529411764705882
gbm_selective_class,grouped,Baseline,descriptors,4,2,balanced_accuracy,0.5
gbm_selective_class,grouped,Baseline,descriptors,4,2,mcc,0.0
gbm_selective_class,grouped,Baseline,descriptors,4,2,brier,0.034174275443005754
gbm_selective_class,grouped,Baseline,descriptors,4,3,roc_auc,0.5
gbm_selective_class,grouped,Baseline,descriptors,4,3,pr_auc,0.046511627906976744
gbm_selective_class,grouped,Baseline,descriptors,4,3,balanced_accuracy,0.5
gbm_selective_class,grouped,Baseline,descriptors,4,3,mcc,0.0
gbm_selective_class,grouped,Baseline,descriptors,4,3,brier,0.04435602393955847
gbm_selective_class,grouped,Baseline,descriptors,4,4,roc_auc,0.5
gbm_selective_class,grouped,Baseline,descriptors,4,4,pr_auc,0.047058823529411764
gbm_selective_class,grouped,Baseline,descriptors,4,4,balanced_accuracy,0.5
gbm_selective_class,grouped,Baseline,descriptors,4,4,mcc,0.0
gbm_selective_class,grouped,Baseline,descriptors,4,4,brier,0.04485622196417777
gbm_selective_class,grouped,Linear (descriptors),descriptors,0,0,roc_auc,0.7134146341463415
gbm_selective_class,grouped,Linear (descriptors),descriptors,0,0,pr_auc,0.09318969350684218
gbm_selective_class,grouped,Linear (descriptors),descriptors,0,0,balanced_accuracy,0.6402439024390244
gbm_selective_class,grouped,Linear (descriptors),descriptors,0,0,mcc,0.13981827504641484
gbm_selective_class,grouped,Linear (descriptors),descriptors,0,0,brier,0.1922448541349479
gbm_selective_class,grouped,Linear (descriptors),descriptors,0,1,roc_auc,0.4146341463414634
gbm_selective_class,grouped,Linear (descriptors),descriptors,0,1,pr_auc,0.03908169533169533
gbm_selective_class,grouped,Linear (descriptors),descriptors,0,1,balanced_accuracy,0.32926829268292684
gbm_selective_class,grouped,Linear (descriptors),descriptors,0,1,mcc,-0.13405878809296715
gbm_selective_class,grouped,Linear (descriptors),descriptors,0,1,brier,0.23267633461972345
gbm_selective_class,grouped,Linear (descriptors),descriptors,0,2,roc_auc,0.8628048780487805
gbm_selective_class,grouped,Linear (descriptors),descriptors,0,2,pr_auc,0.4503391472868217
gbm_selective_class,grouped,Linear (descriptors),descriptors,0,2,balanced_accuracy,0.7225609756097561
gbm_selective_class,grouped,Linear (descriptors),descriptors,0,2,mcc,0.20004279849653575
gbm_selective_class,grouped,Linear (descriptors),descriptors,0,2,brier,0.22078384795710948
gbm_selective_class,grouped,Linear (descriptors),descriptors,0,3,roc_auc,0.8147590361445783
gbm_selective_class,grouped,Linear (descriptors),descriptors,0,3,pr_auc,0.3068181818181818
gbm_selective_class,grouped,Linear (descriptors),descriptors,0,3,balanced_accuracy,0.6656626506024097
gbm_selective_class,grouped,Linear (descriptors),descriptors,0,3,mcc,0.17911603941135568
gbm_selective_class,grouped,Linear (descriptors),descriptors,0,3,brier,0.17783112247128754
gbm_selective_class,grouped,Linear (descriptors),descriptors,0,4,roc_auc,0.5216049382716049
gbm_selective_class,grouped,Linear (descriptors),descriptors,0,4,pr_auc,0.2908375920886706
gbm_selective_class,grouped,Linear (descriptors),descriptors,0,4,balanced_accuracy,0.5324074074074074
gbm_selective_class,grouped,Linear (descriptors),descriptors,0,4,mcc,0.03511254048334935
gbm_selective_class,grouped,Linear (descriptors),descriptors,0,4,brier,0.18482875552238912
gbm_selective_class,grouped,Linear (descriptors),descriptors,1,0,roc_auc,0.5609756097560976
gbm_selective_class,grouped,Linear (descriptors),descriptors,1,0,pr_auc,0.30240471869328495
gbm_selective_class,grouped,Linear (descriptors),descriptors,1,0,balanced_accuracy,0.6280487804878049
gbm_selective_class,grouped,Linear (descriptors),descriptors,1,0,mcc,0.12360642245385291
gbm_selective_class,grouped,Linear (descriptors),descriptors,1,0,brier,0.19353801906837267
gbm_selective_class,grouped,Linear (descriptors),descriptors,1,1,roc_auc,0.8902439024390243
gbm_selective_class,grouped,Linear (descriptors),descriptors,1,1,pr_auc,0.4789272030651341
gbm_selective_class,grouped,Linear (descriptors),descriptors,1,1,balanced_accuracy,0.7052845528455285
gbm_selective_class,grouped,Linear (descriptors),descriptors,1,1,mcc,0.17052735561951338
gbm_selective_class,grouped,Linear (descriptors),descriptors,1,1,brier,0.214387204567338
gbm_selective_class,grouped,Linear (descriptors),descriptors,1,2,roc_auc,0.5731707317073171
gbm_selective_class,grouped,Linear (descriptors),descriptors,1,2,pr_auc,0.07856980304534922
gbm_selective_class,grouped,Linear (descriptors),descriptors,1,2,balanced_accuracy,0.5335365853658536
gbm_selective_class,grouped,Linear (descriptors),descriptors,1,2,mcc,0.03629750281770625
gbm_selective_class,grouped,Linear (descriptors),descriptors,1,2,brier,0.19141789871283502
gbm_selective_class,grouped,Linear (descriptors),descriptors,1,3,roc_auc,0.6234567901234568
gbm_selective_class,grouped,Linear (descriptors),descriptors,1,3,pr_auc,0.08044871794871795
gbm_selective_class,grouped,Linear (descriptors),descriptors,1,3,balanced_accuracy,0.5200617283950617
gbm_selective_class,grouped,Linear (descriptors),descriptors,1,3,mcc,0.02079683246769941
gbm_selective_class,grouped,Linear (descriptors),descriptors,1,3,brier,0.18538733813096728
gbm_selective_class,grouped,Linear (descriptors),descriptors,1,4,roc_auc,0.5496987951807228
gbm_selective_class,grouped,Linear (descriptors),descriptors,1,4,pr_auc,0.23129206906643254
gbm_selective_class,grouped,Linear (descriptors),descriptors,1,4,balanced_accuracy,0.6234939759036144
gbm_selective_class,grouped,Linear (descriptors),descriptors,1,4,mcc,0.11729808057531332
gbm_selective_class,grouped,Linear (descriptors),descriptors,1,4,brier,0.17554858136286283
gbm_selective_class,grouped,Linear (descriptors),descriptors,2,0,roc_auc,0.8201219512195121
gbm_selective_class,grouped,Linear (descriptors),descriptors,2,0,pr_auc,0.22880244755244755
gbm_selective_class,grouped,Linear (descriptors),descriptors,2,0,balanced_accuracy,0.6707317073170731
gbm_selective_class,grouped,Linear (descriptors),descriptors,2,0,mcc,0.18949872703630416
gbm_selective_class,grouped,Linear (descriptors),descriptors,2,0,brier,0.19216072390892378
gbm_selective_class,grouped,Linear (descriptors),descriptors,2,1,roc_auc,0.6524390243902439
gbm_selective_class,grouped,Linear (descriptors),descriptors,2,1,pr_auc,0.3626190476190476
gbm_selective_class,grouped,Linear (descriptors),descriptors,2,1,balanced_accuracy,0.5914634146341464
gbm_selective_class,grouped,Linear (descriptors),descriptors,2,1,mcc,0.08220936924515168
gbm_selective_class,grouped,Linear (descriptors),descriptors,2,1,brier,0.22579036034312305
gbm_selective_class,grouped,Linear (descriptors),descriptors,2,2,roc_auc,0.632716049382716
gbm_selective_class,grouped,Linear (descriptors),descriptors,2,2,pr_auc,0.14076648841354722
gbm_selective_class,grouped,Linear (descriptors),descriptors,2,2,balanced_accuracy,0.5200617283950617
gbm_selective_class,grouped,Linear (descriptors),descriptors,2,2,mcc,0.02079683246769941
gbm_selective_class,grouped,Linear (descriptors),descriptors,2,2,brier,0.18812984051843243
gbm_selective_class,grouped,Linear (descriptors),descriptors,2,3,roc_auc,0.588855421686747
gbm_selective_class,grouped,Linear (descriptors),descriptors,2,3,pr_auc,0.1325959365342927
gbm_selective_class,grouped,Linear (descriptors),descriptors,2,3,balanced_accuracy,0.5045180722891567
gbm_selective_class,grouped,Linear (descriptors),descriptors,2,3,mcc,0.004422528066447237
gbm_selective_class,grouped,Linear (descriptors),descriptors,2,3,brier,0.21555427829840193
gbm_selective_class,grouped,Linear (descriptors),descriptors,2,4,roc_auc,0.5772357723577236
gbm_selective_class,grouped,Linear (descriptors),descriptors,2,4,pr_auc,0.08427041499330655
gbm_selective_class,grouped,Linear (descriptors),descriptors,2,4,balanced_accuracy,0.741869918699187
gbm_selective_class,grouped,Linear (descriptors),descriptors,2,4,mcc,0.2231518495721684
gbm_selective_class,grouped,Linear (descriptors),descriptors,2,4,brier,0.15315074206981444
gbm_selective_class,grouped,Linear (descriptors),descriptors,3,0,roc_auc,0.6798780487804877
gbm_selective_class,grouped,Linear (descriptors),descriptors,3,0,pr_auc,0.3671171171171171
gbm_selective_class,grouped,Linear (descriptors),descriptors,3,0,balanced_accuracy,0.5731707317073171
gbm_selective_class,grouped,Linear (descriptors),descriptors,3,0,mcc,0.06418626781404149
gbm_selective_class,grouped,Linear (descriptors),descriptors,3,0,brier,0.24266100975530525
gbm_selective_class,grouped,Linear (descriptors),descriptors,3,1,roc_auc,0.5609756097560976
gbm_selective_class,grouped,Linear (descriptors),descriptors,3,1,pr_auc,0.08624338624338623
gbm_selective_class,grouped,Linear (descriptors),descriptors,3,1,balanced_accuracy,0.5630081300813008
gbm_selective_class,grouped,Linear (descriptors),descriptors,3,1,mcc,0.05691418043447434
gbm_selective_class,grouped,Linear (descriptors),descriptors,3,1,brier,0.19546837334891992
gbm_selective_class,grouped,Linear (descriptors),descriptors,3,2,roc_auc,0.9085365853658536
gbm_selective_class,grouped,Linear (descriptors),descriptors,3,2,pr_auc,0.5135416666666667
gbm_selective_class,grouped,Linear (descriptors),descriptors,3,2,balanced_accuracy,0.8475609756097561
gbm_selective_class,grouped,Linear (descriptors),descriptors,3,2,mcc,0.30964316531029873
gbm_selective_class,grouped,Linear (descriptors),descriptors,3,2,brier,0.21141266228068434
gbm_selective_class,grouped,Linear (descriptors),descriptors,3,3,roc_auc,0.7635542168674698
gbm_selective_class,grouped,Linear (descriptors),descriptors,3,3,pr_auc,0.11647727272727272
gbm_selective_class,grouped,Linear (descriptors),descriptors,3,3,balanced_accuracy,0.552710843373494
gbm_selective_class,grouped,Linear (descriptors),descriptors,3,3,mcc,0.0619314811188998
gbm_selective_class,grouped,Linear (descriptors),descriptors,3,3,brier,0.18846691930960335
gbm_selective_class,grouped,Linear (descriptors),descriptors,3,4,roc_auc,0.5432098765432098
gbm_selective_class,grouped,Linear (descriptors),descriptors,3,4,pr_auc,0.06281923140993606
gbm_selective_class,grouped,Linear (descriptors),descriptors,3,4,balanced_accuracy,0.43209876543209874
gbm_selective_class,grouped,Linear (descriptors),descriptors,3,4,mcc,-0.0856777334395622
gbm_selective_class,grouped,Linear (descriptors),descriptors,3,4,brier,0.16550439807361167
gbm_selective_class,grouped,Linear (descriptors),descriptors,4,0,roc_auc,0.5487804878048781
gbm_selective_class,grouped,Linear (descriptors),descriptors,4,0,pr_auc,0.11020359848484848
gbm_selective_class,grouped,Linear (descriptors),descriptors,4,0,balanced_accuracy,0.49085365853658536
gbm_selective_class,grouped,Linear (descriptors),descriptors,4,0,mcc,-0.008703223487645115
gbm_selective_class,grouped,Linear (descriptors),descriptors,4,0,brier,0.1977137775651664
gbm_selective_class,grouped,Linear (descriptors),descriptors,4,1,roc_auc,0.8659638554216869
gbm_selective_class,grouped,Linear (descriptors),descriptors,4,1,pr_auc,0.40405701754385964
gbm_selective_class,grouped,Linear (descriptors),descriptors,4,1,balanced_accuracy,0.7545180722891567
gbm_selective_class,grouped,Linear (descriptors),descriptors,4,1,mcc,0.24174848313692623
gbm_selective_class,grouped,Linear (descriptors),descriptors,4,1,brier,0.2093335861455523
gbm_selective_class,grouped,Linear (descriptors),descriptors,4,2,roc_auc,0.8495934959349595
gbm_selective_class,grouped,Linear (descriptors),descriptors,4,2,pr_auc,0.4148148148148148
gbm_selective_class,grouped,Linear (descriptors),descriptors,4,2,balanced_accuracy,0.7235772357723578
gbm_selective_class,grouped,Linear (descriptors),descriptors,4,2,mcc,0.19451516031467872
gbm_selective_class,grouped,Linear (descriptors),descriptors,4,2,brier,0.200360509243347
gbm_selective_class,grouped,Linear (descriptors),descriptors,4,3,roc_auc,0.6036585365853658
gbm_selective_class,grouped,Linear (descriptors),descriptors,4,3,pr_auc,0.10330478345184228
gbm_selective_class,grouped,Linear (descriptors),descriptors,4,3,balanced_accuracy,0.6280487804878049
gbm_selective_class,grouped,Linear (descriptors),descriptors,4,3,mcc,0.12360642245385291
gbm_selective_class,grouped,Linear (descriptors),descriptors,4,3,brier,0.19392069782970653
gbm_selective_class,grouped,Linear (descriptors),descriptors,4,4,roc_auc,0.6790123456790124
gbm_selective_class,grouped,Linear (descriptors),descriptors,4,4,pr_auc,0.11118983355825462
gbm_selective_class,grouped,Linear (descriptors),descriptors,4,4,balanced_accuracy,0.5200617283950617
gbm_selective_class,grouped,Linear (descriptors),descriptors,4,4,mcc,0.02079683246769941
gbm_selective_class,grouped,Linear (descriptors),descriptors,4,4,brier,0.20437431231501355
gbm_selective_class,grouped,KNN-Jaccard (morgan),morgan,0,0,roc_auc,0.8445121951219512
gbm_selective_class,grouped,KNN-Jaccard (morgan),morgan,0,0,pr_auc,0.25029761904761905
gbm_selective_class,grouped,KNN-Jaccard (morgan),morgan,0,0,balanced_accuracy,0.5
gbm_selective_class,grouped,KNN-Jaccard (morgan),morgan,0,0,mcc,0.0
gbm_selective_class,grouped,KNN-Jaccard (morgan),morgan,0,0,brier,0.040386891022609686
gbm_selective_class,grouped,KNN-Jaccard (morgan),morgan,0,1,roc_auc,0.6483739837398375
gbm_selective_class,grouped,KNN-Jaccard (morgan),morgan,0,1,pr_auc,0.3680865449628127
gbm_selective_class,grouped,KNN-Jaccard (morgan),morgan,0,1,balanced_accuracy,0.5
gbm_selective_class,grouped,KNN-Jaccard (morgan),morgan,0,1,mcc,0.0
gbm_selective_class,grouped,KNN-Jaccard (morgan),morgan,0,1,brier,0.03510213801094338
gbm_selective_class,grouped,KNN-Jaccard (morgan),morgan,0,2,roc_auc,0.7469512195121952
gbm_selective_class,grouped,KNN-Jaccard (morgan),morgan,0,2,pr_auc,0.23037790697674418
gbm_selective_class,grouped,KNN-Jaccard (morgan),morgan,0,2,balanced_accuracy,0.5
gbm_selective_class,grouped,KNN-Jaccard (morgan),morgan,0,2,mcc,0.0
gbm_selective_class,grouped,KNN-Jaccard (morgan),morgan,0,2,brier,0.04582709617711968
gbm_selective_class,grouped,KNN-Jaccard (morgan),morgan,0,3,roc_auc,0.697289156626506
gbm_selective_class,grouped,KNN-Jaccard (morgan),morgan,0,3,pr_auc,0.3100835945663532
gbm_selective_class,grouped,KNN-Jaccard (morgan),morgan,0,3,balanced_accuracy,0.5
gbm_selective_class,grouped,KNN-Jaccard (morgan),morgan,0,3,mcc,0.0
gbm_selective_class,grouped,KNN-Jaccard (morgan),morgan,0,3,brier,0.040477520526315064
gbm_selective_class,grouped,KNN-Jaccard (morgan),morgan,0,4,roc_auc,0.7638888888888888
gbm_selective_class,grouped,KNN-Jaccard (morgan),morgan,0,4,pr_auc,0.19256827731092435
gbm_selective_class,grouped,KNN-Jaccard (morgan),morgan,0,4,balanced_accuracy,0.5
gbm_selective_class,grouped,KNN-Jaccard (morgan),morgan,0,4,mcc,0.0
gbm_selective_class,grouped,KNN-Jaccard (morgan),morgan,0,4,brier,0.04188577475042273
gbm_selective_class,grouped,KNN-Jaccard (morgan),morgan,1,0,roc_auc,0.6189024390243902
gbm_selective_class,grouped,KNN-Jaccard (morgan),morgan,1,0,pr_auc,0.11171735241502684
gbm_selective_class,grouped,KNN-Jaccard (morgan),morgan,1,0,balanced_accuracy,0.5
gbm_selective_class,grouped,KNN-Jaccard (morgan),morgan,1,0,mcc,0.0
gbm_selective_class,grouped,KNN-Jaccard (morgan),morgan,1,0,brier,0.047375143904160436
gbm_selective_class,grouped,KNN-Jaccard (morgan),morgan,1,1,roc_auc,0.7459349593495935
gbm_selective_class,grouped,KNN-Jaccard (morgan),morgan,1,1,pr_auc,0.34509803921568627
gbm_selective_class,grouped,KNN-Jaccard (morgan),morgan,1,1,balanced_accuracy,0.5
gbm_selective_class,grouped,KNN-Jaccard (morgan),morgan,1,1,mcc,0.0
gbm_selective_class,grouped,KNN-Jaccard (morgan),morgan,1,1,brier,0.031534278674735405
gbm_selective_class,grouped,KNN-Jaccard (morgan),morgan,1,2,roc_auc,0.5198170731707317
gbm_selective_class,grouped,KNN-Jaccard (morgan),morgan,1,2,pr_auc,0.28488372093023256
gbm_selective_class,grouped,KNN-Jaccard (morgan),morgan,1,2,balanced_accuracy,0.5
gbm_selective_class,grouped,KNN-Jaccard (morgan),morgan,1,2,mcc,0.0
gbm_selective_class,grouped,KNN-Jaccard (morgan),morgan,1,2,brier,0.04473917575441994
gbm_selective_class,grouped,KNN-Jaccard (morgan),morgan,1,3,roc_auc,0.5787037037037037
gbm_selective_class,grouped,KNN-Jaccard (morgan),morgan,1,3,pr_auc,0.2852941176470588
gbm_selective_class,grouped,KNN-Jaccard (morgan),morgan,1,3,balanced_accuracy,0.5
gbm_selective_class,grouped,KNN-Jaccard (morgan),morgan,1,3,mcc,0.0
gbm_selective_class,grouped,KNN-Jaccard (morgan),morgan,1,3,brier,0.04291800236281395
gbm_selective_class,grouped,KNN-Jaccard (morgan),morgan,1,4,roc_auc,0.49999999999999994
gbm_selective_class,grouped,KNN-Jaccard (morgan),morgan,1,4,pr_auc,0.07685029436501262
gbm_selective_class,grouped,KNN-Jaccard (morgan),morgan,1,4,balanced_accuracy,0.5
gbm_selective_class,grouped,KNN-Jaccard (morgan),morgan,1,4,mcc,0.0
gbm_selective_class,grouped,KNN-Jaccard (morgan),morgan,1,4,brier,0.04538965809430508
gbm_selective_class,grouped,KNN-Jaccard (morgan),morgan,2,0,roc_auc,0.701219512195122
gbm_selective_class,grouped,KNN-Jaccard (morgan),morgan,2,0,pr_auc,0.20414127596070142
gbm_selective_class,grouped,KNN-Jaccard (morgan),morgan,2,0,balanced_accuracy,0.5
gbm_selective_class,grouped,KNN-Jaccard (morgan),morgan,2,0,mcc,0.0
gbm_selective_class,grouped,KNN-Jaccard (morgan),morgan,2,0,brier,0.04398906630749948
gbm_selective_class,grouped,KNN-Jaccard (morgan),morgan,2,1,roc_auc,0.9085365853658537
gbm_selective_class,grouped,KNN-Jaccard (morgan),morgan,2,1,pr_auc,0.3611111111111111
gbm_selective_class,grouped,KNN-Jaccard (morgan),morgan,2,1,balanced_accuracy,0.5
gbm_selective_class,grouped,KNN-Jaccard (morgan),morgan,2,1,mcc,0.0
gbm_selective_class,grouped,KNN-Jaccard (morgan),morgan,2,1,brier,0.038141539789938735
gbm_selective_class,grouped,KNN-Jaccard (morgan),morgan,2,2,roc_auc,0.4320987654320988
gbm_selective_class,grouped,KNN-Jaccard (morgan),morgan,2,2,pr_auc,0.047058823529411764
gbm_selective_class,grouped,KNN-Jaccard (morgan),morgan,2,2,balanced_accuracy,0.49382716049382713
gbm_selective_class,grouped,KNN-Jaccard (morgan),morgan,2,2,mcc,-0.024246432248443597
gbm_selective_class,grouped,KNN-Jaccard (morgan),morgan,2,2,brier,0.06541023272123746
gbm_selective_class,grouped,KNN-Jaccard (morgan),morgan,2,3,roc_auc,0.5632530120481927
gbm_selective_class,grouped,KNN-Jaccard (morgan),morgan,2,3,pr_auc,0.06999705275567344
gbm_selective_class,grouped,KNN-Jaccard (morgan),morgan,2,3,balanced_accuracy,0.5
gbm_selective_class,grouped,KNN-Jaccard (morgan),morgan,2,3,mcc,0.0
gbm_selective_class,grouped,KNN-Jaccard (morgan),morgan,2,3,brier,0.046223365298455964
gbm_selective_class,grouped,KNN-Jaccard (morgan),morgan,2,4,roc_auc,0.7581300813008129
gbm_selective_class,grouped,KNN-Jaccard (morgan),morgan,2,4,pr_auc,0.40065359477124185
gbm_selective_class,grouped,KNN-Jaccard (morgan),morgan,2,4,balanced_accuracy,0.5
gbm_selective_class,grouped,KNN-Jaccard (morgan),morgan,2,4,mcc,0.0
gbm_selective_class,grouped,KNN-Jaccard (morgan),morgan,2,4,brier,0.03018922358614219
gbm_selective_class,grouped,KNN-Jaccard (morgan),morgan,3,0,roc_auc,0.7484756097560976
gbm_selective_class,grouped,KNN-Jaccard (morgan),morgan,3,0,pr_auc,0.20448504983388702
gbm_selective_class,grouped,KNN-Jaccard (morgan),morgan,3,0,balanced_accuracy,0.5
gbm_selective_class,grouped,KNN-Jaccard (morgan),morgan,3,0,mcc,0.0
gbm_selective_class,grouped,KNN-Jaccard (morgan),morgan,3,0,brier,0.04278922266213623
gbm_selective_class,grouped,KNN-Jaccard (morgan),morgan,3,1,roc_auc,0.9634146341463414
gbm_selective_class,grouped,KNN-Jaccard (morgan),morgan,3,1,pr_auc,0.4206349206349206
gbm_selective_class,grouped,KNN-Jaccard (morgan),morgan,3,1,balanced_accuracy,0.5
gbm_selective_class,grouped,KNN-Jaccard (morgan),morgan,3,1,mcc,0.0
gbm_selective_class,grouped,KNN-Jaccard (morgan),morgan,3,1,brier,0.02916136477991367
gbm_selective_class,grouped,KNN-Jaccard (morgan),morgan,3,2,roc_auc,0.6920731707317074
gbm_selective_class,grouped,KNN-Jaccard (morgan),morgan,3,2,pr_auc,0.19371035940803383
gbm_selective_class,grouped,KNN-Jaccard (morgan),morgan,3,2,balanced_accuracy,0.49390243902439024
gbm_selective_class,grouped,KNN-Jaccard (morgan),morgan,3,2,mcc,-0.023955961509029327
gbm_selective_class,grouped,KNN-Jaccard (morgan),morgan,3,2,brier,0.05036160592793626
gbm_selective_class,grouped,KNN-Jaccard (morgan),morgan,3,3,roc_auc,0.6114457831325302
gbm_selective_class,grouped,KNN-Jaccard (morgan),morgan,3,3,pr_auc,0.1041573369159576
gbm_selective_class,grouped,KNN-Jaccard (morgan),morgan,3,3,balanced_accuracy,0.5
gbm_selective_class,grouped,KNN-Jaccard (morgan),morgan,3,3,mcc,0.0
gbm_selective_class,grouped,KNN-Jaccard (morgan),morgan,3,3,brier,0.044884550961459053
gbm_selective_class,grouped,KNN-Jaccard (morgan),morgan,3,4,roc_auc,0.7530864197530863
gbm_selective_class,grouped,KNN-Jaccard (morgan),morgan,3,4,pr_auc,0.37634803921568627
gbm_selective_class,grouped,KNN-Jaccard (morgan),morgan,3,4,balanced_accuracy,0.5
gbm_selective_class,grouped,KNN-Jaccard (morgan),morgan,3,4,mcc,0.0
gbm_selective_class,grouped,KNN-Jaccard (morgan),morgan,3,4,brier,0.03952842454073841
gbm_selective_class,grouped,KNN-Jaccard (morgan),morgan,4,0,roc_auc,0.7530487804878049
gbm_selective_class,grouped,KNN-Jaccard (morgan),morgan,4,0,pr_auc,0.3641558441558441
gbm_selective_class,grouped,KNN-Jaccard (morgan),morgan,4,0,balanced_accuracy,0.5
gbm_selective_class,grouped,KNN-Jaccard (morgan),morgan,4,0,mcc,0.0
gbm_selective_class,grouped,KNN-Jaccard (morgan),morgan,4,0,brier,0.040782222320048966
gbm_selective_class,grouped,KNN-Jaccard (morgan),morgan,4,1,roc_auc,0.6716867469879517
gbm_selective_class,grouped,KNN-Jaccard (morgan),morgan,4,1,pr_auc,0.16584564860426929
gbm_selective_class,grouped,KNN-Jaccard (morgan),morgan,4,1,balanced_accuracy,0.4939759036144578
gbm_selective_class,grouped,KNN-Jaccard (morgan),morgan,4,1,mcc,-0.023672369106623056
gbm_selective_class,grouped,KNN-Jaccard (morgan),morgan,4,1,brier,0.052726074399752555
gbm_selective_class,grouped,KNN-Jaccard (morgan),morgan,4,2,roc_auc,0.693089430894309
gbm_selective_class,grouped,KNN-Jaccard (morgan),morgan,4,2,pr_auc,0.13398692810457516
gbm_selective_class,grouped,KNN-Jaccard (morgan),morgan,4,2,balanced_accuracy,0.5
gbm_selective_class,grouped,KNN-Jaccard (morgan),morgan,4,2,mcc,0.0
gbm_selective_class,grouped,KNN-Jaccard (morgan),morgan,4,2,brier,0.03548011069375909
gbm_selective_class,grouped,KNN-Jaccard (morgan),morgan,4,3,roc_auc,0.6021341463414634
gbm_selective_class,grouped,KNN-Jaccard (morgan),morgan,4,3,pr_auc,0.28488372093023256
gbm_selective_class,grouped,KNN-Jaccard (morgan),morgan,4,3,balanced_accuracy,0.625
gbm_selective_class,grouped,KNN-Jaccard (morgan),morgan,4,3,mcc,0.49109721093510117
gbm_selective_class,grouped,KNN-Jaccard (morgan),morgan,4,3,brier,0.04202018534558042
gbm_selective_class,grouped,KNN-Jaccard (morgan),morgan,4,4,roc_auc,0.779320987654321
gbm_selective_class,grouped,KNN-Jaccard (morgan),morgan,4,4,pr_auc,0.2721813725490196
gbm_selective_class,grouped,KNN-Jaccard (morgan),morgan,4,4,balanced_accuracy,0.5
gbm_selective_class,grouped,KNN-Jaccard (morgan),morgan,4,4,mcc,0.0
gbm_selective_class,grouped,KNN-Jaccard (morgan),morgan,4,4,brier,0.04160962024719464
gbm_selective_class,grouped,Random Forest (descriptors),descriptors,0,0,roc_auc,0.7195121951219512
gbm_selective_class,grouped,Random Forest (descriptors),descriptors,0,0,pr_auc,0.13910119731015252
gbm_selective_class,grouped,Random Forest (descriptors),descriptors,0,0,balanced_accuracy,0.5
gbm_selective_class,grouped,Random Forest (descriptors),descriptors,0,0,mcc,0.0
gbm_selective_class,grouped,Random Forest (descriptors),descriptors,0,0,brier,0.04504165693415611
gbm_selective_class,grouped,Random Forest (descriptors),descriptors,0,1,roc_auc,0.30081300813008127
gbm_selective_class,grouped,Random Forest (descriptors),descriptors,0,1,pr_auc,0.034071665650613016
gbm_selective_class,grouped,Random Forest (descriptors),descriptors,0,1,balanced_accuracy,0.4817073170731707
gbm_selective_class,grouped,Random Forest (descriptors),descriptors,0,1,mcc,-0.036585365853658534
gbm_selective_class,grouped,Random Forest (descriptors),descriptors,0,1,brier,0.06431027010833427
gbm_selective_class,grouped,Random Forest (descriptors),descriptors,0,2,roc_auc,0.798780487804878
gbm_selective_class,grouped,Random Forest (descriptors),descriptors,0,2,pr_auc,0.38635019225081335
gbm_selective_class,grouped,Random Forest (descriptors),descriptors,0,2,balanced_accuracy,0.5
gbm_selective_class,grouped,Random Forest (descriptors),descriptors,0,2,mcc,0.0
gbm_selective_class,grouped,Random Forest (descriptors),descriptors,0,2,brier,0.04583462609981499
gbm_selective_class,grouped,Random Forest (descriptors),descriptors,0,3,roc_auc,0.7575301204819276
gbm_selective_class,grouped,Random Forest (descriptors),descriptors,0,3,pr_auc,0.12161246612466124
gbm_selective_class,grouped,Random Forest (descriptors),descriptors,0,3,balanced_accuracy,0.5
gbm_selective_class,grouped,Random Forest (descriptors),descriptors,0,3,mcc,0.0
gbm_selective_class,grouped,Random Forest (descriptors),descriptors,0,3,brier,0.043601543592950785
gbm_selective_class,grouped,Random Forest (descriptors),descriptors,0,4,roc_auc,0.49382716049382713
gbm_selective_class,grouped,Random Forest (descriptors),descriptors,0,4,pr_auc,0.2883721794728821
gbm_selective_class,grouped,Random Forest (descriptors),descriptors,0,4,balanced_accuracy,0.625
gbm_selective_class,grouped,Random Forest (descriptors),descriptors,0,4,mcc,0.49099025303098287
gbm_selective_class,grouped,Random Forest (descriptors),descriptors,0,4,brier,0.044785639122947994
gbm_selective_class,grouped,Random Forest (descriptors),descriptors,1,0,roc_auc,0.6661585365853658
gbm_selective_class,grouped,Random Forest (descriptors),descriptors,1,0,pr_auc,0.19028593172428787
gbm_selective_class,grouped,Random Forest (descriptors),descriptors,1,0,balanced_accuracy,0.5
gbm_selective_class,grouped,Random Forest (descriptors),descriptors,1,0,mcc,0.0
gbm_selective_class,grouped,Random Forest (descriptors),descriptors,1,0,brier,0.0437556940229079
gbm_selective_class,grouped,Random Forest (descriptors),descriptors,1,1,roc_auc,0.7967479674796748
gbm_selective_class,grouped,Random Forest (descriptors),descriptors,1,1,pr_auc,0.46367521367521364
gbm_selective_class,grouped,Random Forest (descriptors),descriptors,1,1,balanced_accuracy,0.8211382113821137
gbm_selective_class,grouped,Random Forest (descriptors),descriptors,1,1,mcc,0.5596506703555969
gbm_selective_class,grouped,Random Forest (descriptors),descriptors,1,1,brier,0.03683899805032893
gbm_selective_class,grouped,Random Forest (descriptors),descriptors,1,2,roc_auc,0.521341463414634
gbm_selective_class,grouped,Random Forest (descriptors),descriptors,1,2,pr_auc,0.058693632191754844
gbm_selective_class,grouped,Random Forest (descriptors),descriptors,1,2,balanced_accuracy,0.5
gbm_selective_class,grouped,Random Forest (descriptors),descriptors,1,2,mcc,0.0
gbm_selective_class,grouped,Random Forest (descriptors),descriptors,1,2,brier,0.053194919877335364
gbm_selective_class,grouped,Random Forest (descriptors),descriptors,1,3,roc_auc,0.5432098765432098
gbm_selective_class,grouped,Random Forest (descriptors),descriptors,1,3,pr_auc,0.06771475092413307
gbm_selective_class,grouped,Random Forest (descriptors),descriptors,1,3,balanced_accuracy,0.5
gbm_selective_class,grouped,Random Forest (descriptors),descriptors,1,3,mcc,0.0
gbm_selective_class,grouped,Random Forest (descriptors),descriptors,1,3,brier,0.05422250529049505
gbm_selective_class,grouped,Random Forest (descriptors),descriptors,1,4,roc_auc,0.6430722891566265
gbm_selective_class,grouped,Random Forest (descriptors),descriptors,1,4,pr_auc,0.09145066889632107
gbm_selective_class,grouped,Random Forest (descriptors),descriptors,1,4,balanced_accuracy,0.5
gbm_selective_class,grouped,Random Forest (descriptors),descriptors,1,4,mcc,0.0
gbm_selective_class,grouped,Random Forest (descriptors),descriptors,1,4,brier,0.046334569370933394
gbm_selective_class,grouped,Random Forest (descriptors),descriptors,2,0,roc_auc,0.8658536585365854
gbm_selective_class,grouped,Random Forest (descriptors),descriptors,2,0,pr_auc,0.24404761904761904
gbm_selective_class,grouped,Random Forest (descriptors),descriptors,2,0,balanced_accuracy,0.5
gbm_selective_class,grouped,Random Forest (descriptors),descriptors,2,0,mcc,0.0
gbm_selective_class,grouped,Random Forest (descriptors),descriptors,2,0,brier,0.04268839128536353
gbm_selective_class,grouped,Random Forest (descriptors),descriptors,2,1,roc_auc,0.7469512195121951
gbm_selective_class,grouped,Random Forest (descriptors),descriptors,2,1,pr_auc,0.3765124902419984
gbm_selective_class,grouped,Random Forest (descriptors),descriptors,2,1,balanced_accuracy,0.5
gbm_selective_class,grouped,Random Forest (descriptors),descriptors,2,1,mcc,0.0
gbm_selective_class,grouped,Random Forest (descriptors),descriptors,2,1,brier,0.04414078724134243
gbm_selective_class,grouped,Random Forest (descriptors),descriptors,2,2,roc_auc,0.39506172839506176
gbm_selective_class,grouped,Random Forest (descriptors),descriptors,2,2,pr_auc,0.05151273424213225
gbm_selective_class,grouped,Random Forest (descriptors),descriptors,2,2,balanced_accuracy,0.5
gbm_selective_class,grouped,Random Forest (descriptors),descriptors,2,2,mcc,0.0
gbm_selective_class,grouped,Random Forest (descriptors),descriptors,2,2,brier,0.06114471523342649
gbm_selective_class,grouped,Random Forest (descriptors),descriptors,2,3,roc_auc,0.4849397590361445
gbm_selective_class,grouped,Random Forest (descriptors),descriptors,2,3,pr_auc,0.12482758620689655
gbm_selective_class,grouped,Random Forest (descriptors),descriptors,2,3,balanced_accuracy,0.5
gbm_selective_class,grouped,Random Forest (descriptors),descriptors,2,3,mcc,0.0
gbm_selective_class,grouped,Random Forest (descriptors),descriptors,2,3,brier,0.04554675712499262
gbm_selective_class,grouped,Random Forest (descriptors),descriptors,2,4,roc_auc,0.6626016260162602
gbm_selective_class,grouped,Random Forest (descriptors),descriptors,2,4,pr_auc,0.06473785166240409
gbm_selective_class,grouped,Random Forest (descriptors),descriptors,2,4,balanced_accuracy,0.5
gbm_selective_class,grouped,Random Forest (descriptors),descriptors,2,4,mcc,0.0
gbm_selective_class,grouped,Random Forest (descriptors),descriptors,2,4,brier,0.044372639490707334
gbm_selective_class,grouped,Random Forest (descriptors),descriptors,3,0,roc_auc,0.7073170731707318
gbm_selective_class,grouped,Random Forest (descriptors),descriptors,3,0,pr_auc,0.28721033868092694
gbm_selective_class,grouped,Random Forest (descriptors),descriptors,3,0,balanced_accuracy,0.5
gbm_selective_class,grouped,Random Forest (descriptors),descriptors,3,0,mcc,0.0
gbm_selective_class,grouped,Random Forest (descriptors),descriptors,3,0,brier,0.05137782361167191
gbm_selective_class,grouped,Random Forest (descriptors),descriptors,3,1,roc_auc,0.540650406504065
gbm_selective_class,grouped,Random Forest (descriptors),descriptors,3,1,pr_auc,0.048864554120482545
gbm_selective_class,grouped,Random Forest (descriptors),descriptors,3,1,balanced_accuracy,0.5
gbm_selective_class,grouped,Random Forest (descriptors),descriptors,3,1,mcc,0.0
gbm_selective_class,grouped,Random Forest (descriptors),descriptors,3,1,brier,0.04613520947881106
gbm_selective_class,grouped,Random Forest (descriptors),descriptors,3,2,roc_auc,0.8871951219512195
gbm_selective_class,grouped,Random Forest (descriptors),descriptors,3,2,pr_auc,0.3996732026143791
gbm_selective_class,grouped,Random Forest (descriptors),descriptors,3,2,balanced_accuracy,0.625
gbm_selective_class,grouped,Random Forest (descriptors),descriptors,3,2,mcc,0.49109721093510117
gbm_selective_class,grouped,Random Forest (descriptors),descriptors,3,2,brier,0.042564272955572684
gbm_selective_class,grouped,Random Forest (descriptors),descriptors,3,3,roc_auc,0.536144578313253
gbm_selective_class,grouped,Random Forest (descriptors),descriptors,3,3,pr_auc,0.06993581131512167
gbm_selective_class,grouped,Random Forest (descriptors),descriptors,3,3,balanced_accuracy,0.4939759036144578
gbm_selective_class,grouped,Random Forest (descriptors),descriptors,3,3,mcc,-0.023672369106623056
gbm_selective_class,grouped,Random Forest (descriptors),descriptors,3,3,brier,0.056361711965092355
gbm_selective_class,grouped,Random Forest (descriptors),descriptors,3,4,roc_auc,0.3580246913580247
gbm_selective_class,grouped,Random Forest (descriptors),descriptors,3,4,pr_auc,0.047446524064171124
gbm_selective_class,grouped,Random Forest (descriptors),descriptors,3,4,balanced_accuracy,0.5
gbm_selective_class,grouped,Random Forest (descriptors),descriptors,3,4,mcc,0.0
gbm_selective_class,grouped,Random Forest (descriptors),descriptors,3,4,brier,0.04925835608675304
gbm_selective_class,grouped,Random Forest (descriptors),descriptors,4,0,roc_auc,0.5091463414634146
gbm_selective_class,grouped,Random Forest (descriptors),descriptors,4,0,pr_auc,0.09051109220600748
gbm_selective_class,grouped,Random Forest (descriptors),descriptors,4,0,balanced_accuracy,0.5
gbm_selective_class,grouped,Random Forest (descriptors),descriptors,4,0,mcc,0.0
gbm_selective_class,grouped,Random Forest (descriptors),descriptors,4,0,brier,0.054009859010710426
gbm_selective_class,grouped,Random Forest (descriptors),descriptors,4,1,roc_auc,0.802710843373494
gbm_selective_class,grouped,Random Forest (descriptors),descriptors,4,1,pr_auc,0.25434782608695655
gbm_selective_class,grouped,Random Forest (descriptors),descriptors,4,1,balanced_accuracy,0.5
gbm_selective_class,grouped,Random Forest (descriptors),descriptors,4,1,mcc,0.0
gbm_selective_class,grouped,Random Forest (descriptors),descriptors,4,1,brier,0.03913981609195402
gbm_selective_class,grouped,Random Forest (descriptors),descriptors,4,2,roc_auc,0.7113821138211381
gbm_selective_class,grouped,Random Forest (descriptors),descriptors,4,2,pr_auc,0.39166666666666666
gbm_selective_class,grouped,Random Forest (descriptors),descriptors,4,2,balanced_accuracy,0.6666666666666666
gbm_selective_class,grouped,Random Forest (descriptors),descriptors,4,2,mcc,0.5704356452719496
gbm_selective_class,grouped,Random Forest (descriptors),descriptors,4,2,brier,0.03413844278633053
gbm_selective_class,grouped,Random Forest (descriptors),descriptors,4,3,roc_auc,0.5213414634146342
gbm_selective_class,grouped,Random Forest (descriptors),descriptors,4,3,pr_auc,0.059768907563025206
gbm_selective_class,grouped,Random Forest (descriptors),descriptors,4,3,balanced_accuracy,0.5
gbm_selective_class,grouped,Random Forest (descriptors),descriptors,4,3,mcc,0.0
gbm_selective_class,grouped,Random Forest (descriptors),descriptors,4,3,brier,0.05566530139859128
gbm_selective_class,grouped,Random Forest (descriptors),descriptors,4,4,roc_auc,0.6913580246913581
gbm_selective_class,grouped,Random Forest (descriptors),descriptors,4,4,pr_auc,0.12350380450687737
gbm_selective_class,grouped,Random Forest (descriptors),descriptors,4,4,balanced_accuracy,0.5
gbm_selective_class,grouped,Random Forest (descriptors),descriptors,4,4,mcc,0.0
gbm_selective_class,grouped,Random Forest (descriptors),descriptors,4,4,brier,0.04595420375226964
gbm_selective_class,grouped,Random Forest (morgan),morgan,0,0,roc_auc,0.8414634146341463
gbm_selective_class,grouped,Random Forest (morgan),morgan,0,0,pr_auc,0.36565158978952084
gbm_selective_class,grouped,Random Forest (morgan),morgan,0,0,balanced_accuracy,0.5
gbm_selective_class,grouped,Random Forest (morgan),morgan,0,0,mcc,0.0
gbm_selective_class,grouped,Random Forest (morgan),morgan,0,0,brier,0.043288778540347204
gbm_selective_class,grouped,Random Forest (morgan),morgan,0,1,roc_auc,0.6910569105691057
gbm_selective_class,grouped,Random Forest (morgan),morgan,0,1,pr_auc,0.07183600713012478
gbm_selective_class,grouped,Random Forest (morgan),morgan,0,1,balanced_accuracy,0.5
gbm_selective_class,grouped,Random Forest (morgan),morgan,0,1,mcc,0.0
gbm_selective_class,grouped,Random Forest (morgan),morgan,0,1,brier,0.04669354183717913
gbm_selective_class,grouped,Random Forest (morgan),morgan,0,2,roc_auc,0.7957317073170731
gbm_selective_class,grouped,Random Forest (morgan),morgan,0,2,pr_auc,0.3903846153846154
gbm_selective_class,grouped,Random Forest (morgan),morgan,0,2,balanced_accuracy,0.49390243902439024
gbm_selective_class,grouped,Random Forest (morgan),morgan,0,2,mcc,-0.023955961509029327
gbm_selective_class,grouped,Random Forest (morgan),morgan,0,2,brier,0.037396156800514974
gbm_selective_class,grouped,Random Forest (morgan),morgan,0,3,roc_auc,0.8509036144578312
gbm_selective_class,grouped,Random Forest (morgan),morgan,0,3,pr_auc,0.4654891304347826
gbm_selective_class,grouped,Random Forest (morgan),morgan,0,3,balanced_accuracy,0.5
gbm_selective_class,grouped,Random Forest (morgan),morgan,0,3,mcc,0.0
gbm_selective_class,grouped,Random Forest (morgan),morgan,0,3,brier,0.04254769655634896
gbm_selective_class,grouped,Random Forest (morgan),morgan,0,4,roc_auc,0.861111111111111
gbm_selective_class,grouped,Random Forest (morgan),morgan,0,4,pr_auc,0.4198051948051948
gbm_selective_class,grouped,Random Forest (morgan),morgan,0,4,balanced_accuracy,0.5
gbm_selective_class,grouped,Random Forest (morgan),morgan,0,4,mcc,0.0
gbm_selective_class,grouped,Random Forest (morgan),morgan,0,4,brier,0.03781879356213221
gbm_selective_class,grouped,Random Forest (morgan),morgan,1,0,roc_auc,0.5914634146341463
gbm_selective_class,grouped,Random Forest (morgan),morgan,1,0,pr_auc,0.08322382393543591
gbm_selective_class,grouped,Random Forest (morgan),morgan,1,0,balanced_accuracy,0.49390243902439024
gbm_selective_class,grouped,Random Forest (morgan),morgan,1,0,mcc,-0.023955961509029327
gbm_selective_class,grouped,Random Forest (morgan),morgan,1,0,brier,0.05964635853924221
gbm_selective_class,grouped,Random Forest (morgan),morgan,1,1,roc_auc,0.8353658536585366
gbm_selective_class,grouped,Random Forest (morgan),morgan,1,1,pr_auc,0.35772357723577236
gbm_selective_class,grouped,Random Forest (morgan),morgan,1,1,balanced_accuracy,0.5
gbm_selective_class,grouped,Random Forest (morgan),morgan,1,1,mcc,0.0
gbm_selective_class,grouped,Random Forest (morgan),morgan,1,1,brier,0.031158022856247292
gbm_selective_class,grouped,Random Forest (morgan),morgan,1,2,roc_auc,0.649390243902439
gbm_selective_class,grouped,Random Forest (morgan),morgan,1,2,pr_auc,0.30765773128473356
gbm_selective_class,grouped,Random Forest (morgan),morgan,1,2,balanced_accuracy,0.5
gbm_selective_class,grouped,Random Forest (morgan),morgan,1,2,mcc,0.0
gbm_selective_class,grouped,Random Forest (morgan),morgan,1,2,brier,0.04934078492175488
gbm_selective_class,grouped,Random Forest (morgan),morgan,1,3,roc_auc,0.7407407407407408
gbm_selective_class,grouped,Random Forest (morgan),morgan,1,3,pr_auc,0.3734126984126984
gbm_selective_class,grouped,Random Forest (morgan),morgan,1,3,balanced_accuracy,0.5
gbm_selective_class,grouped,Random Forest (morgan),morgan,1,3,mcc,0.0
gbm_selective_class,grouped,Random Forest (morgan),morgan,1,3,brier,0.038939920852129196
gbm_selective_class,grouped,Random Forest (morgan),morgan,1,4,roc_auc,0.6551204819277108
gbm_selective_class,grouped,Random Forest (morgan),morgan,1,4,pr_auc,0.1644334292719326
gbm_selective_class,grouped,Random Forest (morgan),morgan,1,4,balanced_accuracy,0.5
gbm_selective_class,grouped,Random Forest (morgan),morgan,1,4,mcc,0.0
gbm_selective_class,grouped,Random Forest (morgan),morgan,1,4,brier,0.05084621253578129
gbm_selective_class,grouped,Random Forest (morgan),morgan,2,0,roc_auc,0.7713414634146342
gbm_selective_class,grouped,Random Forest (morgan),morgan,2,0,pr_auc,0.41946778711484595
gbm_selective_class,grouped,Random Forest (morgan),morgan,2,0,balanced_accuracy,0.5
gbm_selective_class,grouped,Random Forest (morgan),morgan,2,0,mcc,0.0
gbm_selective_class,grouped,Random Forest (morgan),morgan,2,0,brier,0.04773243461041561
gbm_selective_class,grouped,Random Forest (morgan),morgan,2,1,roc_auc,0.9298780487804877
gbm_selective_class,grouped,Random Forest (morgan),morgan,2,1,pr_auc,0.5142857142857142
gbm_selective_class,grouped,Random Forest (morgan),morgan,2,1,balanced_accuracy,0.5
gbm_selective_class,grouped,Random Forest (morgan),morgan,2,1,mcc,0.0
gbm_selective_class,grouped,Random Forest (morgan),morgan,2,1,brier,0.04623984323742874
gbm_selective_class,grouped,Random Forest (morgan),morgan,2,2,roc_auc,0.4305555555555556
gbm_selective_class,grouped,Random Forest (morgan),morgan,2,2,pr_auc,0.05326461456913524
gbm_selective_class,grouped,Random Forest (morgan),morgan,2,2,balanced_accuracy,0.5
gbm_selective_class,grouped,Random Forest (morgan),morgan,2,2,mcc,0.0
gbm_selective_class,grouped,Random Forest (morgan),morgan,2,2,brier,0.04923515063983302
gbm_selective_class,grouped,Random Forest (morgan),morgan,2,3,roc_auc,0.44728915662650603
gbm_selective_class,grouped,Random Forest (morgan),morgan,2,3,pr_auc,0.07119344571854966
gbm_selective_class,grouped,Random Forest (morgan),morgan,2,3,balanced_accuracy,0.5
gbm_selective_class,grouped,Random Forest (morgan),morgan,2,3,mcc,0.0
gbm_selective_class,grouped,Random Forest (morgan),morgan,2,3,brier,0.05276129550862242
gbm_selective_class,grouped,Random Forest (morgan),morgan,2,4,roc_auc,0.8821138211382114
gbm_selective_class,grouped,Random Forest (morgan),morgan,2,4,pr_auc,0.6979166666666666
gbm_selective_class,grouped,Random Forest (morgan),morgan,2,4,balanced_accuracy,0.5
gbm_selective_class,grouped,Random Forest (morgan),morgan,2,4,mcc,0.0
gbm_selective_class,grouped,Random Forest (morgan),morgan,2,4,brier,0.03419766147819286
gbm_selective_class,grouped,Random Forest (morgan),morgan,3,0,roc_auc,0.600609756097561
gbm_selective_class,grouped,Random Forest (morgan),morgan,3,0,pr_auc,0.09234001292824823
gbm_selective_class,grouped,Random Forest (morgan),morgan,3,0,balanced_accuracy,0.49390243902439024
gbm_selective_class,grouped,Random Forest (morgan),morgan,3,0,mcc,-0.023955961509029327
gbm_selective_class,grouped,Random Forest (morgan),morgan,3,0,brier,0.05499300037742157
gbm_selective_class,grouped,Random Forest (morgan),morgan,3,1,roc_auc,0.8861788617886178
gbm_selective_class,grouped,Random Forest (morgan),morgan,3,1,pr_auc,0.5888888888888888
gbm_selective_class,grouped,Random Forest (morgan),morgan,3,1,balanced_accuracy,0.5
gbm_selective_class,grouped,Random Forest (morgan),morgan,3,1,mcc,0.0
gbm_selective_class,grouped,Random Forest (morgan),morgan,3,1,brier,0.025951191715070637
gbm_selective_class,grouped,Random Forest (morgan),morgan,3,2,roc_auc,0.826219512195122
gbm_selective_class,grouped,Random Forest (morgan),morgan,3,2,pr_auc,0.35144704433497537
gbm_selective_class,grouped,Random Forest (morgan),morgan,3,2,balanced_accuracy,0.5
gbm_selective_class,grouped,Random Forest (morgan),morgan,3,2,mcc,0.0
gbm_selective_class,grouped,Random Forest (morgan),morgan,3,2,brier,0.038383530927258706
gbm_selective_class,grouped,Random Forest (morgan),morgan,3,3,roc_auc,0.6596385542168675
gbm_selective_class,grouped,Random Forest (morgan),morgan,3,3,pr_auc,0.08762487512487513
gbm_selective_class,grouped,Random Forest (morgan),morgan,3,3,balanced_accuracy,0.5
gbm_selective_class,grouped,Random Forest (morgan),morgan,3,3,mcc,0.0
gbm_selective_class,grouped,Random Forest (morgan),morgan,3,3,brier,0.04467504876171716
gbm_selective_class,grouped,Random Forest (morgan),morgan,3,4,roc_auc,0.654320987654321
gbm_selective_class,grouped,Random Forest (morgan),morgan,3,4,pr_auc,0.30818785578747626
gbm_selective_class,grouped,Random Forest (morgan),morgan,3,4,balanced_accuracy,0.5
gbm_selective_class,grouped,Random Forest (morgan),morgan,3,4,mcc,0.0
gbm_selective_class,grouped,Random Forest (morgan),morgan,3,4,brier,0.04480443027130362
gbm_selective_class,grouped,Random Forest (morgan),morgan,4,0,roc_auc,0.8323170731707318
gbm_selective_class,grouped,Random Forest (morgan),morgan,4,0,pr_auc,0.2561936936936937
gbm_selective_class,grouped,Random Forest (morgan),morgan,4,0,balanced_accuracy,0.49390243902439024
gbm_selective_class,grouped,Random Forest (morgan),morgan,4,0,mcc,-0.023955961509029327
gbm_selective_class,grouped,Random Forest (morgan),morgan,4,0,brier,0.05063457463611926
gbm_selective_class,grouped,Random Forest (morgan),morgan,4,1,roc_auc,0.7816265060240963
gbm_selective_class,grouped,Random Forest (morgan),morgan,4,1,pr_auc,0.2971938775510204
gbm_selective_class,grouped,Random Forest (morgan),morgan,4,1,balanced_accuracy,0.4939759036144578
gbm_selective_class,grouped,Random Forest (morgan),morgan,4,1,mcc,-0.023672369106623056
gbm_selective_class,grouped,Random Forest (morgan),morgan,4,1,brier,0.04896521563888517
gbm_selective_class,grouped,Random Forest (morgan),morgan,4,2,roc_auc,0.8841463414634146
gbm_selective_class,grouped,Random Forest (morgan),morgan,4,2,pr_auc,0.5011494252873563
gbm_selective_class,grouped,Random Forest (morgan),morgan,4,2,balanced_accuracy,0.5
gbm_selective_class,grouped,Random Forest (morgan),morgan,4,2,mcc,0.0
gbm_selective_class,grouped,Random Forest (morgan),morgan,4,2,brier,0.027471619937373487
gbm_selective_class,grouped,Random Forest (morgan),morgan,4,3,roc_auc,0.8475609756097561
gbm_selective_class,grouped,Random Forest (morgan),morgan,4,3,pr_auc,0.38446969696969696
gbm_selective_class,grouped,Random Forest (morgan),morgan,4,3,balanced_accuracy,0.5
gbm_selective_class,grouped,Random Forest (morgan),morgan,4,3,mcc,0.0
gbm_selective_class,grouped,Random Forest (morgan),morgan,4,3,brier,0.04272522507210772
gbm_selective_class,grouped,Random Forest (morgan),morgan,4,4,roc_auc,0.75
gbm_selective_class,grouped,Random Forest (morgan),morgan,4,4,pr_auc,0.4402412280701754
gbm_selective_class,grouped,Random Forest (morgan),morgan,4,4,balanced_accuracy,0.5
gbm_selective_class,grouped,Random Forest (morgan),morgan,4,4,mcc,0.0
gbm_selective_class,grouped,Random Forest (morgan),morgan,4,4,brier,0.03838565527701966
gbm_selective_class,grouped,XGBoost (descriptors),descriptors,0,0,roc_auc,0.6798780487804879
gbm_selective_class,grouped,XGBoost (descriptors),descriptors,0,0,pr_auc,0.10869937055281882
gbm_selective_class,grouped,XGBoost (descriptors),descriptors,0,0,balanced_accuracy,0.5
gbm_selective_class,grouped,XGBoost (descriptors),descriptors,0,0,mcc,0.0
gbm_selective_class,grouped,XGBoost (descriptors),descriptors,0,0,brier,0.04791552344329774
gbm_selective_class,grouped,XGBoost (descriptors),descriptors,0,1,roc_auc,0.3414634146341463
gbm_selective_class,grouped,XGBoost (descriptors),descriptors,0,1,pr_auc,0.034663935225831624
gbm_selective_class,grouped,XGBoost (descriptors),descriptors,0,1,balanced_accuracy,0.4878048780487805
gbm_selective_class,grouped,XGBoost (descriptors),descriptors,0,1,mcc,-0.029691330061333544
gbm_selective_class,grouped,XGBoost (descriptors),descriptors,0,1,brier,0.05589969618541478
gbm_selective_class,grouped,XGBoost (descriptors),descriptors,0,2,roc_auc,0.7225609756097561
gbm_selective_class,grouped,XGBoost (descriptors),descriptors,0,2,pr_auc,0.2903846153846154
gbm_selective_class,grouped,XGBoost (descriptors),descriptors,0,2,balanced_accuracy,0.7378048780487805
gbm_selective_class,grouped,XGBoost (descriptors),descriptors,0,2,mcc,0.47560975609756095
gbm_selective_class,grouped,XGBoost (descriptors),descriptors,0,2,brier,0.04809459627825819
gbm_selective_class,grouped,XGBoost (descriptors),descriptors,0,3,roc_auc,0.6430722891566265
gbm_selective_class,grouped,XGBoost (descriptors),descriptors,0,3,pr_auc,0.0776365663322185
gbm_selective_class,grouped,XGBoost (descriptors),descriptors,0,3,balanced_accuracy,0.4879518072289157
gbm_selective_class,grouped,XGBoost (descriptors),descriptors,0,3,mcc,-0.03367413777553309
gbm_selective_class,grouped,XGBoost (descriptors),descriptors,0,3,brier,0.053869511976826184
gbm_selective_class,grouped,XGBoost (descriptors),descriptors,0,4,roc_auc,0.5432098765432098
gbm_selective_class,grouped,XGBoost (descriptors),descriptors,0,4,pr_auc,0.2926048951048951
gbm_selective_class,grouped,XGBoost (descriptors),descriptors,0,4,balanced_accuracy,0.5
gbm_selective_class,grouped,XGBoost (descriptors),descriptors,0,4,mcc,0.0
gbm_selective_class,grouped,XGBoost (descriptors),descriptors,0,4,brier,0.04205675035441157
gbm_selective_class,grouped,XGBoost (descriptors),descriptors,1,0,roc_auc,0.5579268292682926
gbm_selective_class,grouped,XGBoost (descriptors),descriptors,1,0,pr_auc,0.10957994303299505
gbm_selective_class,grouped,XGBoost (descriptors),descriptors,1,0,balanced_accuracy,0.6067073170731707
gbm_selective_class,grouped,XGBoost (descriptors),descriptors,1,0,mcc,0.21341463414634146
gbm_selective_class,grouped,XGBoost (descriptors),descriptors,1,0,brier,0.0626607617403274
gbm_selective_class,grouped,XGBoost (descriptors),descriptors,1,1,roc_auc,0.7032520325203251
gbm_selective_class,grouped,XGBoost (descriptors),descriptors,1,1,pr_auc,0.45777777777777773
gbm_selective_class,grouped,XGBoost (descriptors),descriptors,1,1,balanced_accuracy,0.8211382113821137
gbm_selective_class,grouped,XGBoost (descriptors),descriptors,1,1,mcc,0.5596506703555969
gbm_selective_class,grouped,XGBoost (descriptors),descriptors,1,1,brier,0.03245264435252303
gbm_selective_class,grouped,XGBoost (descriptors),descriptors,1,2,roc_auc,0.4146341463414634
gbm_selective_class,grouped,XGBoost (descriptors),descriptors,1,2,pr_auc,0.04770566473814937
gbm_selective_class,grouped,XGBoost (descriptors),descriptors,1,2,balanced_accuracy,0.49390243902439024
gbm_selective_class,grouped,XGBoost (descriptors),descriptors,1,2,mcc,-0.023955961509029327
gbm_selective_class,grouped,XGBoost (descriptors),descriptors,1,2,brier,0.059313344478061976
gbm_selective_class,grouped,XGBoost (descriptors),descriptors,1,3,roc_auc,0.5709876543209876
gbm_selective_class,grouped,XGBoost (descriptors),descriptors,1,3,pr_auc,0.08612221112221112
gbm_selective_class,grouped,XGBoost (descriptors),descriptors,1,3,balanced_accuracy,0.4876543209876543
gbm_selective_class,grouped,XGBoost (descriptors),descriptors,1,3,mcc,-0.03449557892028146
gbm_selective_class,grouped,XGBoost (descriptors),descriptors,1,3,brier,0.058494107927301864
gbm_selective_class,grouped,XGBoost (descriptors),descriptors,1,4,roc_auc,0.34789156626506024
gbm_selective_class,grouped,XGBoost (descriptors),descriptors,1,4,pr_auc,0.04185040298077157
gbm_selective_class,grouped,XGBoost (descriptors),descriptors,1,4,balanced_accuracy,0.5
gbm_selective_class,grouped,XGBoost (descriptors),descriptors,1,4,mcc,0.0
gbm_selective_class,grouped,XGBoost (descriptors),descriptors,1,4,brier,0.04841931320598361
gbm_selective_class,grouped,XGBoost (descriptors),descriptors,2,0,roc_auc,0.7896341463414633
gbm_selective_class,grouped,XGBoost (descriptors),descriptors,2,0,pr_auc,0.13277335691128794
gbm_selective_class,grouped,XGBoost (descriptors),descriptors,2,0,balanced_accuracy,0.5
gbm_selective_class,grouped,XGBoost (descriptors),descriptors,2,0,mcc,0.0
gbm_selective_class,grouped,XGBoost (descriptors),descriptors,2,0,brier,0.04647545814650212
gbm_selective_class,grouped,XGBoost (descriptors),descriptors,2,1,roc_auc,0.7195121951219512
gbm_selective_class,grouped,XGBoost (descriptors),descriptors,2,1,pr_auc,0.3688684503901895
gbm_selective_class,grouped,XGBoost (descriptors),descriptors,2,1,balanced_accuracy,0.7378048780487805
gbm_selective_class,grouped,XGBoost (descriptors),descriptors,2,1,mcc,0.47560975609756095
gbm_selective_class,grouped,XGBoost (descriptors),descriptors,2,1,brier,0.04793661980140943
gbm_selective_class,grouped,XGBoost (descriptors),descriptors,2,2,roc_auc,0.39814814814814814
gbm_selective_class,grouped,XGBoost (descriptors),descriptors,2,2,pr_auc,0.04694702227596964
gbm_selective_class,grouped,XGBoost (descriptors),descriptors,2,2,balanced_accuracy,0.47530864197530864
gbm_selective_class,grouped,XGBoost (descriptors),descriptors,2,2,mcc,-0.04938271604938271
gbm_selective_class,grouped,XGBoost (descriptors),descriptors,2,2,brier,0.06730084936725272
gbm_selective_class,grouped,XGBoost (descriptors),descriptors,2,3,roc_auc,0.4954819277108434
gbm_selective_class,grouped,XGBoost (descriptors),descriptors,2,3,pr_auc,0.05980641072733217
gbm_selective_class,grouped,XGBoost (descriptors),descriptors,2,3,balanced_accuracy,0.4879518072289157
gbm_selective_class,grouped,XGBoost (descriptors),descriptors,2,3,mcc,-0.03367413777553309
gbm_selective_class,grouped,XGBoost (descriptors),descriptors,2,3,brier,0.062417959477526236
gbm_selective_class,grouped,XGBoost (descriptors),descriptors,2,4,roc_auc,0.6585365853658536
gbm_selective_class,grouped,XGBoost (descriptors),descriptors,2,4,pr_auc,0.06409961685823755
gbm_selective_class,grouped,XGBoost (descriptors),descriptors,2,4,balanced_accuracy,0.4878048780487805
gbm_selective_class,grouped,XGBoost (descriptors),descriptors,2,4,mcc,-0.029691330061333544
gbm_selective_class,grouped,XGBoost (descriptors),descriptors,2,4,brier,0.047456082452710616
gbm_selective_class,grouped,XGBoost (descriptors),descriptors,3,0,roc_auc,0.6798780487804877
gbm_selective_class,grouped,XGBoost (descriptors),descriptors,3,0,pr_auc,0.36530416101311625
gbm_selective_class,grouped,XGBoost (descriptors),descriptors,3,0,balanced_accuracy,0.725609756097561
gbm_selective_class,grouped,XGBoost (descriptors),descriptors,3,0,mcc,0.3729960003272992
gbm_selective_class,grouped,XGBoost (descriptors),descriptors,3,0,brier,0.059004898147576146
gbm_selective_class,grouped,XGBoost (descriptors),descriptors,3,1,roc_auc,0.4024390243902439
gbm_selective_class,grouped,XGBoost (descriptors),descriptors,3,1,pr_auc,0.039176829268292676
gbm_selective_class,grouped,XGBoost (descriptors),descriptors,3,1,balanced_accuracy,0.5
gbm_selective_class,grouped,XGBoost (descriptors),descriptors,3,1,mcc,0.0
gbm_selective_class,grouped,XGBoost (descriptors),descriptors,3,1,brier,0.040447691163228515
gbm_selective_class,grouped,XGBoost (descriptors),descriptors,3,2,roc_auc,0.8719512195121951
gbm_selective_class,grouped,XGBoost (descriptors),descriptors,3,2,pr_auc,0.19278381642512077
gbm_selective_class,grouped,XGBoost (descriptors),descriptors,3,2,balanced_accuracy,0.47560975609756095
gbm_selective_class,grouped,XGBoost (descriptors),descriptors,3,2,mcc,-0.04878048780487805
gbm_selective_class,grouped,XGBoost (descriptors),descriptors,3,2,brier,0.059769170856374454
gbm_selective_class,grouped,XGBoost (descriptors),descriptors,3,3,roc_auc,0.2575301204819277
gbm_selective_class,grouped,XGBoost (descriptors),descriptors,3,3,pr_auc,0.03687528868980482
gbm_selective_class,grouped,XGBoost (descriptors),descriptors,3,3,balanced_accuracy,0.4819277108433735
gbm_selective_class,grouped,XGBoost (descriptors),descriptors,3,3,mcc,-0.04148699068225112
gbm_selective_class,grouped,XGBoost (descriptors),descriptors,3,3,brier,0.06446360765269012
gbm_selective_class,grouped,XGBoost (descriptors),descriptors,3,4,roc_auc,0.31790123456790126
gbm_selective_class,grouped,XGBoost (descriptors),descriptors,3,4,pr_auc,0.042283266129032264
gbm_selective_class,grouped,XGBoost (descriptors),descriptors,3,4,balanced_accuracy,0.49382716049382713
gbm_selective_class,grouped,XGBoost (descriptors),descriptors,3,4,mcc,-0.024246432248443597
gbm_selective_class,grouped,XGBoost (descriptors),descriptors,3,4,brier,0.054613049682011874
gbm_selective_class,grouped,XGBoost (descriptors),descriptors,4,0,roc_auc,0.3932926829268293
gbm_selective_class,grouped,XGBoost (descriptors),descriptors,4,0,pr_auc,0.045667473280903405
gbm_selective_class,grouped,XGBoost (descriptors),descriptors,4,0,balanced_accuracy,0.49390243902439024
gbm_selective_class,grouped,XGBoost (descriptors),descriptors,4,0,mcc,-0.023955961509029327
gbm_selective_class,grouped,XGBoost (descriptors),descriptors,4,0,brier,0.057303582912004096
gbm_selective_class,grouped,XGBoost (descriptors),descriptors,4,1,roc_auc,0.8599397590361446
gbm_selective_class,grouped,XGBoost (descriptors),descriptors,4,1,pr_auc,0.40221878224974195
gbm_selective_class,grouped,XGBoost (descriptors),descriptors,4,1,balanced_accuracy,0.7319277108433735
gbm_selective_class,grouped,XGBoost (descriptors),descriptors,4,1,mcc,0.41740702174770655
gbm_selective_class,grouped,XGBoost (descriptors),descriptors,4,1,brier,0.040669851368693846
gbm_selective_class,grouped,XGBoost (descriptors),descriptors,4,2,roc_auc,0.6747967479674797
gbm_selective_class,grouped,XGBoost (descriptors),descriptors,4,2,pr_auc,0.10296376615162194
gbm_selective_class,grouped,XGBoost (descriptors),descriptors,4,2,balanced_accuracy,0.4878048780487805
gbm_selective_class,grouped,XGBoost (descriptors),descriptors,4,2,mcc,-0.029691330061333544
gbm_selective_class,grouped,XGBoost (descriptors),descriptors,4,2,brier,0.04316512003072942
gbm_selective_class,grouped,XGBoost (descriptors),descriptors,4,3,roc_auc,0.42073170731707316
gbm_selective_class,grouped,XGBoost (descriptors),descriptors,4,3,pr_auc,0.04754589052618609
gbm_selective_class,grouped,XGBoost (descriptors),descriptors,4,3,balanced_accuracy,0.47560975609756095
gbm_selective_class,grouped,XGBoost (descriptors),descriptors,4,3,mcc,-0.04878048780487805
gbm_selective_class,grouped,XGBoost (descriptors),descriptors,4,3,brier,0.0761917318897489
gbm_selective_class,grouped,XGBoost (descriptors),descriptors,4,4,roc_auc,0.5401234567901234
gbm_selective_class,grouped,XGBoost (descriptors),descriptors,4,4,pr_auc,0.06320658508158508
gbm_selective_class,grouped,XGBoost (descriptors),descriptors,4,4,balanced_accuracy,0.49382716049382713
gbm_selective_class,grouped,XGBoost (descriptors),descriptors,4,4,mcc,-0.024246432248443597
gbm_selective_class,grouped,XGBoost (descriptors),descriptors,4,4,brier,0.053058107802751525
gbm_selective_class,grouped,XGBoost (morgan),morgan,0,0,roc_auc,0.6158536585365854
gbm_selective_class,grouped,XGBoost (morgan),morgan,0,0,pr_auc,0.10545763760049474
gbm_selective_class,grouped,XGBoost (morgan),morgan,0,0,balanced_accuracy,0.5
gbm_selective_class,grouped,XGBoost (morgan),morgan,0,0,mcc,0.0
gbm_selective_class,grouped,XGBoost (morgan),morgan,0,0,brier,0.046908683463187315
gbm_selective_class,grouped,XGBoost (morgan),morgan,0,1,roc_auc,0.589430894308943
gbm_selective_class,grouped,XGBoost (morgan),morgan,0,1,pr_auc,0.058933125162633354
gbm_selective_class,grouped,XGBoost (morgan),morgan,0,1,balanced_accuracy,0.5
gbm_selective_class,grouped,XGBoost (morgan),morgan,0,1,mcc,0.0
gbm_selective_class,grouped,XGBoost (morgan),morgan,0,1,brier,0.03954383834729211
gbm_selective_class,grouped,XGBoost (morgan),morgan,0,2,roc_auc,0.7560975609756098
gbm_selective_class,grouped,XGBoost (morgan),morgan,0,2,pr_auc,0.3260135135135135
gbm_selective_class,grouped,XGBoost (morgan),morgan,0,2,balanced_accuracy,0.6189024390243902
gbm_selective_class,grouped,XGBoost (morgan),morgan,0,2,mcc,0.33227911108811103
gbm_selective_class,grouped,XGBoost (morgan),morgan,0,2,brier,0.04500320461994242
gbm_selective_class,grouped,XGBoost (morgan),morgan,0,3,roc_auc,0.7876506024096386
gbm_selective_class,grouped,XGBoost (morgan),morgan,0,3,pr_auc,0.3726851851851852
gbm_selective_class,grouped,XGBoost (morgan),morgan,0,3,balanced_accuracy,0.6129518072289157
gbm_selective_class,grouped,XGBoost (morgan),morgan,0,3,mcc,0.25929369176406947
gbm_selective_class,grouped,XGBoost (morgan),morgan,0,3,brier,0.04833058518882182
gbm_selective_class,grouped,XGBoost (morgan),morgan,0,4,roc_auc,0.7160493827160493
gbm_selective_class,grouped,XGBoost (morgan),morgan,0,4,pr_auc,0.4024606971975393
gbm_selective_class,grouped,XGBoost (morgan),morgan,0,4,balanced_accuracy,0.6188271604938271
gbm_selective_class,grouped,XGBoost (morgan),morgan,0,4,mcc,0.3320199471077091
gbm_selective_class,grouped,XGBoost (morgan),morgan,0,4,brier,0.047629617442788756
gbm_selective_class,grouped,XGBoost (morgan),morgan,1,0,roc_auc,0.5975609756097562
gbm_selective_class,grouped,XGBoost (morgan),morgan,1,0,pr_auc,0.06824954264002252
gbm_selective_class,grouped,XGBoost (morgan),morgan,1,0,balanced_accuracy,0.4817073170731707
gbm_selective_class,grouped,XGBoost (morgan),morgan,1,0,mcc,-0.041989881657633885
gbm_selective_class,grouped,XGBoost (morgan),morgan,1,0,brier,0.0743464092867404
gbm_selective_class,grouped,XGBoost (morgan),morgan,1,1,roc_auc,0.7642276422764227
gbm_selective_class,grouped,XGBoost (morgan),morgan,1,1,pr_auc,0.1349206349206349
gbm_selective_class,grouped,XGBoost (morgan),morgan,1,1,balanced_accuracy,0.5
gbm_selective_class,grouped,XGBoost (morgan),morgan,1,1,mcc,0.0
gbm_selective_class,grouped,XGBoost (morgan),morgan,1,1,brier,0.0381850979621031
gbm_selective_class,grouped,XGBoost (morgan),morgan,1,2,roc_auc,0.5975609756097561
gbm_selective_class,grouped,XGBoost (morgan),morgan,1,2,pr_auc,0.2969945597977943
gbm_selective_class,grouped,XGBoost (morgan),morgan,1,2,balanced_accuracy,0.625
gbm_selective_class,grouped,XGBoost (morgan),morgan,1,2,mcc,0.49109721093510117
gbm_selective_class,grouped,XGBoost (morgan),morgan,1,2,brier,0.03637600971332095
gbm_selective_class,grouped,XGBoost (morgan),morgan,1,3,roc_auc,0.7716049382716049
gbm_selective_class,grouped,XGBoost (morgan),morgan,1,3,pr_auc,0.33131578947368423
gbm_selective_class,grouped,XGBoost (morgan),morgan,1,3,balanced_accuracy,0.6188271604938271
gbm_selective_class,grouped,XGBoost (morgan),morgan,1,3,mcc,0.3320199471077091
gbm_selective_class,grouped,XGBoost (morgan),morgan,1,3,brier,0.04062365416577275
gbm_selective_class,grouped,XGBoost (morgan),morgan,1,4,roc_auc,0.4774096385542168
gbm_selective_class,grouped,XGBoost (morgan),morgan,1,4,pr_auc,0.054854410178357696
gbm_selective_class,grouped,XGBoost (morgan),morgan,1,4,balanced_accuracy,0.5
gbm_selective_class,grouped,XGBoost (morgan),morgan,1,4,mcc,0.0
gbm_selective_class,grouped,XGBoost (morgan),morgan,1,4,brier,0.046438840197870465
gbm_selective_class,grouped,XGBoost (morgan),morgan,2,0,roc_auc,0.7164634146341463
gbm_selective_class,grouped,XGBoost (morgan),morgan,2,0,pr_auc,0.32710772833723656
gbm_selective_class,grouped,XGBoost (morgan),morgan,2,0,balanced_accuracy,0.5
gbm_selective_class,grouped,XGBoost (morgan),morgan,2,0,mcc,0.0
gbm_selective_class,grouped,XGBoost (morgan),morgan,2,0,brier,0.04011512783823607
gbm_selective_class,grouped,XGBoost (morgan),morgan,2,1,roc_auc,0.7652439024390244
gbm_selective_class,grouped,XGBoost (morgan),morgan,2,1,pr_auc,0.21460763520678686
gbm_selective_class,grouped,XGBoost (morgan),morgan,2,1,balanced_accuracy,0.6128048780487805
gbm_selective_class,grouped,XGBoost (morgan),morgan,2,1,mcc,0.25893760355540896
gbm_selective_class,grouped,XGBoost (morgan),morgan,2,1,brier,0.0550828344203646
gbm_selective_class,grouped,XGBoost (morgan),morgan,2,2,roc_auc,0.6018518518518519
gbm_selective_class,grouped,XGBoost (morgan),morgan,2,2,pr_auc,0.07262712777418659
gbm_selective_class,grouped,XGBoost (morgan),morgan,2,2,balanced_accuracy,0.48148148148148145
gbm_selective_class,grouped,XGBoost (morgan),morgan,2,2,mcc,-0.04250511420422255
gbm_selective_class,grouped,XGBoost (morgan),morgan,2,2,brier,0.061489596899150234
gbm_selective_class,grouped,XGBoost (morgan),morgan,2,3,roc_auc,0.5587349397590361
gbm_selective_class,grouped,XGBoost (morgan),morgan,2,3,pr_auc,0.06770072278467801
gbm_selective_class,grouped,XGBoost (morgan),morgan,2,3,balanced_accuracy,0.4939759036144578
gbm_selective_class,grouped,XGBoost (morgan),morgan,2,3,mcc,-0.023672369106623056
gbm_selective_class,grouped,XGBoost (morgan),morgan,2,3,brier,0.05504880728758238
gbm_selective_class,grouped,XGBoost (morgan),morgan,2,4,roc_auc,0.8658536585365854
gbm_selective_class,grouped,XGBoost (morgan),morgan,2,4,pr_auc,0.6944444444444444
gbm_selective_class,grouped,XGBoost (morgan),morgan,2,4,balanced_accuracy,0.8333333333333333
gbm_selective_class,grouped,XGBoost (morgan),morgan,2,4,mcc,0.8115630216764502
gbm_selective_class,grouped,XGBoost (morgan),morgan,2,4,brier,0.017119671400546734
gbm_selective_class,grouped,XGBoost (morgan),morgan,3,0,roc_auc,0.5731707317073171
gbm_selective_class,grouped,XGBoost (morgan),morgan,3,0,pr_auc,0.08093432389207036
gbm_selective_class,grouped,XGBoost (morgan),morgan,3,0,balanced_accuracy,0.49390243902439024
gbm_selective_class,grouped,XGBoost (morgan),morgan,3,0,mcc,-0.023955961509029327
gbm_selective_class,grouped,XGBoost (morgan),morgan,3,0,brier,0.06691435177828274
gbm_selective_class,grouped,XGBoost (morgan),morgan,3,1,roc_auc,0.8130081300813008
gbm_selective_class,grouped,XGBoost (morgan),morgan,3,1,pr_auc,0.35507246376811596
gbm_selective_class,grouped,XGBoost (morgan),morgan,3,1,balanced_accuracy,0.8211382113821137
gbm_selective_class,grouped,XGBoost (morgan),morgan,3,1,mcc,0.5596506703555969
gbm_selective_class,grouped,XGBoost (morgan),morgan,3,1,brier,0.033474119130764125
gbm_selective_class,grouped,XGBoost (morgan),morgan,3,2,roc_auc,0.7621951219512195
gbm_selective_class,grouped,XGBoost (morgan),morgan,3,2,pr_auc,0.12081043956043958
gbm_selective_class,grouped,XGBoost (morgan),morgan,3,2,balanced_accuracy,0.49390243902439024
gbm_selective_class,grouped,XGBoost (morgan),morgan,3,2,mcc,-0.023955961509029327
gbm_selective_class,grouped,XGBoost (morgan),morgan,3,2,brier,0.053480992287277825
gbm_selective_class,grouped,XGBoost (morgan),morgan,3,3,roc_auc,0.5677710843373494
gbm_selective_class,grouped,XGBoost (morgan),morgan,3,3,pr_auc,0.06569517439082656
gbm_selective_class,grouped,XGBoost (morgan),morgan,3,3,balanced_accuracy,0.5
gbm_selective_class,grouped,XGBoost (morgan),morgan,3,3,mcc,0.0
gbm_selective_class,grouped,XGBoost (morgan),morgan,3,3,brier,0.047097322510032354
gbm_selective_class,grouped,XGBoost (morgan),morgan,3,4,roc_auc,0.6481481481481483
gbm_selective_class,grouped,XGBoost (morgan),morgan,3,4,pr_auc,0.3459915611814346
gbm_selective_class,grouped,XGBoost (morgan),morgan,3,4,balanced_accuracy,0.625
gbm_selective_class,grouped,XGBoost (morgan),morgan,3,4,mcc,0.49099025303098287
gbm_selective_class,grouped,XGBoost (morgan),morgan,3,4,brier,0.03692037303064472
gbm_selective_class,grouped,XGBoost (morgan),morgan,4,0,roc_auc,0.9024390243902439
gbm_selective_class,grouped,XGBoost (morgan),morgan,4,0,pr_auc,0.41197038255861784
gbm_selective_class,grouped,XGBoost (morgan),morgan,4,0,balanced_accuracy,0.6189024390243902
gbm_selective_class,grouped,XGBoost (morgan),morgan,4,0,mcc,0.33227911108811103
gbm_selective_class,grouped,XGBoost (morgan),morgan,4,0,brier,0.04040336343820181
gbm_selective_class,grouped,XGBoost (morgan),morgan,4,1,roc_auc,0.7213855421686747
gbm_selective_class,grouped,XGBoost (morgan),morgan,4,1,pr_auc,0.18112244897959182
gbm_selective_class,grouped,XGBoost (morgan),morgan,4,1,balanced_accuracy,0.4939759036144578
gbm_selective_class,grouped,XGBoost (morgan),morgan,4,1,mcc,-0.023672369106623056
gbm_selective_class,grouped,XGBoost (morgan),morgan,4,1,brier,0.05551107325622591
gbm_selective_class,grouped,XGBoost (morgan),morgan,4,2,roc_auc,0.6869918699186992
gbm_selective_class,grouped,XGBoost (morgan),morgan,4,2,pr_auc,0.23573573573573572
gbm_selective_class,grouped,XGBoost (morgan),morgan,4,2,balanced_accuracy,0.49390243902439024
gbm_selective_class,grouped,XGBoost (morgan),morgan,4,2,mcc,-0.020869596778242055
gbm_selective_class,grouped,XGBoost (morgan),morgan,4,2,brier,0.03865729171819618
gbm_selective_class,grouped,XGBoost (morgan),morgan,4,3,roc_auc,0.728658536585366
gbm_selective_class,grouped,XGBoost (morgan),morgan,4,3,pr_auc,0.38752345215759854
gbm_selective_class,grouped,XGBoost (morgan),morgan,4,3,balanced_accuracy,0.6189024390243902
gbm_selective_class,grouped,XGBoost (morgan),morgan,4,3,mcc,0.33227911108811103
gbm_selective_class,grouped,XGBoost (morgan),morgan,4,3,brier,0.03884162213956132
gbm_selective_class,grouped,XGBoost (morgan),morgan,4,4,roc_auc,0.712962962962963
gbm_selective_class,grouped,XGBoost (morgan),morgan,4,4,pr_auc,0.34276912345966054
gbm_selective_class,grouped,XGBoost (morgan),morgan,4,4,balanced_accuracy,0.625
gbm_selective_class,grouped,XGBoost (morgan),morgan,4,4,mcc,0.49099025303098287
gbm_selective_class,grouped,XGBoost (morgan),morgan,4,4,brier,0.03643752536143068
gbm_selective_class,grouped,SVM (descriptors),descriptors,0,0,roc_auc,0.7926829268292683
gbm_selective_class,grouped,SVM (descriptors),descriptors,0,0,pr_auc,0.12654495558907325
gbm_selective_class,grouped,SVM (descriptors),descriptors,0,0,balanced_accuracy,0.4573170731707317
gbm_selective_class,grouped,SVM (descriptors),descriptors,0,0,mcc,-0.06574436633073362
gbm_selective_class,grouped,SVM (descriptors),descriptors,0,0,brier,0.12924191366861448
gbm_selective_class,grouped,SVM (descriptors),descriptors,0,1,roc_auc,0.34552845528455284
gbm_selective_class,grouped,SVM (descriptors),descriptors,0,1,pr_auc,0.034763491005996
gbm_selective_class,grouped,SVM (descriptors),descriptors,0,1,balanced_accuracy,0.40853658536585363
gbm_selective_class,grouped,SVM (descriptors),descriptors,0,1,mcc,-0.0885422004151433
gbm_selective_class,grouped,SVM (descriptors),descriptors,0,1,brier,0.18414292021985026
gbm_selective_class,grouped,SVM (descriptors),descriptors,0,2,roc_auc,0.5945121951219512
gbm_selective_class,grouped,SVM (descriptors),descriptors,0,2,pr_auc,0.10237358101135191
gbm_selective_class,grouped,SVM (descriptors),descriptors,0,2,balanced_accuracy,0.5060975609756098
gbm_selective_class,grouped,SVM (descriptors),descriptors,0,2,mcc,0.005137739567142586
gbm_selective_class,grouped,SVM (descriptors),descriptors,0,2,brier,0.26008223280938786
gbm_selective_class,grouped,SVM (descriptors),descriptors,0,3,roc_auc,0.8117469879518072
gbm_selective_class,grouped,SVM (descriptors),descriptors,0,3,pr_auc,0.23686974789915966
gbm_selective_class,grouped,SVM (descriptors),descriptors,0,3,balanced_accuracy,0.6129518072289157
gbm_selective_class,grouped,SVM (descriptors),descriptors,0,3,mcc,0.25929369176406947
gbm_selective_class,grouped,SVM (descriptors),descriptors,0,3,brier,0.12635251311741874
gbm_selective_class,grouped,SVM (descriptors),descriptors,0,4,roc_auc,0.5092592592592593
gbm_selective_class,grouped,SVM (descriptors),descriptors,0,4,pr_auc,0.16506880216557634
gbm_selective_class,grouped,SVM (descriptors),descriptors,0,4,balanced_accuracy,0.5509259259259259
gbm_selective_class,grouped,SVM (descriptors),descriptors,0,4,mcc,0.05992437462555623
gbm_selective_class,grouped,SVM (descriptors),descriptors,0,4,brier,0.17054991912472203
gbm_selective_class,grouped,SVM (descriptors),descriptors,1,0,roc_auc,0.600609756097561
gbm_selective_class,grouped,SVM (descriptors),descriptors,1,0,pr_auc,0.19479330193615907
gbm_selective_class,grouped,SVM (descriptors),descriptors,1,0,balanced_accuracy,0.6524390243902439
gbm_selective_class,grouped,SVM (descriptors),descriptors,1,0,mcc,0.1578237539747021
gbm_selective_class,grouped,SVM (descriptors),descriptors,1,0,brier,0.17304767010138042
gbm_selective_class,grouped,SVM (descriptors),descriptors,1,1,roc_auc,0.4227642276422764
gbm_selective_class,grouped,SVM (descriptors),descriptors,1,1,pr_auc,0.0446969696969697
gbm_selective_class,grouped,SVM (descriptors),descriptors,1,1,balanced_accuracy,0.4268292682926829
gbm_selective_class,grouped,SVM (descriptors),descriptors,1,1,mcc,-0.07755019499051667
gbm_selective_class,grouped,SVM (descriptors),descriptors,1,1,brier,0.12376887918308062
gbm_selective_class,grouped,SVM (descriptors),descriptors,1,2,roc_auc,0.5792682926829268
gbm_selective_class,grouped,SVM (descriptors),descriptors,1,2,pr_auc,0.09010932570254604
gbm_selective_class,grouped,SVM (descriptors),descriptors,1,2,balanced_accuracy,0.4817073170731707
gbm_selective_class,grouped,SVM (descriptors),descriptors,1,2,mcc,-0.041989881657633885
gbm_selective_class,grouped,SVM (descriptors),descriptors,1,2,brier,0.13876671288632625
gbm_selective_class,grouped,SVM (descriptors),descriptors,1,3,roc_auc,0.6141975308641976
gbm_selective_class,grouped,SVM (descriptors),descriptors,1,3,pr_auc,0.08055833055833056
gbm_selective_class,grouped,SVM (descriptors),descriptors,1,3,balanced_accuracy,0.4444444444444444
gbm_selective_class,grouped,SVM (descriptors),descriptors,1,3,mcc,-0.07647191129018725
gbm_selective_class,grouped,SVM (descriptors),descriptors,1,3,brier,0.15287984406645125
gbm_selective_class,grouped,SVM (descriptors),descriptors,1,4,roc_auc,0.34789156626506024
gbm_selective_class,grouped,SVM (descriptors),descriptors,1,4,pr_auc,0.0428527005820986
gbm_selective_class,grouped,SVM (descriptors),descriptors,1,4,balanced_accuracy,0.46987951807228917
gbm_selective_class,grouped,SVM (descriptors),descriptors,1,4,mcc,-0.05420870412307877
gbm_selective_class,grouped,SVM (descriptors),descriptors,1,4,brier,0.09853084232498328
gbm_selective_class,grouped,SVM (descriptors),descriptors,2,0,roc_auc,0.8780487804878049
gbm_selective_class,grouped,SVM (descriptors),descriptors,2,0,pr_auc,0.26750423489553926
gbm_selective_class,grouped,SVM (descriptors),descriptors,2,0,balanced_accuracy,0.6128048780487805
gbm_selective_class,grouped,SVM (descriptors),descriptors,2,0,mcc,0.25893760355540896
gbm_selective_class,grouped,SVM (descriptors),descriptors,2,0,brier,0.11666771117339955
gbm_selective_class,grouped,SVM (descriptors),descriptors,2,1,roc_auc,0.5121951219512195
gbm_selective_class,grouped,SVM (descriptors),descriptors,2,1,pr_auc,0.0654929887997178
gbm_selective_class,grouped,SVM (descriptors),descriptors,2,1,balanced_accuracy,0.5487804878048781
gbm_selective_class,grouped,SVM (descriptors),descriptors,2,1,mcc,0.041820955032600166
gbm_selective_class,grouped,SVM (descriptors),descriptors,2,1,brier,0.24450087485876953
gbm_selective_class,grouped,SVM (descriptors),descriptors,2,2,roc_auc,0.5895061728395061
gbm_selective_class,grouped,SVM (descriptors),descriptors,2,2,pr_auc,0.0857048474781033
gbm_selective_class,grouped,SVM (descriptors),descriptors,2,2,balanced_accuracy,0.4691358024691358
gbm_selective_class,grouped,SVM (descriptors),descriptors,2,2,mcc,-0.05555555555555555
gbm_selective_class,grouped,SVM (descriptors),descriptors,2,2,brier,0.14421877962271473
gbm_selective_class,grouped,SVM (descriptors),descriptors,2,3,roc_auc,0.588855421686747
gbm_selective_class,grouped,SVM (descriptors),descriptors,2,3,pr_auc,0.09630434782608696
gbm_selective_class,grouped,SVM (descriptors),descriptors,2,3,balanced_accuracy,0.5406626506024097
gbm_selective_class,grouped,SVM (descriptors),descriptors,2,3,mcc,0.04509027090316138
gbm_selective_class,grouped,SVM (descriptors),descriptors,2,3,brier,0.18235841010375675
gbm_selective_class,grouped,SVM (descriptors),descriptors,2,4,roc_auc,0.7154471544715447
gbm_selective_class,grouped,SVM (descriptors),descriptors,2,4,pr_auc,0.16208791208791207
gbm_selective_class,grouped,SVM (descriptors),descriptors,2,4,balanced_accuracy,0.6483739837398373
gbm_selective_class,grouped,SVM (descriptors),descriptors,2,4,mcc,0.2585727780756872
gbm_selective_class,grouped,SVM (descriptors),descriptors,2,4,brier,0.12460968434754684
gbm_selective_class,grouped,SVM (descriptors),descriptors,3,0,roc_auc,0.38414634146341464
gbm_selective_class,grouped,SVM (descriptors),descriptors,3,0,pr_auc,0.04959383272374563
gbm_selective_class,grouped,SVM (descriptors),descriptors,3,0,balanced_accuracy,0.25609756097560976
gbm_selective_class,grouped,SVM (descriptors),descriptors,3,0,mcc,-0.20595585809221997
gbm_selective_class,grouped,SVM (descriptors),descriptors,3,0,brier,0.2638204265165292
gbm_selective_class,grouped,SVM (descriptors),descriptors,3,1,roc_auc,0.5934959349593496
gbm_selective_class,grouped,SVM (descriptors),descriptors,3,1,pr_auc,0.09972677595628415
gbm_selective_class,grouped,SVM (descriptors),descriptors,3,1,balanced_accuracy,0.5813008130081301
gbm_selective_class,grouped,SVM (descriptors),descriptors,3,1,mcc,0.07870417814679403
gbm_selective_class,grouped,SVM (descriptors),descriptors,3,1,brier,0.17223760008243238
gbm_selective_class,grouped,SVM (descriptors),descriptors,3,2,roc_auc,0.3079268292682927
gbm_selective_class,grouped,SVM (descriptors),descriptors,3,2,pr_auc,0.042119220008885364
gbm_selective_class,grouped,SVM (descriptors),descriptors,3,2,balanced_accuracy,0.4268292682926829
gbm_selective_class,grouped,SVM (descriptors),descriptors,3,2,mcc,-0.08894014489399042
gbm_selective_class,grouped,SVM (descriptors),descriptors,3,2,brier,0.14707882910294998
gbm_selective_class,grouped,SVM (descriptors),descriptors,3,3,roc_auc,0.697289156626506
gbm_selective_class,grouped,SVM (descriptors),descriptors,3,3,pr_auc,0.09376293995859214
gbm_selective_class,grouped,SVM (descriptors),descriptors,3,3,balanced_accuracy,0.46987951807228917
gbm_selective_class,grouped,SVM (descriptors),descriptors,3,3,mcc,-0.05420870412307877
gbm_selective_class,grouped,SVM (descriptors),descriptors,3,3,brier,0.1346882623741177
gbm_selective_class,grouped,SVM (descriptors),descriptors,3,4,roc_auc,0.4969135802469136
gbm_selective_class,grouped,SVM (descriptors),descriptors,3,4,pr_auc,0.059547152194211014
gbm_selective_class,grouped,SVM (descriptors),descriptors,3,4,balanced_accuracy,0.4691358024691358
gbm_selective_class,grouped,SVM (descriptors),descriptors,3,4,mcc,-0.05555555555555555
gbm_selective_class,grouped,SVM (descriptors),descriptors,3,4,brier,0.1438668183083065
gbm_selective_class,grouped,SVM (descriptors),descriptors,4,0,roc_auc,0.524390243902439
gbm_selective_class,grouped,SVM (descriptors),descriptors,4,0,pr_auc,0.08310276679841898
gbm_selective_class,grouped,SVM (descriptors),descriptors,4,0,balanced_accuracy,0.5091463414634146
gbm_selective_class,grouped,SVM (descriptors),descriptors,4,0,mcc,0.009118583155200968
gbm_selective_class,grouped,SVM (descriptors),descriptors,4,0,brier,0.17982679977907237
gbm_selective_class,grouped,SVM (descriptors),descriptors,4,1,roc_auc,0.7966867469879518
gbm_selective_class,grouped,SVM (descriptors),descriptors,4,1,pr_auc,0.1363123993558776
gbm_selective_class,grouped,SVM (descriptors),descriptors,4,1,balanced_accuracy,0.6475903614457832
gbm_selective_class,grouped,SVM (descriptors),descriptors,4,1,mcc,0.14963244659437502
gbm_selective_class,grouped,SVM (descriptors),descriptors,4,1,brier,0.17232282822054246
gbm_selective_class,grouped,SVM (descriptors),descriptors,4,2,roc_auc,0.8455284552845528
gbm_selective_class,grouped,SVM (descriptors),descriptors,4,2,pr_auc,0.18966547192353644
gbm_selective_class,grouped,SVM (descriptors),descriptors,4,2,balanced_accuracy,0.7601626016260162
gbm_selective_class,grouped,SVM (descriptors),descriptors,4,2,mcc,0.25885062855570246
gbm_selective_class,grouped,SVM (descriptors),descriptors,4,2,brier,0.16784629574543183
gbm_selective_class,grouped,SVM (descriptors),descriptors,4,3,roc_auc,0.5762195121951219
gbm_selective_class,grouped,SVM (descriptors),descriptors,4,3,pr_auc,0.0999142453591606
gbm_selective_class,grouped,SVM (descriptors),descriptors,4,3,balanced_accuracy,0.4634146341463415
gbm_selective_class,grouped,SVM (descriptors),descriptors,4,3,mcc,-0.060485837890913385
gbm_selective_class,grouped,SVM (descriptors),descriptors,4,3,brier,0.14823568542850046
gbm_selective_class,grouped,SVM (descriptors),descriptors,4,4,roc_auc,0.7222222222222222
gbm_selective_class,grouped,SVM (descriptors),descriptors,4,4,pr_auc,0.12222222222222222
gbm_selective_class,grouped,SVM (descriptors),descriptors,4,4,balanced_accuracy,0.5941358024691358
gbm_selective_class,grouped,SVM (descriptors),descriptors,4,4,mcc,0.15565682190362304
gbm_selective_class,grouped,SVM (descriptors),descriptors,4,4,brier,0.14630547317476467
gbm_selective_class,grouped,MLP (descriptors),descriptors,0,0,roc_auc,0.676829268292683
gbm_selective_class,grouped,MLP (descriptors),descriptors,0,0,pr_auc,0.14273323575649158
gbm_selective_class,grouped,MLP (descriptors),descriptors,0,0,balanced_accuracy,0.4878048780487805
gbm_selective_class,grouped,MLP (descriptors),descriptors,0,0,mcc,-0.03407990882954985
gbm_selective_class,grouped,MLP (descriptors),descriptors,0,0,brier,0.12505429408912552
gbm_selective_class,grouped,MLP (descriptors),descriptors,0,1,roc_auc,0.6382113821138211
gbm_selective_class,grouped,MLP (descriptors),descriptors,0,1,pr_auc,0.372950064492353
gbm_selective_class,grouped,MLP (descriptors),descriptors,0,1,balanced_accuracy,0.5
gbm_selective_class,grouped,MLP (descriptors),descriptors,0,1,mcc,0.0
gbm_selective_class,grouped,MLP (descriptors),descriptors,0,1,brier,0.12526002240330275
gbm_selective_class,grouped,MLP (descriptors),descriptors,0,2,roc_auc,0.19817073170731708
gbm_selective_class,grouped,MLP (descriptors),descriptors,0,2,pr_auc,0.0377516122728161
gbm_selective_class,grouped,MLP (descriptors),descriptors,0,2,balanced_accuracy,0.4878048780487805
gbm_selective_class,grouped,MLP (descriptors),descriptors,0,2,mcc,-0.03407990882954985
gbm_selective_class,grouped,MLP (descriptors),descriptors,0,2,brier,0.15743879944054706
gbm_selective_class,grouped,MLP (descriptors),descriptors,0,3,roc_auc,0.4864457831325301
gbm_selective_class,grouped,MLP (descriptors),descriptors,0,3,pr_auc,0.05312574151087133
gbm_selective_class,grouped,MLP (descriptors),descriptors,0,3,balanced_accuracy,0.5
gbm_selective_class,grouped,MLP (descriptors),descriptors,0,3,mcc,0.0
gbm_selective_class,grouped,MLP (descriptors),descriptors,0,3,brier,0.12553717712429838
gbm_selective_class,grouped,MLP (descriptors),descriptors,0,4,roc_auc,0.537037037037037
gbm_selective_class,grouped,MLP (descriptors),descriptors,0,4,pr_auc,0.0942971300982935
gbm_selective_class,grouped,MLP (descriptors),descriptors,0,4,balanced_accuracy,0.5
gbm_selective_class,grouped,MLP (descriptors),descriptors,0,4,mcc,0.0
gbm_selective_class,grouped,MLP (descriptors),descriptors,0,4,brier,0.10878577984854038
gbm_selective_class,grouped,MLP (descriptors),descriptors,1,0,roc_auc,0.3628048780487805
gbm_selective_class,grouped,MLP (descriptors),descriptors,1,0,pr_auc,0.04375587816501421
gbm_selective_class,grouped,MLP (descriptors),descriptors,1,0,balanced_accuracy,0.5
gbm_selective_class,grouped,MLP (descriptors),descriptors,1,0,mcc,0.0
gbm_selective_class,grouped,MLP (descriptors),descriptors,1,0,brier,0.13585500802411457
gbm_selective_class,grouped,MLP (descriptors),descriptors,1,1,roc_auc,0.3211382113821138
gbm_selective_class,grouped,MLP (descriptors),descriptors,1,1,pr_auc,0.09019607843137255
gbm_selective_class,grouped,MLP (descriptors),descriptors,1,1,balanced_accuracy,0.5
gbm_selective_class,grouped,MLP (descriptors),descriptors,1,1,mcc,0.0
gbm_selective_class,grouped,MLP (descriptors),descriptors,1,1,brier,0.10635879738267687
gbm_selective_class,grouped,MLP (descriptors),descriptors,1,2,roc_auc,0.4664634146341463
gbm_selective_class,grouped,MLP (descriptors),descriptors,1,2,pr_auc,0.05158013242425265
gbm_selective_class,grouped,MLP (descriptors),descriptors,1,2,balanced_accuracy,0.4695121951219512
gbm_selective_class,grouped,MLP (descriptors),descriptors,1,2,mcc,-0.05487386648053275
gbm_selective_class,grouped,MLP (descriptors),descriptors,1,2,brier,0.1395535884196559
gbm_selective_class,grouped,MLP (descriptors),descriptors,1,3,roc_auc,0.6728395061728395
gbm_selective_class,grouped,MLP (descriptors),descriptors,1,3,pr_auc,0.33497615262321145
gbm_selective_class,grouped,MLP (descriptors),descriptors,1,3,balanced_accuracy,0.5
gbm_selective_class,grouped,MLP (descriptors),descriptors,1,3,mcc,0.0
gbm_selective_class,grouped,MLP (descriptors),descriptors,1,3,brier,0.10481673901113486
gbm_selective_class,grouped,MLP (descriptors),descriptors,1,4,roc_auc,0.42018072289156627
gbm_selective_class,grouped,MLP (descriptors),descriptors,1,4,pr_auc,0.04674416005074374
gbm_selective_class,grouped,MLP (descriptors),descriptors,1,4,balanced_accuracy,0.4939759036144578
gbm_selective_class,grouped,MLP (descriptors),descriptors,1,4,mcc,-0.023672369106623056
gbm_selective_class,grouped,MLP (descriptors),descriptors,1,4,brier,0.13024761107820276
gbm_selective_class,grouped,MLP (descriptors),descriptors,2,0,roc_auc,0.46341463414634143
gbm_selective_class,grouped,MLP (descriptors),descriptors,2,0,pr_auc,0.05137061403508772
gbm_selective_class,grouped,MLP (descriptors),descriptors,2,0,balanced_accuracy,0.5
gbm_selective_class,grouped,MLP (descriptors),descriptors,2,0,mcc,0.0
gbm_selective_class,grouped,MLP (descriptors),descriptors,2,0,brier,0.10506658092776508
gbm_selective_class,grouped,MLP (descriptors),descriptors,2,1,roc_auc,0.17378048780487806
gbm_selective_class,grouped,MLP (descriptors),descriptors,2,1,pr_auc,0.03653808253236712
gbm_selective_class,grouped,MLP (descriptors),descriptors,2,1,balanced_accuracy,0.49390243902439024
gbm_selective_class,grouped,MLP (descriptors),descriptors,2,1,mcc,-0.023955961509029327
gbm_selective_class,grouped,MLP (descriptors),descriptors,2,1,brier,0.14097039474002915
gbm_selective_class,grouped,MLP (descriptors),descriptors,2,2,roc_auc,0.7746913580246914
gbm_selective_class,grouped,MLP (descriptors),descriptors,2,2,pr_auc,0.2355030721966206
gbm_selective_class,grouped,MLP (descriptors),descriptors,2,2,balanced_accuracy,0.5
gbm_selective_class,grouped,MLP (descriptors),descriptors,2,2,mcc,0.0
gbm_selective_class,grouped,MLP (descriptors),descriptors,2,2,brier,0.11708045742460065
gbm_selective_class,grouped,MLP (descriptors),descriptors,2,3,roc_auc,0.4743975903614458
gbm_selective_class,grouped,MLP (descriptors),descriptors,2,3,pr_auc,0.09948854908532329
gbm_selective_class,grouped,MLP (descriptors),descriptors,2,3,balanced_accuracy,0.4939759036144578
gbm_selective_class,grouped,MLP (descriptors),descriptors,2,3,mcc,-0.023672369106623056
gbm_selective_class,grouped,MLP (descriptors),descriptors,2,3,brier,0.13951733361032323
gbm_selective_class,grouped,MLP (descriptors),descriptors,2,4,roc_auc,0.5447154471544715
gbm_selective_class,grouped,MLP (descriptors),descriptors,2,4,pr_auc,0.050557700557700556
gbm_selective_class,grouped,MLP (descriptors),descriptors,2,4,balanced_accuracy,0.5
gbm_selective_class,grouped,MLP (descriptors),descriptors,2,4,mcc,0.0
gbm_selective_class,grouped,MLP (descriptors),descriptors,2,4,brier,0.10809186994499949
gbm_selective_class,grouped,MLP (descriptors),descriptors,3,0,roc_auc,0.3628048780487805
gbm_selective_class,grouped,MLP (descriptors),descriptors,3,0,pr_auc,0.05301771871539313
gbm_selective_class,grouped,MLP (descriptors),descriptors,3,0,balanced_accuracy,0.4146341463414634
gbm_selective_class,grouped,MLP (descriptors),descriptors,3,0,mcc,-0.09739145163179626
gbm_selective_class,grouped,MLP (descriptors),descriptors,3,0,brier,0.1833439237603453
gbm_selective_class,grouped,MLP (descriptors),descriptors,3,1,roc_auc,0.33739837398373984
gbm_selective_class,grouped,MLP (descriptors),descriptors,3,1,pr_auc,0.03444899817850637
gbm_selective_class,grouped,MLP (descriptors),descriptors,3,1,balanced_accuracy,0.5
gbm_selective_class,grouped,MLP (descriptors),descriptors,3,1,mcc,0.0
gbm_selective_class,grouped,MLP (descriptors),descriptors,3,1,brier,0.12129300132427628
gbm_selective_class,grouped,MLP (descriptors),descriptors,3,2,roc_auc,0.3292682926829268
gbm_selective_class,grouped,MLP (descriptors),descriptors,3,2,pr_auc,0.04120612765204523
gbm_selective_class,grouped,MLP (descriptors),descriptors,3,2,balanced_accuracy,0.4634146341463415
gbm_selective_class,grouped,MLP (descriptors),descriptors,3,2,mcc,-0.060485837890913385
gbm_selective_class,grouped,MLP (descriptors),descriptors,3,2,brier,0.15347391384747286
gbm_selective_class,grouped,MLP (descriptors),descriptors,3,3,roc_auc,0.7605421686746987
gbm_selective_class,grouped,MLP (descriptors),descriptors,3,3,pr_auc,0.20121527777777778
gbm_selective_class,grouped,MLP (descriptors),descriptors,3,3,balanced_accuracy,0.5
gbm_selective_class,grouped,MLP (descriptors),descriptors,3,3,mcc,0.0
gbm_selective_class,grouped,MLP (descriptors),descriptors,3,3,brier,0.10097583228523879
gbm_selective_class,grouped,MLP (descriptors),descriptors,3,4,roc_auc,0.6666666666666667
gbm_selective_class,grouped,MLP (descriptors),descriptors,3,4,pr_auc,0.12192750752072784
gbm_selective_class,grouped,MLP (descriptors),descriptors,3,4,balanced_accuracy,0.49382716049382713
gbm_selective_class,grouped,MLP (descriptors),descriptors,3,4,mcc,-0.024246432248443597
gbm_selective_class,grouped,MLP (descriptors),descriptors,3,4,brier,0.11737020188703985
gbm_selective_class,grouped,MLP (descriptors),descriptors,4,0,roc_auc,0.44512195121951226
gbm_selective_class,grouped,MLP (descriptors),descriptors,4,0,pr_auc,0.06437735404896422
gbm_selective_class,grouped,MLP (descriptors),descriptors,4,0,balanced_accuracy,0.5
gbm_selective_class,grouped,MLP (descriptors),descriptors,4,0,mcc,0.0
gbm_selective_class,grouped,MLP (descriptors),descriptors,4,0,brier,0.1234733418084075
gbm_selective_class,grouped,MLP (descriptors),descriptors,4,1,roc_auc,0.3237951807228916
gbm_selective_class,grouped,MLP (descriptors),descriptors,4,1,pr_auc,0.04647335423197492
gbm_selective_class,grouped,MLP (descriptors),descriptors,4,1,balanced_accuracy,0.5
gbm_selective_class,grouped,MLP (descriptors),descriptors,4,1,mcc,0.0
gbm_selective_class,grouped,MLP (descriptors),descriptors,4,1,brier,0.11226405581621586
gbm_selective_class,grouped,MLP (descriptors),descriptors,4,2,roc_auc,0.5447154471544715
gbm_selective_class,grouped,MLP (descriptors),descriptors,4,2,pr_auc,0.11244310363078226
gbm_selective_class,grouped,MLP (descriptors),descriptors,4,2,balanced_accuracy,0.49390243902439024
gbm_selective_class,grouped,MLP (descriptors),descriptors,4,2,mcc,-0.020869596778242055
gbm_selective_class,grouped,MLP (descriptors),descriptors,4,2,brier,0.11133782557937036
gbm_selective_class,grouped,MLP (descriptors),descriptors,4,3,roc_auc,0.5518292682926829
gbm_selective_class,grouped,MLP (descriptors),descriptors,4,3,pr_auc,0.06184994941872103
gbm_selective_class,grouped,MLP (descriptors),descriptors,4,3,balanced_accuracy,0.5
gbm_selective_class,grouped,MLP (descriptors),descriptors,4,3,mcc,0.0
gbm_selective_class,grouped,MLP (descriptors),descriptors,4,3,brier,0.1274443841070107
gbm_selective_class,grouped,MLP (descriptors),descriptors,4,4,roc_auc,0.5339506172839507
gbm_selective_class,grouped,MLP (descriptors),descriptors,4,4,pr_auc,0.16738445378151262
gbm_selective_class,grouped,MLP (descriptors),descriptors,4,4,balanced_accuracy,0.49382716049382713
gbm_selective_class,grouped,MLP (descriptors),descriptors,4,4,mcc,-0.024246432248443597
gbm_selective_class,grouped,MLP (descriptors),descriptors,4,4,brier,0.13310360211086925
gbm_selective_class,grouped,Linear (pathway one-hot),pathway,0,0,roc_auc,0.5091463414634145
gbm_selective_class,grouped,Linear (pathway one-hot),pathway,0,0,pr_auc,0.10144086394086393
gbm_selective_class,grouped,Linear (pathway one-hot),pathway,0,0,balanced_accuracy,0.49085365853658536
gbm_selective_class,grouped,Linear (pathway one-hot),pathway,0,0,mcc,-0.008703223487645115
gbm_selective_class,grouped,Linear (pathway one-hot),pathway,0,0,brier,0.2085660681697903
gbm_selective_class,grouped,Linear (pathway one-hot),pathway,0,1,roc_auc,0.684959349593496
gbm_selective_class,grouped,Linear (pathway one-hot),pathway,0,1,pr_auc,0.4562091503267974
gbm_selective_class,grouped,Linear (pathway one-hot),pathway,0,1,balanced_accuracy,0.6443089430894309
gbm_selective_class,grouped,Linear (pathway one-hot),pathway,0,1,mcc,0.10927785291069315
gbm_selective_class,grouped,Linear (pathway one-hot),pathway,0,1,brier,0.20908473737024288
gbm_selective_class,grouped,Linear (pathway one-hot),pathway,0,2,roc_auc,0.09146341463414634
gbm_selective_class,grouped,Linear (pathway one-hot),pathway,0,2,pr_auc,0.03658914728682171
gbm_selective_class,grouped,Linear (pathway one-hot),pathway,0,2,balanced_accuracy,0.34146341463414637
gbm_selective_class,grouped,Linear (pathway one-hot),pathway,0,2,mcc,-0.14538985997006057
gbm_selective_class,grouped,Linear (pathway one-hot),pathway,0,2,brier,0.21507379423602666
gbm_selective_class,grouped,Linear (pathway one-hot),pathway,0,3,roc_auc,0.4864457831325301
gbm_selective_class,grouped,Linear (pathway one-hot),pathway,0,3,pr_auc,0.0685766789174741
gbm_selective_class,grouped,Linear (pathway one-hot),pathway,0,3,balanced_accuracy,0.5737951807228916
gbm_selective_class,grouped,Linear (pathway one-hot),pathway,0,3,mcc,0.06335044134725498
gbm_selective_class,grouped,Linear (pathway one-hot),pathway,0,3,brier,0.2702452039069739
gbm_selective_class,grouped,Linear (pathway one-hot),pathway,0,4,roc_auc,0.6466049382716049
gbm_selective_class,grouped,Linear (pathway one-hot),pathway,0,4,pr_auc,0.08929529184058951
gbm_selective_class,grouped,Linear (pathway one-hot),pathway,0,4,balanced_accuracy,0.6388888888888888
gbm_selective_class,grouped,Linear (pathway one-hot),pathway,0,4,mcc,0.1386750490563073
gbm_selective_class,grouped,Linear (pathway one-hot),pathway,0,4,brier,0.19467479568319068
gbm_selective_class,grouped,Linear (pathway one-hot),pathway,1,0,roc_auc,0.5929878048780488
gbm_selective_class,grouped,Linear (pathway one-hot),pathway,1,0,pr_auc,0.10535973460501763
gbm_selective_class,grouped,Linear (pathway one-hot),pathway,1,0,balanced_accuracy,0.5548780487804879
gbm_selective_class,grouped,Linear (pathway one-hot),pathway,1,0,mcc,0.04727422834133556
gbm_selective_class,grouped,Linear (pathway one-hot),pathway,1,0,brier,0.21139469881708467
gbm_selective_class,grouped,Linear (pathway one-hot),pathway,1,1,roc_auc,0.23373983739837398
gbm_selective_class,grouped,Linear (pathway one-hot),pathway,1,1,pr_auc,0.03305322128851541
gbm_selective_class,grouped,Linear (pathway one-hot),pathway,1,1,balanced_accuracy,0.3231707317073171
gbm_selective_class,grouped,Linear (pathway one-hot),pathway,1,1,mcc,-0.1376444442444332
gbm_selective_class,grouped,Linear (pathway one-hot),pathway,1,1,brier,0.21042034863256615
gbm_selective_class,grouped,Linear (pathway one-hot),pathway,1,2,roc_auc,0.7576219512195123
gbm_selective_class,grouped,Linear (pathway one-hot),pathway,1,2,pr_auc,0.11386054421768707
gbm_selective_class,grouped,Linear (pathway one-hot),pathway,1,2,balanced_accuracy,0.6463414634146342
gbm_selective_class,grouped,Linear (pathway one-hot),pathway,1,2,mcc,0.14856623221302567
gbm_selective_class,grouped,Linear (pathway one-hot),pathway,1,2,brier,0.15206247943941756
gbm_selective_class,grouped,Linear (pathway one-hot),pathway,1,3,roc_auc,0.5771604938271605
gbm_selective_class,grouped,Linear (pathway one-hot),pathway,1,3,pr_auc,0.30876344086021507
gbm_selective_class,grouped,Linear (pathway one-hot),pathway,1,3,balanced_accuracy,0.5154320987654322
gbm_selective_class,grouped,Linear (pathway one-hot),pathway,1,3,mcc,0.013094570021973102
gbm_selective_class,grouped,Linear (pathway one-hot),pathway,1,3,brier,0.23090340686780642
gbm_selective_class,grouped,Linear (pathway one-hot),pathway,1,4,roc_auc,0.5075301204819278
gbm_selective_class,grouped,Linear (pathway one-hot),pathway,1,4,pr_auc,0.06680037532254281
gbm_selective_class,grouped,Linear (pathway one-hot),pathway,1,4,balanced_accuracy,0.5692771084337349
gbm_selective_class,grouped,Linear (pathway one-hot),pathway,1,4,mcc,0.06017726643342801
gbm_selective_class,grouped,Linear (pathway one-hot),pathway,1,4,brier,0.20741498012542134
gbm_selective_class,grouped,Linear (pathway one-hot),pathway,2,0,roc_auc,0.5777439024390244
gbm_selective_class,grouped,Linear (pathway one-hot),pathway,2,0,pr_auc,0.062001173708920186
gbm_selective_class,grouped,Linear (pathway one-hot),pathway,2,0,balanced_accuracy,0.49085365853658536
gbm_selective_class,grouped,Linear (pathway one-hot),pathway,2,0,mcc,-0.008703223487645115
gbm_selective_class,grouped,Linear (pathway one-hot),pathway,2,0,brier,0.1964508056891957
gbm_selective_class,grouped,Linear (pathway one-hot),pathway,2,1,roc_auc,0.48475609756097565
gbm_selective_class,grouped,Linear (pathway one-hot),pathway,2,1,pr_auc,0.3089700996677741
gbm_selective_class,grouped,Linear (pathway one-hot),pathway,2,1,balanced_accuracy,0.6158536585365854
gbm_selective_class,grouped,Linear (pathway one-hot),pathway,2,1,mcc,0.1087865502092303
gbm_selective_class,grouped,Linear (pathway one-hot),pathway,2,1,brier,0.18346367742205913
gbm_selective_class,grouped,Linear (pathway one-hot),pathway,2,2,roc_auc,0.6018518518518519
gbm_selective_class,grouped,Linear (pathway one-hot),pathway,2,2,pr_auc,0.13917140825035562
gbm_selective_class,grouped,Linear (pathway one-hot),pathway,2,2,balanced_accuracy,0.5833333333333333
gbm_selective_class,grouped,Linear (pathway one-hot),pathway,2,2,mcc,0.07444375004781977
gbm_selective_class,grouped,Linear (pathway one-hot),pathway,2,2,brier,0.20217025493534627
gbm_selective_class,grouped,Linear (pathway one-hot),pathway,2,3,roc_auc,0.6656626506024096
gbm_selective_class,grouped,Linear (pathway one-hot),pathway,2,3,pr_auc,0.1849621378402107
gbm_selective_class,grouped,Linear (pathway one-hot),pathway,2,3,balanced_accuracy,0.5210843373493976
gbm_selective_class,grouped,Linear (pathway one-hot),pathway,2,3,mcc,0.01772066718916999
gbm_selective_class,grouped,Linear (pathway one-hot),pathway,2,3,brier,0.23978365781252303
gbm_selective_class,grouped,Linear (pathway one-hot),pathway,2,4,roc_auc,0.4898373983739837
gbm_selective_class,grouped,Linear (pathway one-hot),pathway,2,4,pr_auc,0.04847968172776357
gbm_selective_class,grouped,Linear (pathway one-hot),pathway,2,4,balanced_accuracy,0.48983739837398377
gbm_selective_class,grouped,Linear (pathway one-hot),pathway,2,4,mcc,-0.007848026822466853
gbm_selective_class,grouped,Linear (pathway one-hot),pathway,2,4,brier,0.1902676552532612
gbm_selective_class,grouped,Linear (pathway one-hot),pathway,3,0,roc_auc,0.34451219512195125
gbm_selective_class,grouped,Linear (pathway one-hot),pathway,3,0,pr_auc,0.04694862441100471
gbm_selective_class,grouped,Linear (pathway one-hot),pathway,3,0,balanced_accuracy,0.4481707317073171
gbm_selective_class,grouped,Linear (pathway one-hot),pathway,3,0,mcc,-0.045802307099710754
gbm_selective_class,grouped,Linear (pathway one-hot),pathway,3,0,brier,0.2300373991020897
gbm_selective_class,grouped,Linear (pathway one-hot),pathway,3,1,roc_auc,0.7581300813008129
gbm_selective_class,grouped,Linear (pathway one-hot),pathway,3,1,pr_auc,0.1425438596491228
gbm_selective_class,grouped,Linear (pathway one-hot),pathway,3,1,balanced_accuracy,0.6686991869918699
gbm_selective_class,grouped,Linear (pathway one-hot),pathway,3,1,mcc,0.13131596404928686
gbm_selective_class,grouped,Linear (pathway one-hot),pathway,3,1,brier,0.20440566150030506
gbm_selective_class,grouped,Linear (pathway one-hot),pathway,3,2,roc_auc,0.48323170731707316
gbm_selective_class,grouped,Linear (pathway one-hot),pathway,3,2,pr_auc,0.05622690200076463
gbm_selective_class,grouped,Linear (pathway one-hot),pathway,3,2,balanced_accuracy,0.5091463414634146
gbm_selective_class,grouped,Linear (pathway one-hot),pathway,3,2,mcc,0.009118583155200968
gbm_selective_class,grouped,Linear (pathway one-hot),pathway,3,2,brier,0.1909319789977072
gbm_selective_class,grouped,Linear (pathway one-hot),pathway,3,3,roc_auc,0.6039156626506024
gbm_selective_class,grouped,Linear (pathway one-hot),pathway,3,3,pr_auc,0.2012001352265044
gbm_selective_class,grouped,Linear (pathway one-hot),pathway,3,3,balanced_accuracy,0.5933734939759037
gbm_selective_class,grouped,Linear (pathway one-hot),pathway,3,3,mcc,0.08371776512030484
gbm_selective_class,grouped,Linear (pathway one-hot),pathway,3,3,brier,0.18878813246566897
gbm_selective_class,grouped,Linear (pathway one-hot),pathway,3,4,roc_auc,0.6898148148148148
gbm_selective_class,grouped,Linear (pathway one-hot),pathway,3,4,pr_auc,0.15527701465201466
gbm_selective_class,grouped,Linear (pathway one-hot),pathway,3,4,balanced_accuracy,0.5771604938271605
gbm_selective_class,grouped,Linear (pathway one-hot),pathway,3,4,mcc,0.06838416165518485
gbm_selective_class,grouped,Linear (pathway one-hot),pathway,3,4,brier,0.20222608540292283
gbm_selective_class,grouped,Linear (pathway one-hot),pathway,4,0,roc_auc,0.7179878048780487
gbm_selective_class,grouped,Linear (pathway one-hot),pathway,4,0,pr_auc,0.1696872778962331
gbm_selective_class,grouped,Linear (pathway one-hot),pathway,4,0,balanced_accuracy,0.7103658536585367
gbm_selective_class,grouped,Linear (pathway one-hot),pathway,4,0,mcc,0.1859034817576495
gbm_selective_class,grouped,Linear (pathway one-hot),pathway,4,0,brier,0.1937696877215366
gbm_selective_class,grouped,Linear (pathway one-hot),pathway,4,1,roc_auc,0.2786144578313253
gbm_selective_class,grouped,Linear (pathway one-hot),pathway,4,1,pr_auc,0.044370483534604
gbm_selective_class,grouped,Linear (pathway one-hot),pathway,4,1,balanced_accuracy,0.40210843373493976
gbm_selective_class,grouped,Linear (pathway one-hot),pathway,4,1,mcc,-0.08267124470843674
gbm_selective_class,grouped,Linear (pathway one-hot),pathway,4,1,brier,0.22533156016718323
gbm_selective_class,grouped,Linear (pathway one-hot),pathway,4,2,roc_auc,0.1443089430894309
gbm_selective_class,grouped,Linear (pathway one-hot),pathway,4,2,pr_auc,0.029590017825311947
gbm_selective_class,grouped,Linear (pathway one-hot),pathway,4,2,balanced_accuracy,0.36585365853658536
gbm_selective_class,grouped,Linear (pathway one-hot),pathway,4,2,mcc,-0.1130302704771369
gbm_selective_class,grouped,Linear (pathway one-hot),pathway,4,2,brier,0.20723907249701687
gbm_selective_class,grouped,Linear (pathway one-hot),pathway,4,3,roc_auc,0.5091463414634145
gbm_selective_class,grouped,Linear (pathway one-hot),pathway,4,3,pr_auc,0.07469512195121952
gbm_selective_class,grouped,Linear (pathway one-hot),pathway,4,3,balanced_accuracy,0.5853658536585367
gbm_selective_class,grouped,Linear (pathway one-hot),pathway,4,3,mcc,0.07605270726919618
gbm_selective_class,grouped,Linear (pathway one-hot),pathway,4,3,brier,0.20547042913925073
gbm_selective_class,grouped,Linear (pathway one-hot),pathway,4,4,roc_auc,0.5216049382716049
gbm_selective_class,grouped,Linear (pathway one-hot),pathway,4,4,pr_auc,0.35686274509803917
gbm_selective_class,grouped,Linear (pathway one-hot),pathway,4,4,balanced_accuracy,0.5401234567901234
gbm_selective_class,grouped,Linear (pathway one-hot),pathway,4,4,mcc,0.03439153439153439
gbm_selective_class,grouped,Linear (pathway one-hot),pathway,4,4,brier,0.24124602514247806
gbm_selective_class,grouped,Random Forest (pathway one-hot),pathway,0,0,roc_auc,0.5198170731707317
gbm_selective_class,grouped,Random Forest (pathway one-hot),pathway,0,0,pr_auc,0.09926932746700189
gbm_selective_class,grouped,Random Forest (pathway one-hot),pathway,0,0,balanced_accuracy,0.49085365853658536
gbm_selective_class,grouped,Random Forest (pathway one-hot),pathway,0,0,mcc,-0.008703223487645115
gbm_selective_class,grouped,Random Forest (pathway one-hot),pathway,0,0,brier,0.1756622186963451
gbm_selective_class,grouped,Random Forest (pathway one-hot),pathway,0,1,roc_auc,0.5630081300813007
gbm_selective_class,grouped,Random Forest (pathway one-hot),pathway,0,1,pr_auc,0.08583877995642701
gbm_selective_class,grouped,Random Forest (pathway one-hot),pathway,0,1,balanced_accuracy,0.7296747967479675
gbm_selective_class,grouped,Random Forest (pathway one-hot),pathway,0,1,mcc,0.2034520741190657
gbm_selective_class,grouped,Random Forest (pathway one-hot),pathway,0,1,brier,0.15432900685704054
gbm_selective_class,grouped,Random Forest (pathway one-hot),pathway,0,2,roc_auc,0.2621951219512195
gbm_selective_class,grouped,Random Forest (pathway one-hot),pathway,0,2,pr_auc,0.046511627906976744
gbm_selective_class,grouped,Random Forest (pathway one-hot),pathway,0,2,balanced_accuracy,0.3719512195121951
gbm_selective_class,grouped,Random Forest (pathway one-hot),pathway,0,2,mcc,-0.12553824081207832
gbm_selective_class,grouped,Random Forest (pathway one-hot),pathway,0,2,brier,0.17508827161440205
gbm_selective_class,grouped,Random Forest (pathway one-hot),pathway,0,3,roc_auc,0.5602409638554217
gbm_selective_class,grouped,Random Forest (pathway one-hot),pathway,0,3,pr_auc,0.08180675287356322
gbm_selective_class,grouped,Random Forest (pathway one-hot),pathway,0,3,balanced_accuracy,0.37349397590361444
gbm_selective_class,grouped,Random Forest (pathway one-hot),pathway,0,3,mcc,-0.12383078586052262
gbm_selective_class,grouped,Random Forest (pathway one-hot),pathway,0,3,brier,0.18569461645556096
gbm_selective_class,grouped,Random Forest (pathway one-hot),pathway,0,4,roc_auc,0.6635802469135802
gbm_selective_class,grouped,Random Forest (pathway one-hot),pathway,0,4,pr_auc,0.11536830948595654
gbm_selective_class,grouped,Random Forest (pathway one-hot),pathway,0,4,balanced_accuracy,0.6574074074074074
gbm_selective_class,grouped,Random Forest (pathway one-hot),pathway,0,4,mcc,0.16666666666666666
gbm_selective_class,grouped,Random Forest (pathway one-hot),pathway,0,4,brier,0.14980632544070643
gbm_selective_class,grouped,Random Forest (pathway one-hot),pathway,1,0,roc_auc,0.5228658536585367
gbm_selective_class,grouped,Random Forest (pathway one-hot),pathway,1,0,pr_auc,0.06744551703963726
gbm_selective_class,grouped,Random Forest (pathway one-hot),pathway,1,0,balanced_accuracy,0.6158536585365854
gbm_selective_class,grouped,Random Forest (pathway one-hot),pathway,1,0,mcc,0.1087865502092303
gbm_selective_class,grouped,Random Forest (pathway one-hot),pathway,1,0,brier,0.17764204155647947
gbm_selective_class,grouped,Random Forest (pathway one-hot),pathway,1,1,roc_auc,0.3475609756097561
gbm_selective_class,grouped,Random Forest (pathway one-hot),pathway,1,1,pr_auc,0.03305322128851541
gbm_selective_class,grouped,Random Forest (pathway one-hot),pathway,1,1,balanced_accuracy,0.4146341463414634
gbm_selective_class,grouped,Random Forest (pathway one-hot),pathway,1,1,mcc,-0.08493536249483988
gbm_selective_class,grouped,Random Forest (pathway one-hot),pathway,1,1,brier,0.17002248344576748
gbm_selective_class,grouped,Random Forest (pathway one-hot),pathway,1,2,roc_auc,0.7820121951219512
gbm_selective_class,grouped,Random Forest (pathway one-hot),pathway,1,2,pr_auc,0.13810296846011133
gbm_selective_class,grouped,Random Forest (pathway one-hot),pathway,1,2,balanced_accuracy,0.6707317073170731
gbm_selective_class,grouped,Random Forest (pathway one-hot),pathway,1,2,mcc,0.18949872703630416
gbm_selective_class,grouped,Random Forest (pathway one-hot),pathway,1,2,brier,0.10970671041830155
gbm_selective_class,grouped,Random Forest (pathway one-hot),pathway,1,3,roc_auc,0.5462962962962963
gbm_selective_class,grouped,Random Forest (pathway one-hot),pathway,1,3,pr_auc,0.3360294117647059
gbm_selective_class,grouped,Random Forest (pathway one-hot),pathway,1,3,balanced_accuracy,0.5833333333333333
gbm_selective_class,grouped,Random Forest (pathway one-hot),pathway,1,3,mcc,0.07444375004781977
gbm_selective_class,grouped,Random Forest (pathway one-hot),pathway,1,3,brier,0.168723835965414
gbm_selective_class,grouped,Random Forest (pathway one-hot),pathway,1,4,roc_auc,0.5873493975903614
gbm_selective_class,grouped,Random Forest (pathway one-hot),pathway,1,4,pr_auc,0.11389759665621735
gbm_selective_class,grouped,Random Forest (pathway one-hot),pathway,1,4,balanced_accuracy,0.6054216867469879
gbm_selective_class,grouped,Random Forest (pathway one-hot),pathway,1,4,mcc,0.09646669656618484
gbm_selective_class,grouped,Random Forest (pathway one-hot),pathway,1,4,brier,0.17857430678415426
gbm_selective_class,grouped,Random Forest (pathway one-hot),pathway,2,0,roc_auc,0.5884146341463414
gbm_selective_class,grouped,Random Forest (pathway one-hot),pathway,2,0,pr_auc,0.06664684637068358
gbm_selective_class,grouped,Random Forest (pathway one-hot),pathway,2,0,balanced_accuracy,0.5152439024390244
gbm_selective_class,grouped,Random Forest (pathway one-hot),pathway,2,0,mcc,0.015475649188856841
gbm_selective_class,grouped,Random Forest (pathway one-hot),pathway,2,0,brier,0.15665884393642318
gbm_selective_class,grouped,Random Forest (pathway one-hot),pathway,2,1,roc_auc,0.5792682926829269
gbm_selective_class,grouped,Random Forest (pathway one-hot),pathway,2,1,pr_auc,0.33575581395348836
gbm_selective_class,grouped,Random Forest (pathway one-hot),pathway,2,1,balanced_accuracy,0.6585365853658536
gbm_selective_class,grouped,Random Forest (pathway one-hot),pathway,2,1,mcc,0.16766692959722435
gbm_selective_class,grouped,Random Forest (pathway one-hot),pathway,2,1,brier,0.12975437651212773
gbm_selective_class,grouped,Random Forest (pathway one-hot),pathway,2,2,roc_auc,0.5895061728395062
gbm_selective_class,grouped,Random Forest (pathway one-hot),pathway,2,2,pr_auc,0.1360294117647059
gbm_selective_class,grouped,Random Forest (pathway one-hot),pathway,2,2,balanced_accuracy,0.6141975308641976
gbm_selective_class,grouped,Random Forest (pathway one-hot),pathway,2,2,mcc,0.10744561010613732
gbm_selective_class,grouped,Random Forest (pathway one-hot),pathway,2,2,brier,0.16481271303327058
gbm_selective_class,grouped,Random Forest (pathway one-hot),pathway,2,3,roc_auc,0.6460843373493975
gbm_selective_class,grouped,Random Forest (pathway one-hot),pathway,2,3,pr_auc,0.18153101757944556
gbm_selective_class,grouped,Random Forest (pathway one-hot),pathway,2,3,balanced_accuracy,0.6475903614457832
gbm_selective_class,grouped,Random Forest (pathway one-hot),pathway,2,3,mcc,0.14963244659437502
gbm_selective_class,grouped,Random Forest (pathway one-hot),pathway,2,3,brier,0.1846304870244881
gbm_selective_class,grouped,Random Forest (pathway one-hot),pathway,2,4,roc_auc,0.5670731707317073
gbm_selective_class,grouped,Random Forest (pathway one-hot),pathway,2,4,pr_auc,0.06329449654257838
gbm_selective_class,grouped,Random Forest (pathway one-hot),pathway,2,4,balanced_accuracy,0.508130081300813
gbm_selective_class,grouped,Random Forest (pathway one-hot),pathway,2,4,mcc,0.006444608784063795
gbm_selective_class,grouped,Random Forest (pathway one-hot),pathway,2,4,brier,0.14935521064256294
gbm_selective_class,grouped,Random Forest (pathway one-hot),pathway,3,0,roc_auc,0.3932926829268293
gbm_selective_class,grouped,Random Forest (pathway one-hot),pathway,3,0,pr_auc,0.0549865831842576
gbm_selective_class,grouped,Random Forest (pathway one-hot),pathway,3,0,balanced_accuracy,0.4725609756097561
gbm_selective_class,grouped,Random Forest (pathway one-hot),pathway,3,0,mcc,-0.02516362961020279
gbm_selective_class,grouped,Random Forest (pathway one-hot),pathway,3,0,brier,0.16927470299352992
gbm_selective_class,grouped,Random Forest (pathway one-hot),pathway,3,1,roc_auc,0.774390243902439
gbm_selective_class,grouped,Random Forest (pathway one-hot),pathway,3,1,pr_auc,0.1564327485380117
gbm_selective_class,grouped,Random Forest (pathway one-hot),pathway,3,1,balanced_accuracy,0.717479674796748
gbm_selective_class,grouped,Random Forest (pathway one-hot),pathway,3,1,mcc,0.186087237939325
gbm_selective_class,grouped,Random Forest (pathway one-hot),pathway,3,1,brier,0.14530993516272556
gbm_selective_class,grouped,Random Forest (pathway one-hot),pathway,3,2,roc_auc,0.49237804878048785
gbm_selective_class,grouped,Random Forest (pathway one-hot),pathway,3,2,pr_auc,0.059140981417603204
gbm_selective_class,grouped,Random Forest (pathway one-hot),pathway,3,2,balanced_accuracy,0.5152439024390244
gbm_selective_class,grouped,Random Forest (pathway one-hot),pathway,3,2,mcc,0.015475649188856841
gbm_selective_class,grouped,Random Forest (pathway one-hot),pathway,3,2,brier,0.16081732045215083
gbm_selective_class,grouped,Random Forest (pathway one-hot),pathway,3,3,roc_auc,0.6114457831325302
gbm_selective_class,grouped,Random Forest (pathway one-hot),pathway,3,3,pr_auc,0.19798850574712645
gbm_selective_class,grouped,Random Forest (pathway one-hot),pathway,3,3,balanced_accuracy,0.6234939759036144
gbm_selective_class,grouped,Random Forest (pathway one-hot),pathway,3,3,mcc,0.11729808057531332
gbm_selective_class,grouped,Random Forest (pathway one-hot),pathway,3,3,brier,0.15392545598073593
gbm_selective_class,grouped,Random Forest (pathway one-hot),pathway,3,4,roc_auc,0.6820987654320988
gbm_selective_class,grouped,Random Forest (pathway one-hot),pathway,3,4,pr_auc,0.1685107376283847
gbm_selective_class,grouped,Random Forest (pathway one-hot),pathway,3,4,balanced_accuracy,0.6512345679012346
gbm_selective_class,grouped,Random Forest (pathway one-hot),pathway,3,4,mcc,0.1567761216795802
gbm_selective_class,grouped,Random Forest (pathway one-hot),pathway,3,4,brier,0.1440243822126878
gbm_selective_class,grouped,Random Forest (pathway one-hot),pathway,4,0,roc_auc,0.760670731707317
gbm_selective_class,grouped,Random Forest (pathway one-hot),pathway,4,0,pr_auc,0.21996124031007752
gbm_selective_class,grouped,Random Forest (pathway one-hot),pathway,4,0,balanced_accuracy,0.7286585365853658
gbm_selective_class,grouped,Random Forest (pathway one-hot),pathway,4,0,mcc,0.20751354485112308
gbm_selective_class,grouped,Random Forest (pathway one-hot),pathway,4,0,brier,0.14652245302032005
gbm_selective_class,grouped,Random Forest (pathway one-hot),pathway,4,1,roc_auc,0.30271084337349397
gbm_selective_class,grouped,Random Forest (pathway one-hot),pathway,4,1,pr_auc,0.055481594645715115
gbm_selective_class,grouped,Random Forest (pathway one-hot),pathway,4,1,balanced_accuracy,0.5346385542168675
gbm_selective_class,grouped,Random Forest (pathway one-hot),pathway,4,1,mcc,0.03745153551328346
gbm_selective_class,grouped,Random Forest (pathway one-hot),pathway,4,1,brier,0.16329878010720322
gbm_selective_class,grouped,Random Forest (pathway one-hot),pathway,4,2,roc_auc,0.1930894308943089
gbm_selective_class,grouped,Random Forest (pathway one-hot),pathway,4,2,pr_auc,0.029590017825311947
gbm_selective_class,grouped,Random Forest (pathway one-hot),pathway,4,2,balanced_accuracy,0.38414634146341464
gbm_selective_class,grouped,Random Forest (pathway one-hot),pathway,4,2,mcc,-0.1026262674759889
gbm_selective_class,grouped,Random Forest (pathway one-hot),pathway,4,2,brier,0.16575811192327378
gbm_selective_class,grouped,Random Forest (pathway one-hot),pathway,4,3,roc_auc,0.5609756097560976
gbm_selective_class,grouped,Random Forest (pathway one-hot),pathway,4,3,pr_auc,0.11416490486257928
gbm_selective_class,grouped,Random Forest (pathway one-hot),pathway,4,3,balanced_accuracy,0.6036585365853658
gbm_selective_class,grouped,Random Forest (pathway one-hot),pathway,4,3,mcc,0.09506260074965499
gbm_selective_class,grouped,Random Forest (pathway one-hot),pathway,4,3,brier,0.1797660974132193
gbm_selective_class,grouped,Random Forest (pathway one-hot),pathway,4,4,roc_auc,0.39814814814814814
gbm_selective_class,grouped,Random Forest (pathway one-hot),pathway,4,4,pr_auc,0.0670076726342711
gbm_selective_class,grouped,Random Forest (pathway one-hot),pathway,4,4,balanced_accuracy,0.595679012345679
gbm_selective_class,grouped,Random Forest (pathway one-hot),pathway,4,4,mcc,0.0870408864849852
gbm_selective_class,grouped,Random Forest (pathway one-hot),pathway,4,4,brier,0.1791730253007621
gbm_selective_class,grouped,Random Forest (descriptors + pathway),descriptors_pathway,0,0,roc_auc,0.728658536585366
gbm_selective_class,grouped,Random Forest (descriptors + pathway),descriptors_pathway,0,0,pr_auc,0.2255307416597739
gbm_selective_class,grouped,Random Forest (descriptors + pathway),descriptors_pathway,0,0,balanced_accuracy,0.5
gbm_selective_class,grouped,Random Forest (descriptors + pathway),descriptors_pathway,0,0,mcc,0.0
gbm_selective_class,grouped,Random Forest (descriptors + pathway),descriptors_pathway,0,0,brier,0.04159379191910422
gbm_selective_class,grouped,Random Forest (descriptors + pathway),descriptors_pathway,0,1,roc_auc,0.40243902439024387
gbm_selective_class,grouped,Random Forest (descriptors + pathway),descriptors_pathway,0,1,pr_auc,0.03783320998940693
gbm_selective_class,grouped,Random Forest (descriptors + pathway),descriptors_pathway,0,1,balanced_accuracy,0.4817073170731707
gbm_selective_class,grouped,Random Forest (descriptors + pathway),descriptors_pathway,0,1,mcc,-0.036585365853658534
gbm_selective_class,grouped,Random Forest (descriptors + pathway),descriptors_pathway,0,1,brier,0.06601284752412974
gbm_selective_class,grouped,Random Forest (descriptors + pathway),descriptors_pathway,0,2,roc_auc,0.8231707317073171
gbm_selective_class,grouped,Random Forest (descriptors + pathway),descriptors_pathway,0,2,pr_auc,0.30619747899159666
gbm_selective_class,grouped,Random Forest (descriptors + pathway),descriptors_pathway,0,2,balanced_accuracy,0.5
gbm_selective_class,grouped,Random Forest (descriptors + pathway),descriptors_pathway,0,2,mcc,0.0
gbm_selective_class,grouped,Random Forest (descriptors + pathway),descriptors_pathway,0,2,brier,0.03874798752644103
gbm_selective_class,grouped,Random Forest (descriptors + pathway),descriptors_pathway,0,3,roc_auc,0.7981927710843373
gbm_selective_class,grouped,Random Forest (descriptors + pathway),descriptors_pathway,0,3,pr_auc,0.16004273504273503
gbm_selective_class,grouped,Random Forest (descriptors + pathway),descriptors_pathway,0,3,balanced_accuracy,0.5
gbm_selective_class,grouped,Random Forest (descriptors + pathway),descriptors_pathway,0,3,mcc,0.0
gbm_selective_class,grouped,Random Forest (descriptors + pathway),descriptors_pathway,0,3,brier,0.04229777508376617
gbm_selective_class,grouped,Random Forest (descriptors + pathway),descriptors_pathway,0,4,roc_auc,0.5339506172839507
gbm_selective_class,grouped,Random Forest (descriptors + pathway),descriptors_pathway,0,4,pr_auc,0.2915968899521531
gbm_selective_class,grouped,Random Forest (descriptors + pathway),descriptors_pathway,0,4,balanced_accuracy,0.625
gbm_selective_class,grouped,Random Forest (descriptors + pathway),descriptors_pathway,0,4,mcc,0.49099025303098287
gbm_selective_class,grouped,Random Forest (descriptors + pathway),descriptors_pathway,0,4,brier,0.04326392041060705
gbm_selective_class,grouped,Random Forest (descriptors + pathway),descriptors_pathway,1,0,roc_auc,0.7195121951219512
gbm_selective_class,grouped,Random Forest (descriptors + pathway),descriptors_pathway,1,0,pr_auc,0.32480716878402904
gbm_selective_class,grouped,Random Forest (descriptors + pathway),descriptors_pathway,1,0,balanced_accuracy,0.5
gbm_selective_class,grouped,Random Forest (descriptors + pathway),descriptors_pathway,1,0,mcc,0.0
gbm_selective_class,grouped,Random Forest (descriptors + pathway),descriptors_pathway,1,0,brier,0.04686320816533088
gbm_selective_class,grouped,Random Forest (descriptors + pathway),descriptors_pathway,1,1,roc_auc,0.7764227642276422
gbm_selective_class,grouped,Random Forest (descriptors + pathway),descriptors_pathway,1,1,pr_auc,0.4619883040935672
gbm_selective_class,grouped,Random Forest (descriptors + pathway),descriptors_pathway,1,1,balanced_accuracy,0.8211382113821137
gbm_selective_class,grouped,Random Forest (descriptors + pathway),descriptors_pathway,1,1,mcc,0.5596506703555969
gbm_selective_class,grouped,Random Forest (descriptors + pathway),descriptors_pathway,1,1,brier,0.03958426662622968
gbm_selective_class,grouped,Random Forest (descriptors + pathway),descriptors_pathway,1,2,roc_auc,0.6585365853658537
gbm_selective_class,grouped,Random Forest (descriptors + pathway),descriptors_pathway,1,2,pr_auc,0.07908772828127666
gbm_selective_class,grouped,Random Forest (descriptors + pathway),descriptors_pathway,1,2,balanced_accuracy,0.5
gbm_selective_class,grouped,Random Forest (descriptors + pathway),descriptors_pathway,1,2,mcc,0.0
gbm_selective_class,grouped,Random Forest (descriptors + pathway),descriptors_pathway,1,2,brier,0.045728266673316684
gbm_selective_class,grouped,Random Forest (descriptors + pathway),descriptors_pathway,1,3,roc_auc,0.736111111111111
gbm_selective_class,grouped,Random Forest (descriptors + pathway),descriptors_pathway,1,3,pr_auc,0.1255668934240363
gbm_selective_class,grouped,Random Forest (descriptors + pathway),descriptors_pathway,1,3,balanced_accuracy,0.5
gbm_selective_class,grouped,Random Forest (descriptors + pathway),descriptors_pathway,1,3,mcc,0.0
gbm_selective_class,grouped,Random Forest (descriptors + pathway),descriptors_pathway,1,3,brier,0.045748577675429336
gbm_selective_class,grouped,Random Forest (descriptors + pathway),descriptors_pathway,1,4,roc_auc,0.6295180722891566
gbm_selective_class,grouped,Random Forest (descriptors + pathway),descriptors_pathway,1,4,pr_auc,0.0936532507739938
gbm_selective_class,grouped,Random Forest (descriptors + pathway),descriptors_pathway,1,4,balanced_accuracy,0.5
gbm_selective_class,grouped,Random Forest (descriptors + pathway),descriptors_pathway,1,4,mcc,0.0
gbm_selective_class,grouped,Random Forest (descriptors + pathway),descriptors_pathway,1,4,brier,0.0463892005702172
gbm_selective_class,grouped,Random Forest (descriptors + pathway),descriptors_pathway,2,0,roc_auc,0.7088414634146342
gbm_selective_class,grouped,Random Forest (descriptors + pathway),descriptors_pathway,2,0,pr_auc,0.09484478935698448
gbm_selective_class,grouped,Random Forest (descriptors + pathway),descriptors_pathway,2,0,balanced_accuracy,0.5
gbm_selective_class,grouped,Random Forest (descriptors + pathway),descriptors_pathway,2,0,mcc,0.0
gbm_selective_class,grouped,Random Forest (descriptors + pathway),descriptors_pathway,2,0,brier,0.04705664729540945
gbm_selective_class,grouped,Random Forest (descriptors + pathway),descriptors_pathway,2,1,roc_auc,0.8780487804878049
gbm_selective_class,grouped,Random Forest (descriptors + pathway),descriptors_pathway,2,1,pr_auc,0.45339912280701755
gbm_selective_class,grouped,Random Forest (descriptors + pathway),descriptors_pathway,2,1,balanced_accuracy,0.5
gbm_selective_class,grouped,Random Forest (descriptors + pathway),descriptors_pathway,2,1,mcc,0.0
gbm_selective_class,grouped,Random Forest (descriptors + pathway),descriptors_pathway,2,1,brier,0.0361447763995352
gbm_selective_class,grouped,Random Forest (descriptors + pathway),descriptors_pathway,2,2,roc_auc,0.5339506172839507
gbm_selective_class,grouped,Random Forest (descriptors + pathway),descriptors_pathway,2,2,pr_auc,0.06290100250626567
gbm_selective_class,grouped,Random Forest (descriptors + pathway),descriptors_pathway,2,2,balanced_accuracy,0.5
gbm_selective_class,grouped,Random Forest (descriptors + pathway),descriptors_pathway,2,2,mcc,0.0
gbm_selective_class,grouped,Random Forest (descriptors + pathway),descriptors_pathway,2,2,brier,0.056186024052219154
gbm_selective_class,grouped,Random Forest (descriptors + pathway),descriptors_pathway,2,3,roc_auc,0.6310240963855421
gbm_selective_class,grouped,Random Forest (descriptors + pathway),descriptors_pathway,2,3,pr_auc,0.30072352216748766
gbm_selective_class,grouped,Random Forest (descriptors + pathway),descriptors_pathway,2,3,balanced_accuracy,0.5
gbm_selective_class,grouped,Random Forest (descriptors + pathway),descriptors_pathway,2,3,mcc,0.0
gbm_selective_class,grouped,Random Forest (descriptors + pathway),descriptors_pathway,2,3,brier,0.043265506809811775
gbm_selective_class,grouped,Random Forest (descriptors + pathway),descriptors_pathway,2,4,roc_auc,0.6910569105691058
gbm_selective_class,grouped,Random Forest (descriptors + pathway),descriptors_pathway,2,4,pr_auc,0.07067782067782068
gbm_selective_class,grouped,Random Forest (descriptors + pathway),descriptors_pathway,2,4,balanced_accuracy,0.5
gbm_selective_class,grouped,Random Forest (descriptors + pathway),descriptors_pathway,2,4,mcc,0.0
gbm_selective_class,grouped,Random Forest (descriptors + pathway),descriptors_pathway,2,4,brier,0.040914448940108684
gbm_selective_class,grouped,Random Forest (descriptors + pathway),descriptors_pathway,3,0,roc_auc,0.746951219512195
gbm_selective_class,grouped,Random Forest (descriptors + pathway),descriptors_pathway,3,0,pr_auc,0.37256410256410255
gbm_selective_class,grouped,Random Forest (descriptors + pathway),descriptors_pathway,3,0,balanced_accuracy,0.5
gbm_selective_class,grouped,Random Forest (descriptors + pathway),descriptors_pathway,3,0,mcc,0.0
gbm_selective_class,grouped,Random Forest (descriptors + pathway),descriptors_pathway,3,0,brier,0.040695008778183654
gbm_selective_class,grouped,Random Forest (descriptors + pathway),descriptors_pathway,3,1,roc_auc,0.6829268292682927
gbm_selective_class,grouped,Random Forest (descriptors + pathway),descriptors_pathway,3,1,pr_auc,0.07213309566250743
gbm_selective_class,grouped,Random Forest (descriptors + pathway),descriptors_pathway,3,1,balanced_accuracy,0.5
gbm_selective_class,grouped,Random Forest (descriptors + pathway),descriptors_pathway,3,1,mcc,0.0
gbm_selective_class,grouped,Random Forest (descriptors + pathway),descriptors_pathway,3,1,brier,0.044339654185563876
gbm_selective_class,grouped,Random Forest (descriptors + pathway),descriptors_pathway,3,2,roc_auc,0.899390243902439
gbm_selective_class,grouped,Random Forest (descriptors + pathway),descriptors_pathway,3,2,pr_auc,0.4103238866396761
gbm_selective_class,grouped,Random Forest (descriptors + pathway),descriptors_pathway,3,2,balanced_accuracy,0.625
gbm_selective_class,grouped,Random Forest (descriptors + pathway),descriptors_pathway,3,2,mcc,0.49109721093510117
gbm_selective_class,grouped,Random Forest (descriptors + pathway),descriptors_pathway,3,2,brier,0.04365242441195551
gbm_selective_class,grouped,Random Forest (descriptors + pathway),descriptors_pathway,3,3,roc_auc,0.7063253012048192
gbm_selective_class,grouped,Random Forest (descriptors + pathway),descriptors_pathway,3,3,pr_auc,0.09260436907495731
gbm_selective_class,grouped,Random Forest (descriptors + pathway),descriptors_pathway,3,3,balanced_accuracy,0.4939759036144578
gbm_selective_class,grouped,Random Forest (descriptors + pathway),descriptors_pathway,3,3,mcc,-0.023672369106623056
gbm_selective_class,grouped,Random Forest (descriptors + pathway),descriptors_pathway,3,3,brier,0.052818726808961394
gbm_selective_class,grouped,Random Forest (descriptors + pathway),descriptors_pathway,3,4,roc_auc,0.5787037037037037
gbm_selective_class,grouped,Random Forest (descriptors + pathway),descriptors_pathway,3,4,pr_auc,0.06679379444085326
gbm_selective_class,grouped,Random Forest (descriptors + pathway),descriptors_pathway,3,4,balanced_accuracy,0.5
gbm_selective_class,grouped,Random Forest (descriptors + pathway),descriptors_pathway,3,4,mcc,0.0
gbm_selective_class,grouped,Random Forest (descriptors + pathway),descriptors_pathway,3,4,brier,0.04801533496817841
gbm_selective_class,grouped,Random Forest (descriptors + pathway),descriptors_pathway,4,0,roc_auc,0.5899390243902439
gbm_selective_class,grouped,Random Forest (descriptors + pathway),descriptors_pathway,4,0,pr_auc,0.06558441558441558
gbm_selective_class,grouped,Random Forest (descriptors + pathway),descriptors_pathway,4,0,balanced_accuracy,0.5
gbm_selective_class,grouped,Random Forest (descriptors + pathway),descriptors_pathway,4,0,mcc,0.0
gbm_selective_class,grouped,Random Forest (descriptors + pathway),descriptors_pathway,4,0,brier,0.047544745573962204
gbm_selective_class,grouped,Random Forest (descriptors + pathway),descriptors_pathway,4,1,roc_auc,0.8042168674698795
gbm_selective_class,grouped,Random Forest (descriptors + pathway),descriptors_pathway,4,1,pr_auc,0.38178893178893175
gbm_selective_class,grouped,Random Forest (descriptors + pathway),descriptors_pathway,4,1,balanced_accuracy,0.5
gbm_selective_class,grouped,Random Forest (descriptors + pathway),descriptors_pathway,4,1,mcc,0.0
gbm_selective_class,grouped,Random Forest (descriptors + pathway),descriptors_pathway,4,1,brier,0.03727567816091954
gbm_selective_class,grouped,Random Forest (descriptors + pathway),descriptors_pathway,4,2,roc_auc,0.7235772357723578
gbm_selective_class,grouped,Random Forest (descriptors + pathway),descriptors_pathway,4,2,pr_auc,0.3823188405797101
gbm_selective_class,grouped,Random Forest (descriptors + pathway),descriptors_pathway,4,2,balanced_accuracy,0.6605691056910569
gbm_selective_class,grouped,Random Forest (descriptors + pathway),descriptors_pathway,4,2,mcc,0.39093584580755836
gbm_selective_class,grouped,Random Forest (descriptors + pathway),descriptors_pathway,4,2,brier,0.03463234071493856
gbm_selective_class,grouped,Random Forest (descriptors + pathway),descriptors_pathway,4,3,roc_auc,0.6600609756097561
gbm_selective_class,grouped,Random Forest (descriptors + pathway),descriptors_pathway,4,3,pr_auc,0.08357545447328729
gbm_selective_class,grouped,Random Forest (descriptors + pathway),descriptors_pathway,4,3,balanced_accuracy,0.5
gbm_selective_class,grouped,Random Forest (descriptors + pathway),descriptors_pathway,4,3,mcc,0.0
gbm_selective_class,grouped,Random Forest (descriptors + pathway),descriptors_pathway,4,3,brier,0.045851772425738624
gbm_selective_class,grouped,Random Forest (descriptors + pathway),descriptors_pathway,4,4,roc_auc,0.6975308641975309
gbm_selective_class,grouped,Random Forest (descriptors + pathway),descriptors_pathway,4,4,pr_auc,0.08948412698412697
gbm_selective_class,grouped,Random Forest (descriptors + pathway),descriptors_pathway,4,4,balanced_accuracy,0.5
gbm_selective_class,grouped,Random Forest (descriptors + pathway),descriptors_pathway,4,4,mcc,0.0
gbm_selective_class,grouped,Random Forest (descriptors + pathway),descriptors_pathway,4,4,brier,0.04889129522695469
gbm_selective_class,grouped,GNN-GCN (smiles),smiles,0,0,roc_auc,0.7926829268292682
gbm_selective_class,grouped,GNN-GCN (smiles),smiles,0,0,pr_auc,0.3415874665874666
gbm_selective_class,grouped,GNN-GCN (smiles),smiles,0,0,balanced_accuracy,0.5762195121951219
gbm_selective_class,grouped,GNN-GCN (smiles),smiles,0,0,mcc,0.10487366975672544
gbm_selective_class,grouped,GNN-GCN (smiles),smiles,0,0,brier,0.09651845270880814
gbm_selective_class,grouped,GNN-GCN (smiles),smiles,0,1,roc_auc,0.7642276422764228
gbm_selective_class,grouped,GNN-GCN (smiles),smiles,0,1,pr_auc,0.16705516705516704
gbm_selective_class,grouped,GNN-GCN (smiles),smiles,0,1,balanced_accuracy,0.5995934959349594
gbm_selective_class,grouped,GNN-GCN (smiles),smiles,0,1,mcc,0.10555443207042546
gbm_selective_class,grouped,GNN-GCN (smiles),smiles,0,1,brier,0.09788310942299526
gbm_selective_class,grouped,GNN-GCN (smiles),smiles,0,2,roc_auc,0.7835365853658537
gbm_selective_class,grouped,GNN-GCN (smiles),smiles,0,2,pr_auc,0.23910601976639712
gbm_selective_class,grouped,GNN-GCN (smiles),smiles,0,2,balanced_accuracy,0.5823170731707317
gbm_selective_class,grouped,GNN-GCN (smiles),smiles,0,2,mcc,0.11936157564764374
gbm_selective_class,grouped,GNN-GCN (smiles),smiles,0,2,brier,0.07989406269247033
gbm_selective_class,grouped,GNN-GCN (smiles),smiles,0,3,roc_auc,0.6475903614457832
gbm_selective_class,grouped,GNN-GCN (smiles),smiles,0,3,pr_auc,0.12003356812678846
gbm_selective_class,grouped,GNN-GCN (smiles),smiles,0,3,balanced_accuracy,0.6009036144578312
gbm_selective_class,grouped,GNN-GCN (smiles),smiles,0,3,mcc,0.1815991588123139
gbm_selective_class,grouped,GNN-GCN (smiles),smiles,0,3,brier,0.08563559631896966
gbm_selective_class,grouped,GNN-GCN (smiles),smiles,0,4,roc_auc,0.7345679012345679
gbm_selective_class,grouped,GNN-GCN (smiles),smiles,0,4,pr_auc,0.34796380090497736
gbm_selective_class,grouped,GNN-GCN (smiles),smiles,0,4,balanced_accuracy,0.587962962962963
gbm_selective_class,grouped,GNN-GCN (smiles),smiles,0,4,mcc,0.13552082262845574
gbm_selective_class,grouped,GNN-GCN (smiles),smiles,0,4,brier,0.07536640049784014
gbm_selective_class,grouped,GNN-GCN (smiles),smiles,1,0,roc_auc,0.8109756097560976
gbm_selective_class,grouped,GNN-GCN (smiles),smiles,1,0,pr_auc,0.2354066985645933
gbm_selective_class,grouped,GNN-GCN (smiles),smiles,1,0,balanced_accuracy,0.5762195121951219
gbm_selective_class,grouped,GNN-GCN (smiles),smiles,1,0,mcc,0.10487366975672544
gbm_selective_class,grouped,GNN-GCN (smiles),smiles,1,0,brier,0.09998271386307735
gbm_selective_class,grouped,GNN-GCN (smiles),smiles,1,1,roc_auc,0.5975609756097561
gbm_selective_class,grouped,GNN-GCN (smiles),smiles,1,1,pr_auc,0.06080368906455863
gbm_selective_class,grouped,GNN-GCN (smiles),smiles,1,1,balanced_accuracy,0.4268292682926829
gbm_selective_class,grouped,GNN-GCN (smiles),smiles,1,1,mcc,-0.07755019499051667
gbm_selective_class,grouped,GNN-GCN (smiles),smiles,1,1,brier,0.1414179518001398
gbm_selective_class,grouped,GNN-GCN (smiles),smiles,1,2,roc_auc,0.6371951219512195
gbm_selective_class,grouped,GNN-GCN (smiles),smiles,1,2,pr_auc,0.075
gbm_selective_class,grouped,GNN-GCN (smiles),smiles,1,2,balanced_accuracy,0.5
gbm_selective_class,grouped,GNN-GCN (smiles),smiles,1,2,mcc,0.0
gbm_selective_class,grouped,GNN-GCN (smiles),smiles,1,2,brier,0.26419769249477815
gbm_selective_class,grouped,GNN-GCN (smiles),smiles,1,3,roc_auc,0.4506172839506173
gbm_selective_class,grouped,GNN-GCN (smiles),smiles,1,3,pr_auc,0.05606060606060606
gbm_selective_class,grouped,GNN-GCN (smiles),smiles,1,3,balanced_accuracy,0.46296296296296297
gbm_selective_class,grouped,GNN-GCN (smiles),smiles,1,3,mcc,-0.06124202828995005
gbm_selective_class,grouped,GNN-GCN (smiles),smiles,1,3,brier,0.21661962500387041
gbm_selective_class,grouped,GNN-GCN (smiles),smiles,1,4,roc_auc,0.661144578313253
gbm_selective_class,grouped,GNN-GCN (smiles),smiles,1,4,pr_auc,0.07815370230418306
gbm_selective_class,grouped,GNN-GCN (smiles),smiles,1,4,balanced_accuracy,0.46987951807228917
gbm_selective_class,grouped,GNN-GCN (smiles),smiles,1,4,mcc,-0.05420870412307877
gbm_selective_class,grouped,GNN-GCN (smiles),smiles,1,4,brier,0.09039513867053303
gbm_selective_class,grouped,GNN-GCN (smiles),smiles,2,0,roc_auc,0.46036585365853655
gbm_selective_class,grouped,GNN-GCN (smiles),smiles,2,0,pr_auc,0.053931727429850085
gbm_selective_class,grouped,GNN-GCN (smiles),smiles,2,0,balanced_accuracy,0.4817073170731707
gbm_selective_class,grouped,GNN-GCN (smiles),smiles,2,0,mcc,-0.015446689356916498
gbm_selective_class,grouped,GNN-GCN (smiles),smiles,2,0,brier,0.27090105193957875
gbm_selective_class,grouped,GNN-GCN (smiles),smiles,2,1,roc_auc,0.864329268292683
gbm_selective_class,grouped,GNN-GCN (smiles),smiles,2,1,pr_auc,0.17471782603361552
gbm_selective_class,grouped,GNN-GCN (smiles),smiles,2,1,balanced_accuracy,0.8963414634146342
gbm_selective_class,grouped,GNN-GCN (smiles),smiles,2,1,mcc,0.3885707453707186
gbm_selective_class,grouped,GNN-GCN (smiles),smiles,2,1,brier,0.15736594199642123
gbm_selective_class,grouped,GNN-GCN (smiles),smiles,2,2,roc_auc,0.6111111111111112
gbm_selective_class,grouped,GNN-GCN (smiles),smiles,2,2,pr_auc,0.0707070707070707
gbm_selective_class,grouped,GNN-GCN (smiles),smiles,2,2,balanced_accuracy,0.44598765432098764
gbm_selective_class,grouped,GNN-GCN (smiles),smiles,2,2,mcc,-0.04786891315862939
gbm_selective_class,grouped,GNN-GCN (smiles),smiles,2,2,brier,0.2181183173999884
gbm_selective_class,grouped,GNN-GCN (smiles),smiles,2,3,roc_auc,0.5602409638554218
gbm_selective_class,grouped,GNN-GCN (smiles),smiles,2,3,pr_auc,0.08749359959037378
gbm_selective_class,grouped,GNN-GCN (smiles),smiles,2,3,balanced_accuracy,0.4759036144578313
gbm_selective_class,grouped,GNN-GCN (smiles),smiles,2,3,mcc,-0.04819277108433735
gbm_selective_class,grouped,GNN-GCN (smiles),smiles,2,3,brier,0.06745025785827745
gbm_selective_class,grouped,GNN-GCN (smiles),smiles,2,4,roc_auc,0.7235772357723577
gbm_selective_class,grouped,GNN-GCN (smiles),smiles,2,4,pr_auc,0.2595959595959596
gbm_selective_class,grouped,GNN-GCN (smiles),smiles,2,4,balanced_accuracy,0.741869918699187
gbm_selective_class,grouped,GNN-GCN (smiles),smiles,2,4,mcc,0.2231518495721684
gbm_selective_class,grouped,GNN-GCN (smiles),smiles,2,4,brier,0.15387582352622436
gbm_selective_class,grouped,GNN-GCN (smiles),smiles,3,0,roc_auc,0.6676829268292683
gbm_selective_class,grouped,GNN-GCN (smiles),smiles,3,0,pr_auc,0.28110896196002577
gbm_selective_class,grouped,GNN-GCN (smiles),smiles,3,0,balanced_accuracy,0.6585365853658536
gbm_selective_class,grouped,GNN-GCN (smiles),smiles,3,0,mcc,0.16766692959722435
gbm_selective_class,grouped,GNN-GCN (smiles),smiles,3,0,brier,0.24172484932666746
gbm_selective_class,grouped,GNN-GCN (smiles),smiles,3,1,roc_auc,0.9308943089430894
gbm_selective_class,grouped,GNN-GCN (smiles),smiles,3,1,pr_auc,0.2619047619047619
gbm_selective_class,grouped,GNN-GCN (smiles),smiles,3,1,balanced_accuracy,0.9329268292682926
gbm_selective_class,grouped,GNN-GCN (smiles),smiles,3,1,mcc,0.43074362408097366
gbm_selective_class,grouped,GNN-GCN (smiles),smiles,3,1,brier,0.10949268334366027
gbm_selective_class,grouped,GNN-GCN (smiles),smiles,3,2,roc_auc,0.7896341463414633
gbm_selective_class,grouped,GNN-GCN (smiles),smiles,3,2,pr_auc,0.13357843137254902
gbm_selective_class,grouped,GNN-GCN (smiles),smiles,3,2,balanced_accuracy,0.5518292682926829
gbm_selective_class,grouped,GNN-GCN (smiles),smiles,3,2,mcc,0.060940903536271206
gbm_selective_class,grouped,GNN-GCN (smiles),smiles,3,2,brier,0.10763268121893309
gbm_selective_class,grouped,GNN-GCN (smiles),smiles,3,3,roc_auc,0.677710843373494
gbm_selective_class,grouped,GNN-GCN (smiles),smiles,3,3,pr_auc,0.08277027027027026
gbm_selective_class,grouped,GNN-GCN (smiles),smiles,3,3,balanced_accuracy,0.45180722891566266
gbm_selective_class,grouped,GNN-GCN (smiles),smiles,3,3,mcc,-0.06985900526156544
gbm_selective_class,grouped,GNN-GCN (smiles),smiles,3,3,brier,0.09926019590556538
gbm_selective_class,grouped,GNN-GCN (smiles),smiles,3,4,roc_auc,0.6265432098765432
gbm_selective_class,grouped,GNN-GCN (smiles),smiles,3,4,pr_auc,0.3213725490196078
gbm_selective_class,grouped,GNN-GCN (smiles),smiles,3,4,balanced_accuracy,0.5694444444444444
gbm_selective_class,grouped,GNN-GCN (smiles),smiles,3,4,mcc,0.09128709291752768
gbm_selective_class,grouped,GNN-GCN (smiles),smiles,3,4,brier,0.08366356665531402
gbm_selective_class,grouped,GNN-GCN (smiles),smiles,4,0,roc_auc,0.728658536585366
gbm_selective_class,grouped,GNN-GCN (smiles),smiles,4,0,pr_auc,0.17884615384615382
gbm_selective_class,grouped,GNN-GCN (smiles),smiles,4,0,balanced_accuracy,0.600609756097561
gbm_selective_class,grouped,GNN-GCN (smiles),smiles,4,0,mcc,0.18108375938575808
gbm_selective_class,grouped,GNN-GCN (smiles),smiles,4,0,brier,0.0825363998500981
gbm_selective_class,grouped,GNN-GCN (smiles),smiles,4,1,roc_auc,0.8237951807228916
gbm_selective_class,grouped,GNN-GCN (smiles),smiles,4,1,pr_auc,0.23277809147374362
gbm_selective_class,grouped,GNN-GCN (smiles),smiles,4,1,balanced_accuracy,0.8087349397590362
gbm_selective_class,grouped,GNN-GCN (smiles),smiles,4,1,mcc,0.3519324973374816
gbm_selective_class,grouped,GNN-GCN (smiles),smiles,4,1,brier,0.12921353270035177
gbm_selective_class,grouped,GNN-GCN (smiles),smiles,4,2,roc_auc,0.6788617886178862
gbm_selective_class,grouped,GNN-GCN (smiles),smiles,4,2,pr_auc,0.2287784679089027
gbm_selective_class,grouped,GNN-GCN (smiles),smiles,4,2,balanced_accuracy,0.6117886178861789
gbm_selective_class,grouped,GNN-GCN (smiles),smiles,4,2,mcc,0.12804555422442268
gbm_selective_class,grouped,GNN-GCN (smiles),smiles,4,2,brier,0.08574944328766762
gbm_selective_class,grouped,GNN-GCN (smiles),smiles,4,3,roc_auc,0.8384146341463414
gbm_selective_class,grouped,GNN-GCN (smiles),smiles,4,3,pr_auc,0.3574242424242424
gbm_selective_class,grouped,GNN-GCN (smiles),smiles,4,3,balanced_accuracy,0.5945121951219512
gbm_selective_class,grouped,GNN-GCN (smiles),smiles,4,3,mcc,0.1562550812181929
gbm_selective_class,grouped,GNN-GCN (smiles),smiles,4,3,brier,0.06432133257090865
gbm_selective_class,grouped,GNN-GCN (smiles),smiles,4,4,roc_auc,0.595679012345679
gbm_selective_class,grouped,GNN-GCN (smiles),smiles,4,4,pr_auc,0.3041883116883117
gbm_selective_class,grouped,GNN-GCN (smiles),smiles,4,4,balanced_accuracy,0.5
gbm_selective_class,grouped,GNN-GCN (smiles),smiles,4,4,mcc,0.0
gbm_selective_class,grouped,GNN-GCN (smiles),smiles,4,4,brier,0.2765807054831143
gbm_selective_class,grouped,GNN-GAT (smiles),smiles,0,0,roc_auc,0.8048780487804877
gbm_selective_class,grouped,GNN-GAT (smiles),smiles,0,0,pr_auc,0.18189102564102566
gbm_selective_class,grouped,GNN-GAT (smiles),smiles,0,0,balanced_accuracy,0.6768292682926829
gbm_selective_class,grouped,GNN-GAT (smiles),smiles,0,0,mcc,0.20173943552300655
gbm_selective_class,grouped,GNN-GAT (smiles),smiles,0,0,brier,0.10684080248857417
gbm_selective_class,grouped,GNN-GAT (smiles),smiles,0,1,roc_auc,0.6382113821138212
gbm_selective_class,grouped,GNN-GAT (smiles),smiles,0,1,pr_auc,0.1061061061061061
gbm_selective_class,grouped,GNN-GAT (smiles),smiles,0,1,balanced_accuracy,0.5528455284552846
gbm_selective_class,grouped,GNN-GAT (smiles),smiles,0,1,mcc,0.03933546728212818
gbm_selective_class,grouped,GNN-GAT (smiles),smiles,0,1,brier,0.29063174190506397
gbm_selective_class,grouped,GNN-GAT (smiles),smiles,0,2,roc_auc,0.7896341463414634
gbm_selective_class,grouped,GNN-GAT (smiles),smiles,0,2,pr_auc,0.1896853146853147
gbm_selective_class,grouped,GNN-GAT (smiles),smiles,0,2,balanced_accuracy,0.5823170731707317
gbm_selective_class,grouped,GNN-GAT (smiles),smiles,0,2,mcc,0.11936157564764374
gbm_selective_class,grouped,GNN-GAT (smiles),smiles,0,2,brier,0.08870123501873406
gbm_selective_class,grouped,GNN-GAT (smiles),smiles,0,3,roc_auc,0.40813253012048195
gbm_selective_class,grouped,GNN-GAT (smiles),smiles,0,3,pr_auc,0.048208703229671586
gbm_selective_class,grouped,GNN-GAT (smiles),smiles,0,3,balanced_accuracy,0.5
gbm_selective_class,grouped,GNN-GAT (smiles),smiles,0,3,mcc,0.0
gbm_selective_class,grouped,GNN-GAT (smiles),smiles,0,3,brier,0.2305717917632905
gbm_selective_class,grouped,GNN-GAT (smiles),smiles,0,4,roc_auc,0.7685185185185186
gbm_selective_class,grouped,GNN-GAT (smiles),smiles,0,4,pr_auc,0.39920634920634923
gbm_selective_class,grouped,GNN-GAT (smiles),smiles,0,4,balanced_accuracy,0.7006172839506173
gbm_selective_class,grouped,GNN-GAT (smiles),smiles,0,4,mcc,0.26371826842841334
gbm_selective_class,grouped,GNN-GAT (smiles),smiles,0,4,brier,0.08646978201758294
gbm_selective_class,grouped,GNN-GAT (smiles),smiles,1,0,roc_auc,0.5640243902439024
gbm_selective_class,grouped,GNN-GAT (smiles),smiles,1,0,pr_auc,0.06988207151250629
gbm_selective_class,grouped,GNN-GAT (smiles),smiles,1,0,balanced_accuracy,0.5091463414634146
gbm_selective_class,grouped,GNN-GAT (smiles),smiles,1,0,mcc,0.009118583155200968
gbm_selective_class,grouped,GNN-GAT (smiles),smiles,1,0,brier,0.16881950940159637
gbm_selective_class,grouped,GNN-GAT (smiles),smiles,1,1,roc_auc,0.5
gbm_selective_class,grouped,GNN-GAT (smiles),smiles,1,1,pr_auc,0.04800218938149972
gbm_selective_class,grouped,GNN-GAT (smiles),smiles,1,1,balanced_accuracy,0.4329268292682927
gbm_selective_class,grouped,GNN-GAT (smiles),smiles,1,1,mcc,-0.07374527235330246
gbm_selective_class,grouped,GNN-GAT (smiles),smiles,1,1,brier,0.13498687779450863
gbm_selective_class,grouped,GNN-GAT (smiles),smiles,1,2,roc_auc,0.38109756097560976
gbm_selective_class,grouped,GNN-GAT (smiles),smiles,1,2,pr_auc,0.045149397011590854
gbm_selective_class,grouped,GNN-GAT (smiles),smiles,1,2,balanced_accuracy,0.5
gbm_selective_class,grouped,GNN-GAT (smiles),smiles,1,2,mcc,0.0
gbm_selective_class,grouped,GNN-GAT (smiles),smiles,1,2,brier,0.2186365892884694
gbm_selective_class,grouped,GNN-GAT (smiles),smiles,1,3,roc_auc,0.5185185185185186
gbm_selective_class,grouped,GNN-GAT (smiles),smiles,1,3,pr_auc,0.05744694616977226
gbm_selective_class,grouped,GNN-GAT (smiles),smiles,1,3,balanced_accuracy,0.47530864197530864
gbm_selective_class,grouped,GNN-GAT (smiles),smiles,1,3,mcc,-0.04938271604938271
gbm_selective_class,grouped,GNN-GAT (smiles),smiles,1,3,brier,0.15580212571498586
gbm_selective_class,grouped,GNN-GAT (smiles),smiles,1,4,roc_auc,0.4759036144578313
gbm_selective_class,grouped,GNN-GAT (smiles),smiles,1,4,pr_auc,0.07410494910494911
gbm_selective_class,grouped,GNN-GAT (smiles),smiles,1,4,balanced_accuracy,0.4503012048192771
gbm_selective_class,grouped,GNN-GAT (smiles),smiles,1,4,mcc,-0.04379725005338152
gbm_selective_class,grouped,GNN-GAT (smiles),smiles,1,4,brier,0.23403392508279955
gbm_selective_class,grouped,GNN-GAT (smiles),smiles,2,0,roc_auc,0.4451219512195122
gbm_selective_class,grouped,GNN-GAT (smiles),smiles,2,0,pr_auc,0.050860345105628126
gbm_selective_class,grouped,GNN-GAT (smiles),smiles,2,0,balanced_accuracy,0.46341463414634143
gbm_selective_class,grouped,GNN-GAT (smiles),smiles,2,0,mcc,-0.031122567519925596
gbm_selective_class,grouped,GNN-GAT (smiles),smiles,2,0,brier,0.2641225023626194
gbm_selective_class,grouped,GNN-GAT (smiles),smiles,2,1,roc_auc,0.8506097560975611
gbm_selective_class,grouped,GNN-GAT (smiles),smiles,2,1,pr_auc,0.183322192513369
gbm_selective_class,grouped,GNN-GAT (smiles),smiles,2,1,balanced_accuracy,0.8536585365853658
gbm_selective_class,grouped,GNN-GAT (smiles),smiles,2,1,mcc,0.31787622774791985
gbm_selective_class,grouped,GNN-GAT (smiles),smiles,2,1,brier,0.20783314512253204
gbm_selective_class,grouped,GNN-GAT (smiles),smiles,2,2,roc_auc,0.2716049382716049
gbm_selective_class,grouped,GNN-GAT (smiles),smiles,2,2,pr_auc,0.038730376440870726
gbm_selective_class,grouped,GNN-GAT (smiles),smiles,2,2,balanced_accuracy,0.5
gbm_selective_class,grouped,GNN-GAT (smiles),smiles,2,2,mcc,0.0
gbm_selective_class,grouped,GNN-GAT (smiles),smiles,2,2,brier,0.18625635676070415
gbm_selective_class,grouped,GNN-GAT (smiles),smiles,2,3,roc_auc,0.536144578313253
gbm_selective_class,grouped,GNN-GAT (smiles),smiles,2,3,pr_auc,0.10552740240240241
gbm_selective_class,grouped,GNN-GAT (smiles),smiles,2,3,balanced_accuracy,0.5707831325301205
gbm_selective_class,grouped,GNN-GAT (smiles),smiles,2,3,mcc,0.09295728985638126
gbm_selective_class,grouped,GNN-GAT (smiles),smiles,2,3,brier,0.09962618185970012
gbm_selective_class,grouped,GNN-GAT (smiles),smiles,2,4,roc_auc,0.5772357723577235
gbm_selective_class,grouped,GNN-GAT (smiles),smiles,2,4,pr_auc,0.06906906906906907
gbm_selective_class,grouped,GNN-GAT (smiles),smiles,2,4,balanced_accuracy,0.5934959349593496
gbm_selective_class,grouped,GNN-GAT (smiles),smiles,2,4,mcc,0.09586329529540144
gbm_selective_class,grouped,GNN-GAT (smiles),smiles,2,4,brier,0.1430262034427745
gbm_selective_class,grouped,GNN-GAT (smiles),smiles,3,0,roc_auc,0.6051829268292683
gbm_selective_class,grouped,GNN-GAT (smiles),smiles,3,0,pr_auc,0.07348738218303436
gbm_selective_class,grouped,GNN-GAT (smiles),smiles,3,0,balanced_accuracy,0.6615853658536586
gbm_selective_class,grouped,GNN-GAT (smiles),smiles,3,0,mcc,0.13704289562674507
gbm_selective_class,grouped,GNN-GAT (smiles),smiles,3,0,brier,0.2744928406343067
gbm_selective_class,grouped,GNN-GAT (smiles),smiles,3,1,roc_auc,0.8536585365853658
gbm_selective_class,grouped,GNN-GAT (smiles),smiles,3,1,pr_auc,0.25
gbm_selective_class,grouped,GNN-GAT (smiles),smiles,3,1,balanced_accuracy,0.741869918699187
gbm_selective_class,grouped,GNN-GAT (smiles),smiles,3,1,mcc,0.2231518495721684
gbm_selective_class,grouped,GNN-GAT (smiles),smiles,3,1,brier,0.1447104551743436
gbm_selective_class,grouped,GNN-GAT (smiles),smiles,3,2,roc_auc,0.8567073170731707
gbm_selective_class,grouped,GNN-GAT (smiles),smiles,3,2,pr_auc,0.39825581395348836
gbm_selective_class,grouped,GNN-GAT (smiles),smiles,3,2,balanced_accuracy,0.7957317073170731
gbm_selective_class,grouped,GNN-GAT (smiles),smiles,3,2,mcc,0.3200779793925006
gbm_selective_class,grouped,GNN-GAT (smiles),smiles,3,2,brier,0.11879871115638133
gbm_selective_class,grouped,GNN-GAT (smiles),smiles,3,3,roc_auc,0.7439759036144579
gbm_selective_class,grouped,GNN-GAT (smiles),smiles,3,3,pr_auc,0.14386792452830188
gbm_selective_class,grouped,GNN-GAT (smiles),smiles,3,3,balanced_accuracy,0.5828313253012047
gbm_selective_class,grouped,GNN-GAT (smiles),smiles,3,3,mcc,0.1200701652933156
gbm_selective_class,grouped,GNN-GAT (smiles),smiles,3,3,brier,0.08761429436382955
gbm_selective_class,grouped,GNN-GAT (smiles),smiles,3,4,roc_auc,0.6851851851851852
gbm_selective_class,grouped,GNN-GAT (smiles),smiles,3,4,pr_auc,0.2094017094017094
gbm_selective_class,grouped,GNN-GAT (smiles),smiles,3,4,balanced_accuracy,0.6697530864197531
gbm_selective_class,grouped,GNN-GAT (smiles),smiles,3,4,mcc,0.18859298328700122
gbm_selective_class,grouped,GNN-GAT (smiles),smiles,3,4,brier,0.14870123271400956
gbm_selective_class,grouped,GNN-GAT (smiles),smiles,4,0,roc_auc,0.3170731707317073
gbm_selective_class,grouped,GNN-GAT (smiles),smiles,4,0,pr_auc,0.04137784606056485
gbm_selective_class,grouped,GNN-GAT (smiles),smiles,4,0,balanced_accuracy,0.5
gbm_selective_class,grouped,GNN-GAT (smiles),smiles,4,0,mcc,0.0
gbm_selective_class,grouped,GNN-GAT (smiles),smiles,4,0,brier,0.2250217640199268
gbm_selective_class,grouped,GNN-GAT (smiles),smiles,4,1,roc_auc,0.6566265060240963
gbm_selective_class,grouped,GNN-GAT (smiles),smiles,4,1,pr_auc,0.12024975363389998
gbm_selective_class,grouped,GNN-GAT (smiles),smiles,4,1,balanced_accuracy,0.6355421686746988
gbm_selective_class,grouped,GNN-GAT (smiles),smiles,4,1,mcc,0.1326758419934171
gbm_selective_class,grouped,GNN-GAT (smiles),smiles,4,1,brier,0.18209634359528123
gbm_selective_class,grouped,GNN-GAT (smiles),smiles,4,2,roc_auc,0.6788617886178863
gbm_selective_class,grouped,GNN-GAT (smiles),smiles,4,2,pr_auc,0.1920849420849421
gbm_selective_class,grouped,GNN-GAT (smiles),smiles,4,2,balanced_accuracy,0.7479674796747967
gbm_selective_class,grouped,GNN-GAT (smiles),smiles,4,2,mcc,0.23410341035473953
gbm_selective_class,grouped,GNN-GAT (smiles),smiles,4,2,brier,0.11765614674246884
gbm_selective_class,grouped,GNN-GAT (smiles),smiles,4,3,roc_auc,0.7652439024390244
gbm_selective_class,grouped,GNN-GAT (smiles),smiles,4,3,pr_auc,0.3458333333333333
gbm_selective_class,grouped,GNN-GAT (smiles),smiles,4,3,balanced_accuracy,0.5762195121951219
gbm_selective_class,grouped,GNN-GAT (smiles),smiles,4,3,mcc,0.10487366975672544
gbm_selective_class,grouped,GNN-GAT (smiles),smiles,4,3,brier,0.11056144124312586
gbm_selective_class,grouped,GNN-GAT (smiles),smiles,4,4,roc_auc,0.2716049382716049
gbm_selective_class,grouped,GNN-GAT (smiles),smiles,4,4,pr_auc,0.03855160708351137
gbm_selective_class,grouped,GNN-GAT (smiles),smiles,4,4,balanced_accuracy,0.5
gbm_selective_class,grouped,GNN-GAT (smiles),smiles,4,4,mcc,0.0
gbm_selective_class,grouped,GNN-GAT (smiles),smiles,4,4,brier,0.22473748104916055
gbm_selective_class,scaffold,Baseline,descriptors,0,0,roc_auc,0.5
gbm_selective_class,scaffold,Baseline,descriptors,0,0,pr_auc,0.023255813953488372
gbm_selective_class,scaffold,Baseline,descriptors,0,0,balanced_accuracy,0.5
gbm_selective_class,scaffold,Baseline,descriptors,0,0,mcc,0.0
gbm_selective_class,scaffold,Baseline,descriptors,0,0,brier,0.023407032388616758
gbm_selective_class,scaffold,Baseline,descriptors,0,1,roc_auc,0.5
gbm_selective_class,scaffold,Baseline,descriptors,0,1,pr_auc,0.05813953488372093
gbm_selective_class,scaffold,Baseline,descriptors,0,1,balanced_accuracy,0.5
gbm_selective_class,scaffold,Baseline,descriptors,0,1,mcc,0.0
gbm_selective_class,scaffold,Baseline,descriptors,0,1,brier,0.05505942291487077
gbm_selective_class,scaffold,Baseline,descriptors,0,2,roc_auc,0.5
gbm_selective_class,scaffold,Baseline,descriptors,0,2,pr_auc,0.046511627906976744
gbm_selective_class,scaffold,Baseline,descriptors,0,2,balanced_accuracy,0.5
gbm_selective_class,scaffold,Baseline,descriptors,0,2,mcc,0.0
gbm_selective_class,scaffold,Baseline,descriptors,0,2,brier,0.04435602393955847
gbm_selective_class,scaffold,Baseline,descriptors,0,3,roc_auc,0.5
gbm_selective_class,scaffold,Baseline,descriptors,0,3,pr_auc,0.06976744186046512
gbm_selective_class,scaffold,Baseline,descriptors,0,3,balanced_accuracy,0.5
gbm_selective_class,scaffold,Baseline,descriptors,0,3,mcc,0.0
gbm_selective_class,scaffold,Baseline,descriptors,0,3,brier,0.06591542402341058
gbm_selective_class,scaffold,Baseline,descriptors,0,4,roc_auc,0.5
gbm_selective_class,scaffold,Baseline,descriptors,0,4,pr_auc,0.023529411764705882
gbm_selective_class,scaffold,Baseline,descriptors,0,4,balanced_accuracy,0.5
gbm_selective_class,scaffold,Baseline,descriptors,0,4,mcc,0.0
gbm_selective_class,scaffold,Baseline,descriptors,0,4,brier,0.02364602885502497
gbm_selective_class,scaffold,Linear (descriptors),descriptors,0,0,roc_auc,0.8869047619047619
gbm_selective_class,scaffold,Linear (descriptors),descriptors,0,0,pr_auc,0.5476190476190477
gbm_selective_class,scaffold,Linear (descriptors),descriptors,0,0,balanced_accuracy,0.6547619047619048
gbm_selective_class,scaffold,Linear (descriptors),descriptors,0,0,mcc,0.11713851032528115
gbm_selective_class,scaffold,Linear (descriptors),descriptors,0,0,brier,0.1816170083620818
gbm_selective_class,scaffold,Linear (descriptors),descriptors,0,1,roc_auc,0.6271604938271605
gbm_selective_class,scaffold,Linear (descriptors),descriptors,0,1,pr_auc,0.31083916083916086
gbm_selective_class,scaffold,Linear (descriptors),descriptors,0,1,balanced_accuracy,0.545679012345679
gbm_selective_class,scaffold,Linear (descriptors),descriptors,0,1,mcc,0.046064496077322464
gbm_selective_class,scaffold,Linear (descriptors),descriptors,0,1,brier,0.20689968246365317
gbm_selective_class,scaffold,Linear (descriptors),descriptors,0,2,roc_auc,0.6448170731707318
gbm_selective_class,scaffold,Linear (descriptors),descriptors,0,2,pr_auc,0.07463004327795617
gbm_selective_class,scaffold,Linear (descriptors),descriptors,0,2,balanced_accuracy,0.4024390243902439
gbm_selective_class,scaffold,Linear (descriptors),descriptors,0,2,mcc,-0.10559273546969092
gbm_selective_class,scaffold,Linear (descriptors),descriptors,0,2,brier,0.19662997615832942
gbm_selective_class,scaffold,Linear (descriptors),descriptors,0,3,roc_auc,0.6812499999999999
gbm_selective_class,scaffold,Linear (descriptors),descriptors,0,3,pr_auc,0.18746993746993745
gbm_selective_class,scaffold,Linear (descriptors),descriptors,0,3,balanced_accuracy,0.6375
gbm_selective_class,scaffold,Linear (descriptors),descriptors,0,3,mcc,0.16307484966544225
gbm_selective_class,scaffold,Linear (descriptors),descriptors,0,3,brier,0.20577805049388884
gbm_selective_class,scaffold,Linear (descriptors),descriptors,0,4,roc_auc,0.8433734939759037
gbm_selective_class,scaffold,Linear (descriptors),descriptors,0,4,pr_auc,0.11011904761904762
gbm_selective_class,scaffold,Linear (descriptors),descriptors,0,4,balanced_accuracy,0.8855421686746988
gbm_selective_class,scaffold,Linear (descriptors),descriptors,0,4,mcc,0.27099188836030774
gbm_selective_class,scaffold,Linear (descriptors),descriptors,0,4,brier,0.20182871131233668
gbm_selective_class,scaffold,KNN-Jaccard (morgan),morgan,0,0,roc_auc,0.6488095238095238
gbm_selective_class,scaffold,KNN-Jaccard (morgan),morgan,0,0,pr_auc,0.2616279069767442
gbm_selective_class,scaffold,KNN-Jaccard (morgan),morgan,0,0,balanced_accuracy,0.5
gbm_selective_class,scaffold,KNN-Jaccard (morgan),morgan,0,0,mcc,0.0
gbm_selective_class,scaffold,KNN-Jaccard (morgan),morgan,0,0,brier,0.023116024751995444
gbm_selective_class,scaffold,KNN-Jaccard (morgan),morgan,0,1,roc_auc,0.8592592592592593
gbm_selective_class,scaffold,KNN-Jaccard (morgan),morgan,0,1,pr_auc,0.379587803500847
gbm_selective_class,scaffold,KNN-Jaccard (morgan),morgan,0,1,balanced_accuracy,0.5
gbm_selective_class,scaffold,KNN-Jaccard (morgan),morgan,0,1,mcc,0.0
gbm_selective_class,scaffold,KNN-Jaccard (morgan),morgan,0,1,brier,0.048519948826918
gbm_selective_class,scaffold,KNN-Jaccard (morgan),morgan,0,2,roc_auc,0.4984756097560976
gbm_selective_class,scaffold,KNN-Jaccard (morgan),morgan,0,2,pr_auc,0.057610993657505286
gbm_selective_class,scaffold,KNN-Jaccard (morgan),morgan,0,2,balanced_accuracy,0.5
gbm_selective_class,scaffold,KNN-Jaccard (morgan),morgan,0,2,mcc,0.0
gbm_selective_class,scaffold,KNN-Jaccard (morgan),morgan,0,2,brier,0.051547660353535876
gbm_selective_class,scaffold,KNN-Jaccard (morgan),morgan,0,3,roc_auc,0.7145833333333335
gbm_selective_class,scaffold,KNN-Jaccard (morgan),morgan,0,3,pr_auc,0.19585283711818974
gbm_selective_class,scaffold,KNN-Jaccard (morgan),morgan,0,3,balanced_accuracy,0.5
gbm_selective_class,scaffold,KNN-Jaccard (morgan),morgan,0,3,mcc,0.0
gbm_selective_class,scaffold,KNN-Jaccard (morgan),morgan,0,3,brier,0.06427035284021013
gbm_selective_class,scaffold,KNN-Jaccard (morgan),morgan,0,4,roc_auc,0.8132530120481927
gbm_selective_class,scaffold,KNN-Jaccard (morgan),morgan,0,4,pr_auc,0.28125
gbm_selective_class,scaffold,KNN-Jaccard (morgan),morgan,0,4,balanced_accuracy,0.5
gbm_selective_class,scaffold,KNN-Jaccard (morgan),morgan,0,4,mcc,0.0
gbm_selective_class,scaffold,KNN-Jaccard (morgan),morgan,0,4,brier,0.023665603303437102
gbm_selective_class,scaffold,Random Forest (descriptors),descriptors,0,0,roc_auc,0.8392857142857142
gbm_selective_class,scaffold,Random Forest (descriptors),descriptors,0,0,pr_auc,0.5344827586206896
gbm_selective_class,scaffold,Random Forest (descriptors),descriptors,0,0,balanced_accuracy,0.75
gbm_selective_class,scaffold,Random Forest (descriptors),descriptors,0,0,mcc,0.7029350233548073
gbm_selective_class,scaffold,Random Forest (descriptors),descriptors,0,0,brier,0.022451221933811556
gbm_selective_class,scaffold,Random Forest (descriptors),descriptors,0,1,roc_auc,0.7086419753086419
gbm_selective_class,scaffold,Random Forest (descriptors),descriptors,0,1,pr_auc,0.32959432048681536
gbm_selective_class,scaffold,Random Forest (descriptors),descriptors,0,1,balanced_accuracy,0.6938271604938271
gbm_selective_class,scaffold,Random Forest (descriptors),descriptors,0,1,mcc,0.494393175547924
gbm_selective_class,scaffold,Random Forest (descriptors),descriptors,0,1,brier,0.05410860887166227
gbm_selective_class,scaffold,Random Forest (descriptors),descriptors,0,2,roc_auc,0.48018292682926833
gbm_selective_class,scaffold,Random Forest (descriptors),descriptors,0,2,pr_auc,0.053809390898234936
gbm_selective_class,scaffold,Random Forest (descriptors),descriptors,0,2,balanced_accuracy,0.5
gbm_selective_class,scaffold,Random Forest (descriptors),descriptors,0,2,mcc,0.0
gbm_selective_class,scaffold,Random Forest (descriptors),descriptors,0,2,brier,0.058869255340379165
gbm_selective_class,scaffold,Random Forest (descriptors),descriptors,0,3,roc_auc,0.4770833333333333
gbm_selective_class,scaffold,Random Forest (descriptors),descriptors,0,3,pr_auc,0.0751072634022604
gbm_selective_class,scaffold,Random Forest (descriptors),descriptors,0,3,balanced_accuracy,0.5
gbm_selective_class,scaffold,Random Forest (descriptors),descriptors,0,3,mcc,0.0
gbm_selective_class,scaffold,Random Forest (descriptors),descriptors,0,3,brier,0.06923334363172523
gbm_selective_class,scaffold,Random Forest (descriptors),descriptors,0,4,roc_auc,0.8795180722891567
gbm_selective_class,scaffold,Random Forest (descriptors),descriptors,0,4,pr_auc,0.12916666666666665
gbm_selective_class,scaffold,Random Forest (descriptors),descriptors,0,4,balanced_accuracy,0.4939759036144578
gbm_selective_class,scaffold,Random Forest (descriptors),descriptors,0,4,mcc,-0.016936993022519234
gbm_selective_class,scaffold,Random Forest (descriptors),descriptors,0,4,brier,0.02969916945978568
gbm_selective_class,scaffold,Random Forest (morgan),morgan,0,0,roc_auc,0.6011904761904762
gbm_selective_class,scaffold,Random Forest (morgan),morgan,0,0,pr_auc,0.181592039800995
gbm_selective_class,scaffold,Random Forest (morgan),morgan,0,0,balanced_accuracy,0.5
gbm_selective_class,scaffold,Random Forest (morgan),morgan,0,0,mcc,0.0
gbm_selective_class,scaffold,Random Forest (morgan),morgan,0,0,brier,0.03304683946805321
gbm_selective_class,scaffold,Random Forest (morgan),morgan,0,1,roc_auc,0.8469135802469135
gbm_selective_class,scaffold,Random Forest (morgan),morgan,0,1,pr_auc,0.3746132339235787
gbm_selective_class,scaffold,Random Forest (morgan),morgan,0,1,balanced_accuracy,0.5
gbm_selective_class,scaffold,Random Forest (morgan),morgan,0,1,mcc,0.0
gbm_selective_class,scaffold,Random Forest (morgan),morgan,0,1,brier,0.050313480795625164
gbm_selective_class,scaffold,Random Forest (morgan),morgan,0,2,roc_auc,0.5426829268292683
gbm_selective_class,scaffold,Random Forest (morgan),morgan,0,2,pr_auc,0.057499999999999996
gbm_selective_class,scaffold,Random Forest (morgan),morgan,0,2,balanced_accuracy,0.5
gbm_selective_class,scaffold,Random Forest (morgan),morgan,0,2,mcc,0.0
gbm_selective_class,scaffold,Random Forest (morgan),morgan,0,2,brier,0.048386492991446546
gbm_selective_class,scaffold,Random Forest (morgan),morgan,0,3,roc_auc,0.8125
gbm_selective_class,scaffold,Random Forest (morgan),morgan,0,3,pr_auc,0.3796767514860081
gbm_selective_class,scaffold,Random Forest (morgan),morgan,0,3,balanced_accuracy,0.5
gbm_selective_class,scaffold,Random Forest (morgan),morgan,0,3,mcc,0.0
gbm_selective_class,scaffold,Random Forest (morgan),morgan,0,3,brier,0.060063678897203814
gbm_selective_class,scaffold,Random Forest (morgan),morgan,0,4,roc_auc,0.8975903614457832
gbm_selective_class,scaffold,Random Forest (morgan),morgan,0,4,pr_auc,0.5526315789473684
gbm_selective_class,scaffold,Random Forest (morgan),morgan,0,4,balanced_accuracy,0.5
gbm_selective_class,scaffold,Random Forest (morgan),morgan,0,4,mcc,0.0
gbm_selective_class,scaffold,Random Forest (morgan),morgan,0,4,brier,0.03383105514115607
gbm_selective_class,scaffold,XGBoost (descriptors),descriptors,0,0,roc_auc,0.8869047619047619
gbm_selective_class,scaffold,XGBoost (descriptors),descriptors,0,0,pr_auc,0.5476190476190477
gbm_selective_class,scaffold,XGBoost (descriptors),descriptors,0,0,balanced_accuracy,0.5
gbm_selective_class,scaffold,XGBoost (descriptors),descriptors,0,0,mcc,0.0
gbm_selective_class,scaffold,XGBoost (descriptors),descriptors,0,0,brier,0.02107704925187796
gbm_selective_class,scaffold,XGBoost (descriptors),descriptors,0,1,roc_auc,0.6962962962962963
gbm_selective_class,scaffold,XGBoost (descriptors),descriptors,0,1,pr_auc,0.26211180124223604
gbm_selective_class,scaffold,XGBoost (descriptors),descriptors,0,1,balanced_accuracy,0.6814814814814815
gbm_selective_class,scaffold,XGBoost (descriptors),descriptors,0,1,mcc,0.362962962962963
gbm_selective_class,scaffold,XGBoost (descriptors),descriptors,0,1,brier,0.065415100165743
gbm_selective_class,scaffold,XGBoost (descriptors),descriptors,0,2,roc_auc,0.3399390243902439
gbm_selective_class,scaffold,XGBoost (descriptors),descriptors,0,2,pr_auc,0.04200550844386461
gbm_selective_class,scaffold,XGBoost (descriptors),descriptors,0,2,balanced_accuracy,0.4817073170731707
gbm_selective_class,scaffold,XGBoost (descriptors),descriptors,0,2,mcc,-0.041989881657633885
gbm_selective_class,scaffold,XGBoost (descriptors),descriptors,0,2,brier,0.06770539488573908
gbm_selective_class,scaffold,XGBoost (descriptors),descriptors,0,3,roc_auc,0.24583333333333332
gbm_selective_class,scaffold,XGBoost (descriptors),descriptors,0,3,pr_auc,0.053619849051047455
gbm_selective_class,scaffold,XGBoost (descriptors),descriptors,0,3,balanced_accuracy,0.5
gbm_selective_class,scaffold,XGBoost (descriptors),descriptors,0,3,mcc,0.0
gbm_selective_class,scaffold,XGBoost (descriptors),descriptors,0,3,brier,0.07210945141355342
gbm_selective_class,scaffold,XGBoost (descriptors),descriptors,0,4,roc_auc,0.8554216867469879
gbm_selective_class,scaffold,XGBoost (descriptors),descriptors,0,4,pr_auc,0.1111111111111111
gbm_selective_class,scaffold,XGBoost (descriptors),descriptors,0,4,balanced_accuracy,0.4879518072289157
gbm_selective_class,scaffold,XGBoost (descriptors),descriptors,0,4,mcc,-0.024096385542168676
gbm_selective_class,scaffold,XGBoost (descriptors),descriptors,0,4,brier,0.0320891939387327
gbm_selective_class,scaffold,XGBoost (morgan),morgan,0,0,roc_auc,0.6488095238095238
gbm_selective_class,scaffold,XGBoost (morgan),morgan,0,0,pr_auc,0.11754385964912281
gbm_selective_class,scaffold,XGBoost (morgan),morgan,0,0,balanced_accuracy,0.49404761904761907
gbm_selective_class,scaffold,XGBoost (morgan),morgan,0,0,mcc,-0.01673654817511446
gbm_selective_class,scaffold,XGBoost (morgan),morgan,0,0,brier,0.031030991895535945
gbm_selective_class,scaffold,XGBoost (morgan),morgan,0,1,roc_auc,0.8419753086419753
gbm_selective_class,scaffold,XGBoost (morgan),morgan,0,1,pr_auc,0.1875598086124402
gbm_selective_class,scaffold,XGBoost (morgan),morgan,0,1,balanced_accuracy,0.5
gbm_selective_class,scaffold,XGBoost (morgan),morgan,0,1,mcc,0.0
gbm_selective_class,scaffold,XGBoost (morgan),morgan,0,1,brier,0.05845573641955979
gbm_selective_class,scaffold,XGBoost (morgan),morgan,0,2,roc_auc,0.5716463414634146
gbm_selective_class,scaffold,XGBoost (morgan),morgan,0,2,pr_auc,0.0781475468975469
gbm_selective_class,scaffold,XGBoost (morgan),morgan,0,2,balanced_accuracy,0.49390243902439024
gbm_selective_class,scaffold,XGBoost (morgan),morgan,0,2,mcc,-0.023955961509029327
gbm_selective_class,scaffold,XGBoost (morgan),morgan,0,2,brier,0.05015833271293961
gbm_selective_class,scaffold,XGBoost (morgan),morgan,0,3,roc_auc,0.6520833333333333
gbm_selective_class,scaffold,XGBoost (morgan),morgan,0,3,pr_auc,0.3025722086747683
gbm_selective_class,scaffold,XGBoost (morgan),morgan,0,3,balanced_accuracy,0.5833333333333334
gbm_selective_class,scaffold,XGBoost (morgan),morgan,0,3,mcc,0.3960590171906697
gbm_selective_class,scaffold,XGBoost (morgan),morgan,0,3,brier,0.0601263421312011
gbm_selective_class,scaffold,XGBoost (morgan),morgan,0,4,roc_auc,0.8132530120481928
gbm_selective_class,scaffold,XGBoost (morgan),morgan,0,4,pr_auc,0.15833333333333333
gbm_selective_class,scaffold,XGBoost (morgan),morgan,0,4,balanced_accuracy,0.4939759036144578
gbm_selective_class,scaffold,XGBoost (morgan),morgan,0,4,mcc,-0.016936993022519234
gbm_selective_class,scaffold,XGBoost (morgan),morgan,0,4,brier,0.027591975304020584
gbm_selective_class,scaffold,SVM (descriptors),descriptors,0,0,roc_auc,0.9107142857142857
gbm_selective_class,scaffold,SVM (descriptors),descriptors,0,0,pr_auc,0.5588235294117647
gbm_selective_class,scaffold,SVM (descriptors),descriptors,0,0,balanced_accuracy,0.6726190476190477
gbm_selective_class,scaffold,SVM (descriptors),descriptors,0,0,mcc,0.14094286218395272
gbm_selective_class,scaffold,SVM (descriptors),descriptors,0,0,brier,0.1516124100327404
gbm_selective_class,scaffold,SVM (descriptors),descriptors,0,1,roc_auc,0.4987654320987654
gbm_selective_class,scaffold,SVM (descriptors),descriptors,0,1,pr_auc,0.07178263546798029
gbm_selective_class,scaffold,SVM (descriptors),descriptors,0,1,balanced_accuracy,0.4901234567901235
gbm_selective_class,scaffold,SVM (descriptors),descriptors,0,1,mcc,-0.009369711585684087
gbm_selective_class,scaffold,SVM (descriptors),descriptors,0,1,brier,0.2245301530775783
gbm_selective_class,scaffold,SVM (descriptors),descriptors,0,2,roc_auc,0.6143292682926829
gbm_selective_class,scaffold,SVM (descriptors),descriptors,0,2,pr_auc,0.07177482578397212
gbm_selective_class,scaffold,SVM (descriptors),descriptors,0,2,balanced_accuracy,0.4695121951219512
gbm_selective_class,scaffold,SVM (descriptors),descriptors,0,2,mcc,-0.05487386648053275
gbm_selective_class,scaffold,SVM (descriptors),descriptors,0,2,brier,0.15306525517861325
gbm_selective_class,scaffold,SVM (descriptors),descriptors,0,3,roc_auc,0.6770833333333333
gbm_selective_class,scaffold,SVM (descriptors),descriptors,0,3,pr_auc,0.28351070226070224
gbm_selective_class,scaffold,SVM (descriptors),descriptors,0,3,balanced_accuracy,0.6229166666666667
gbm_selective_class,scaffold,SVM (descriptors),descriptors,0,3,mcc,0.2045948847333844
gbm_selective_class,scaffold,SVM (descriptors),descriptors,0,3,brier,0.14827895864763302
gbm_selective_class,scaffold,SVM (descriptors),descriptors,0,4,roc_auc,0.9036144578313253
gbm_selective_class,scaffold,SVM (descriptors),descriptors,0,4,pr_auc,0.15476190476190477
gbm_selective_class,scaffold,SVM (descriptors),descriptors,0,4,balanced_accuracy,0.4819277108433735
gbm_selective_class,scaffold,SVM (descriptors),descriptors,0,4,mcc,-0.029691330061333544
gbm_selective_class,scaffold,SVM (descriptors),descriptors,0,4,brier,0.13497118243614206
gbm_selective_class,scaffold,MLP (descriptors),descriptors,0,0,roc_auc,0.36904761904761907
gbm_selective_class,scaffold,MLP (descriptors),descriptors,0,0,pr_auc,0.02803921568627451
gbm_selective_class,scaffold,MLP (descriptors),descriptors,0,0,balanced_accuracy,0.4880952380952381
gbm_selective_class,scaffold,MLP (descriptors),descriptors,0,0,mcc,-0.023809523809523808
gbm_selective_class,scaffold,MLP (descriptors),descriptors,0,0,brier,0.11248638846480241
gbm_selective_class,scaffold,MLP (descriptors),descriptors,0,1,roc_auc,0.27901234567901234
gbm_selective_class,scaffold,MLP (descriptors),descriptors,0,1,pr_auc,0.04836309090682289
gbm_selective_class,scaffold,MLP (descriptors),descriptors,0,1,balanced_accuracy,0.5
gbm_selective_class,scaffold,MLP (descriptors),descriptors,0,1,mcc,0.0
gbm_selective_class,scaffold,MLP (descriptors),descriptors,0,1,brier,0.13447558364576573
gbm_selective_class,scaffold,MLP (descriptors),descriptors,0,2,roc_auc,0.7850609756097561
gbm_selective_class,scaffold,MLP (descriptors),descriptors,0,2,pr_auc,0.27405437352245865
gbm_selective_class,scaffold,MLP (descriptors),descriptors,0,2,balanced_accuracy,0.49390243902439024
gbm_selective_class,scaffold,MLP (descriptors),descriptors,0,2,mcc,-0.023955961509029327
gbm_selective_class,scaffold,MLP (descriptors),descriptors,0,2,brier,0.11250291477568854
gbm_selective_class,scaffold,MLP (descriptors),descriptors,0,3,roc_auc,0.53125
gbm_selective_class,scaffold,MLP (descriptors),descriptors,0,3,pr_auc,0.11805222327117415
gbm_selective_class,scaffold,MLP (descriptors),descriptors,0,3,balanced_accuracy,0.5520833333333334
gbm_selective_class,scaffold,MLP (descriptors),descriptors,0,3,mcc,0.10416666666666667
gbm_selective_class,scaffold,MLP (descriptors),descriptors,0,3,brier,0.15228184032116923
gbm_selective_class,scaffold,MLP (descriptors),descriptors,0,4,roc_auc,0.4036144578313253
gbm_selective_class,scaffold,MLP (descriptors),descriptors,0,4,pr_auc,0.02872670807453416
gbm_selective_class,scaffold,MLP (descriptors),descriptors,0,4,balanced_accuracy,0.5
gbm_selective_class,scaffold,MLP (descriptors),descriptors,0,4,mcc,0.0
gbm_selective_class,scaffold,MLP (descriptors),descriptors,0,4,brier,0.12281735331256148
gbm_selective_class,scaffold,Linear (pathway one-hot),pathway,0,0,roc_auc,0.4196428571428571
gbm_selective_class,scaffold,Linear (pathway one-hot),pathway,0,0,pr_auc,0.027153234175025943
gbm_selective_class,scaffold,Linear (pathway one-hot),pathway,0,0,balanced_accuracy,0.36904761904761907
gbm_selective_class,scaffold,Linear (pathway one-hot),pathway,0,0,mcc,-0.09046835805696823
gbm_selective_class,scaffold,Linear (pathway one-hot),pathway,0,0,brier,0.1710470389599042
gbm_selective_class,scaffold,Linear (pathway one-hot),pathway,0,1,roc_auc,0.562962962962963
gbm_selective_class,scaffold,Linear (pathway one-hot),pathway,0,1,pr_auc,0.29384404924760604
gbm_selective_class,scaffold,Linear (pathway one-hot),pathway,0,1,balanced_accuracy,0.5716049382716049
gbm_selective_class,scaffold,Linear (pathway one-hot),pathway,0,1,mcc,0.0671879778628352
gbm_selective_class,scaffold,Linear (pathway one-hot),pathway,0,1,brier,0.22214966449325857
gbm_selective_class,scaffold,Linear (pathway one-hot),pathway,0,2,roc_auc,0.6189024390243902
gbm_selective_class,scaffold,Linear (pathway one-hot),pathway,0,2,pr_auc,0.12323504983388704
gbm_selective_class,scaffold,Linear (pathway one-hot),pathway,0,2,balanced_accuracy,0.5853658536585367
gbm_selective_class,scaffold,Linear (pathway one-hot),pathway,0,2,mcc,0.07605270726919618
gbm_selective_class,scaffold,Linear (pathway one-hot),pathway,0,2,brier,0.2071949093778365
gbm_selective_class,scaffold,Linear (pathway one-hot),pathway,0,3,roc_auc,0.5885416666666667
gbm_selective_class,scaffold,Linear (pathway one-hot),pathway,0,3,pr_auc,0.13813421201814058
gbm_selective_class,scaffold,Linear (pathway one-hot),pathway,0,3,balanced_accuracy,0.55625
gbm_selective_class,scaffold,Linear (pathway one-hot),pathway,0,3,mcc,0.058618136893376936
gbm_selective_class,scaffold,Linear (pathway one-hot),pathway,0,3,brier,0.2436316210020805
gbm_selective_class,scaffold,Linear (pathway one-hot),pathway,0,4,roc_auc,0.3373493975903614
gbm_selective_class,scaffold,Linear (pathway one-hot),pathway,0,4,pr_auc,0.02452153110047847
gbm_selective_class,scaffold,Linear (pathway one-hot),pathway,0,4,balanced_accuracy,0.3674698795180723
gbm_selective_class,scaffold,Linear (pathway one-hot),pathway,0,4,mcc,-0.0917311878493317
gbm_selective_class,scaffold,Linear (pathway one-hot),pathway,0,4,brier,0.19975817113521932
gbm_selective_class,scaffold,Random Forest (pathway one-hot),pathway,0,0,roc_auc,0.43452380952380953
gbm_selective_class,scaffold,Random Forest (pathway one-hot),pathway,0,0,pr_auc,0.025516795865633074
gbm_selective_class,scaffold,Random Forest (pathway one-hot),pathway,0,0,balanced_accuracy,0.39285714285714285
gbm_selective_class,scaffold,Random Forest (pathway one-hot),pathway,0,0,mcc,-0.07938841860374447
gbm_selective_class,scaffold,Random Forest (pathway one-hot),pathway,0,0,brier,0.13746160039711505
gbm_selective_class,scaffold,Random Forest (pathway one-hot),pathway,0,1,roc_auc,0.634567901234568
gbm_selective_class,scaffold,Random Forest (pathway one-hot),pathway,0,1,pr_auc,0.33234672304439744
gbm_selective_class,scaffold,Random Forest (pathway one-hot),pathway,0,1,balanced_accuracy,0.6888888888888889
gbm_selective_class,scaffold,Random Forest (pathway one-hot),pathway,0,1,mcc,0.2057773611073928
gbm_selective_class,scaffold,Random Forest (pathway one-hot),pathway,0,1,brier,0.15871680372655442
gbm_selective_class,scaffold,Random Forest (pathway one-hot),pathway,0,2,roc_auc,0.625
gbm_selective_class,scaffold,Random Forest (pathway one-hot),pathway,0,2,pr_auc,0.12769933554817275
gbm_selective_class,scaffold,Random Forest (pathway one-hot),pathway,0,2,balanced_accuracy,0.6341463414634146
gbm_selective_class,scaffold,Random Forest (pathway one-hot),pathway,0,2,mcc,0.13151625227932015
gbm_selective_class,scaffold,Random Forest (pathway one-hot),pathway,0,2,brier,0.16018899660609123
gbm_selective_class,scaffold,Random Forest (pathway one-hot),pathway,0,3,roc_auc,0.6385416666666666
gbm_selective_class,scaffold,Random Forest (pathway one-hot),pathway,0,3,pr_auc,0.17801771871539313
gbm_selective_class,scaffold,Random Forest (pathway one-hot),pathway,0,3,balanced_accuracy,0.575
gbm_selective_class,scaffold,Random Forest (pathway one-hot),pathway,0,3,mcc,0.07958838389136873
gbm_selective_class,scaffold,Random Forest (pathway one-hot),pathway,0,3,brier,0.1776822223733814
gbm_selective_class,scaffold,Random Forest (pathway one-hot),pathway,0,4,roc_auc,0.35542168674698793
gbm_selective_class,scaffold,Random Forest (pathway one-hot),pathway,0,4,pr_auc,0.025062266500622665
gbm_selective_class,scaffold,Random Forest (pathway one-hot),pathway,0,4,balanced_accuracy,0.3795180722891566
gbm_selective_class,scaffold,Random Forest (pathway one-hot),pathway,0,4,mcc,-0.08610616978192352
gbm_selective_class,scaffold,Random Forest (pathway one-hot),pathway,0,4,brier,0.15680443333765665
gbm_selective_class,scaffold,Random Forest (descriptors + pathway),descriptors_pathway,0,0,roc_auc,0.8273809523809523
gbm_selective_class,scaffold,Random Forest (descriptors + pathway),descriptors_pathway,0,0,pr_auc,0.532258064516129
gbm_selective_class,scaffold,Random Forest (descriptors + pathway),descriptors_pathway,0,0,balanced_accuracy,0.5
gbm_selective_class,scaffold,Random Forest (descriptors + pathway),descriptors_pathway,0,0,mcc,0.0
gbm_selective_class,scaffold,Random Forest (descriptors + pathway),descriptors_pathway,0,0,brier,0.021213629292122588
gbm_selective_class,scaffold,Random Forest (descriptors + pathway),descriptors_pathway,0,1,roc_auc,0.7333333333333334
gbm_selective_class,scaffold,Random Forest (descriptors + pathway),descriptors_pathway,0,1,pr_auc,0.20346385248933974
gbm_selective_class,scaffold,Random Forest (descriptors + pathway),descriptors_pathway,0,1,balanced_accuracy,0.5
gbm_selective_class,scaffold,Random Forest (descriptors + pathway),descriptors_pathway,0,1,mcc,0.0
gbm_selective_class,scaffold,Random Forest (descriptors + pathway),descriptors_pathway,0,1,brier,0.052409062681380104
gbm_selective_class,scaffold,Random Forest (descriptors + pathway),descriptors_pathway,0,2,roc_auc,0.5411585365853658
gbm_selective_class,scaffold,Random Forest (descriptors + pathway),descriptors_pathway,0,2,pr_auc,0.06069624819624819
gbm_selective_class,scaffold,Random Forest (descriptors + pathway),descriptors_pathway,0,2,balanced_accuracy,0.5
gbm_selective_class,scaffold,Random Forest (descriptors + pathway),descriptors_pathway,0,2,mcc,0.0
gbm_selective_class,scaffold,Random Forest (descriptors + pathway),descriptors_pathway,0,2,brier,0.05819365216368125
gbm_selective_class,scaffold,Random Forest (descriptors + pathway),descriptors_pathway,0,3,roc_auc,0.5947916666666666
gbm_selective_class,scaffold,Random Forest (descriptors + pathway),descriptors_pathway,0,3,pr_auc,0.15860159808991844
gbm_selective_class,scaffold,Random Forest (descriptors + pathway),descriptors_pathway,0,3,balanced_accuracy,0.5
gbm_selective_class,scaffold,Random Forest (descriptors + pathway),descriptors_pathway,0,3,mcc,0.0
gbm_selective_class,scaffold,Random Forest (descriptors + pathway),descriptors_pathway,0,3,brier,0.06669930263785709
gbm_selective_class,scaffold,Random Forest (descriptors + pathway),descriptors_pathway,0,4,roc_auc,0.8614457831325302
gbm_selective_class,scaffold,Random Forest (descriptors + pathway),descriptors_pathway,0,4,pr_auc,0.11437908496732026
gbm_selective_class,scaffold,Random Forest (descriptors + pathway),descriptors_pathway,0,4,balanced_accuracy,0.5
gbm_selective_class,scaffold,Random Forest (descriptors + pathway),descriptors_pathway,0,4,mcc,0.0
gbm_selective_class,scaffold,Random Forest (descriptors + pathway),descriptors_pathway,0,4,brier,0.024275771470213963
gbm_selective_class,scaffold,GNN-GCN (smiles),smiles,0,0,roc_auc,0.726190476190476
gbm_selective_class,scaffold,GNN-GCN (smiles),smiles,0,0,pr_auc,0.06869369369369369
gbm_selective_class,scaffold,GNN-GCN (smiles),smiles,0,0,balanced_accuracy,0.6845238095238095
gbm_selective_class,scaffold,GNN-GCN (smiles),smiles,0,0,mcc,0.16052052288364335
gbm_selective_class,scaffold,GNN-GCN (smiles),smiles,0,0,brier,0.100834074418624
gbm_selective_class,scaffold,GNN-GCN (smiles),smiles,0,1,roc_auc,0.5802469135802469
gbm_selective_class,scaffold,GNN-GCN (smiles),smiles,0,1,pr_auc,0.3727271194106509
gbm_selective_class,scaffold,GNN-GCN (smiles),smiles,0,1,balanced_accuracy,0.5271604938271606
gbm_selective_class,scaffold,GNN-GCN (smiles),smiles,0,1,mcc,0.02667107547328796
gbm_selective_class,scaffold,GNN-GCN (smiles),smiles,0,1,brier,0.24681683255501766
gbm_selective_class,scaffold,GNN-GCN (smiles),smiles,0,2,roc_auc,0.6676829268292683
gbm_selective_class,scaffold,GNN-GCN (smiles),smiles,0,2,pr_auc,0.11028589466089465
gbm_selective_class,scaffold,GNN-GCN (smiles),smiles,0,2,balanced_accuracy,0.4695121951219512
gbm_selective_class,scaffold,GNN-GCN (smiles),smiles,0,2,mcc,-0.05487386648053275
gbm_selective_class,scaffold,GNN-GCN (smiles),smiles,0,2,brier,0.06934491814934109
gbm_selective_class,scaffold,GNN-GCN (smiles),smiles,0,3,roc_auc,0.6499999999999999
gbm_selective_class,scaffold,GNN-GCN (smiles),smiles,0,3,pr_auc,0.17717533238366573
gbm_selective_class,scaffold,GNN-GCN (smiles),smiles,0,3,balanced_accuracy,0.5791666666666667
gbm_selective_class,scaffold,GNN-GCN (smiles),smiles,0,3,mcc,0.08691306901255415
gbm_selective_class,scaffold,GNN-GCN (smiles),smiles,0,3,brier,0.26758284762264284
gbm_selective_class,scaffold,GNN-GCN (smiles),smiles,0,4,roc_auc,0.8253012048192772
gbm_selective_class,scaffold,GNN-GCN (smiles),smiles,0,4,pr_auc,0.2833333333333333
gbm_selective_class,scaffold,GNN-GCN (smiles),smiles,0,4,balanced_accuracy,0.6897590361445782
gbm_selective_class,scaffold,GNN-GCN (smiles),smiles,0,4,mcc,0.1713855896418242
gbm_selective_class,scaffold,GNN-GCN (smiles),smiles,0,4,brier,0.10559621292436783
gbm_selective_class,scaffold,GNN-GAT (smiles),smiles,0,0,roc_auc,0.6964285714285714
gbm_selective_class,scaffold,GNN-GAT (smiles),smiles,0,0,pr_auc,0.145
gbm_selective_class,scaffold,GNN-GAT (smiles),smiles,0,0,balanced_accuracy,0.6785714285714286
gbm_selective_class,scaffold,GNN-GAT (smiles),smiles,0,0,mcc,0.15026696099429487
gbm_selective_class,scaffold,GNN-GAT (smiles),smiles,0,0,brier,0.15131768711968574
gbm_selective_class,scaffold,GNN-GAT (smiles),smiles,0,1,roc_auc,0.19259259259259262
gbm_selective_class,scaffold,GNN-GAT (smiles),smiles,0,1,pr_auc,0.04400460707386704
gbm_selective_class,scaffold,GNN-GAT (smiles),smiles,0,1,balanced_accuracy,0.5
gbm_selective_class,scaffold,GNN-GAT (smiles),smiles,0,1,mcc,0.0
gbm_selective_class,scaffold,GNN-GAT (smiles),smiles,0,1,brier,0.2171383686377305
gbm_selective_class,scaffold,GNN-GAT (smiles),smiles,0,2,roc_auc,0.576219512195122
gbm_selective_class,scaffold,GNN-GAT (smiles),smiles,0,2,pr_auc,0.1479935019318581
gbm_selective_class,scaffold,GNN-GAT (smiles),smiles,0,2,balanced_accuracy,0.6768292682926829
gbm_selective_class,scaffold,GNN-GAT (smiles),smiles,0,2,mcc,0.20173943552300655
gbm_selective_class,scaffold,GNN-GAT (smiles),smiles,0,2,brier,0.14359121832679037
gbm_selective_class,scaffold,GNN-GAT (smiles),smiles,0,3,roc_auc,0.5166666666666666
gbm_selective_class,scaffold,GNN-GAT (smiles),smiles,0,3,pr_auc,0.081448084785232
gbm_selective_class,scaffold,GNN-GAT (smiles),smiles,0,3,balanced_accuracy,0.5
gbm_selective_class,scaffold,GNN-GAT (smiles),smiles,0,3,mcc,0.0
gbm_selective_class,scaffold,GNN-GAT (smiles),smiles,0,3,brier,0.21739259793645566
gbm_selective_class,scaffold,GNN-GAT (smiles),smiles,0,4,roc_auc,0.8915662650602411
gbm_selective_class,scaffold,GNN-GAT (smiles),smiles,0,4,pr_auc,0.18382352941176472
gbm_selective_class,scaffold,GNN-GAT (smiles),smiles,0,4,balanced_accuracy,0.7018072289156627
gbm_selective_class,scaffold,GNN-GAT (smiles),smiles,0,4,mcc,0.19883494240131708
gbm_selective_class,scaffold,GNN-GAT (smiles),smiles,0,4,brier,0.07043078319494517
