task,strategy,model,repeat,fold,inner_score,params
gbm_selectivity,grouped,Linear (descriptors),0,0,0.1178332831814856,"{""ridge__alpha"": 100.0}"
gbm_selectivity,grouped,Linear (descriptors),0,1,0.15193146404524846,"{""ridge__alpha"": 0.1}"
gbm_selectivity,grouped,Linear (descriptors),0,2,0.1779805360920401,"{""ridge__alpha"": 0.1}"
gbm_selectivity,grouped,Linear (descriptors),0,3,0.02544915117848313,"{""ridge__alpha"": 0.1}"
gbm_selectivity,grouped,Linear (descriptors),0,4,0.08322008283375691,"{""ridge__alpha"": 0.1}"
gbm_selectivity,grouped,Linear (descriptors),1,0,0.23331029478062462,"{""ridge__alpha"": 0.1}"
gbm_selectivity,grouped,Linear (descriptors),1,1,0.07572074308533995,"{""ridge__alpha"": 0.1}"
gbm_selectivity,grouped,Linear (descriptors),1,2,0.06092936939869097,"{""ridge__alpha"": 0.1}"
gbm_selectivity,grouped,Linear (descriptors),1,3,0.11690962175721535,"{""ridge__alpha"": 0.1}"
gbm_selectivity,grouped,Linear (descriptors),1,4,0.007424747577629551,"{""ridge__alpha"": 0.1}"
gbm_selectivity,grouped,Linear (descriptors),2,0,0.13611508204919506,"{""ridge__alpha"": 0.1}"
gbm_selectivity,grouped,Linear (descriptors),2,1,0.042659351164982956,"{""ridge__alpha"": 0.1}"
gbm_selectivity,grouped,Linear (descriptors),2,2,0.06365242340840425,"{""ridge__alpha"": 0.1}"
gbm_selectivity,grouped,Linear (descriptors),2,3,0.10703126568624234,"{""ridge__alpha"": 100.0}"
gbm_selectivity,grouped,Linear (descriptors),2,4,0.13347884359977363,"{""ridge__alpha"": 0.1}"
gbm_selectivity,grouped,Linear (descriptors),3,0,0.09554074245028184,"{""ridge__alpha"": 0.1}"
gbm_selectivity,grouped,Linear (descriptors),3,1,0.07503879059470198,"{""ridge__alpha"": 0.1}"
gbm_selectivity,grouped,Linear (descriptors),3,2,0.11417080751612209,"{""ridge__alpha"": 0.1}"
gbm_selectivity,grouped,Linear (descriptors),3,3,0.08851104260955815,"{""ridge__alpha"": 0.1}"
gbm_selectivity,grouped,Linear (descriptors),3,4,0.06149769361397638,"{""ridge__alpha"": 0.1}"
gbm_selectivity,grouped,Linear (descriptors),4,0,0.1817159249677461,"{""ridge__alpha"": 0.1}"
gbm_selectivity,grouped,Linear (descriptors),4,1,0.1371268757121993,"{""ridge__alpha"": 0.1}"
gbm_selectivity,grouped,Linear (descriptors),4,2,0.11071813565110655,"{""ridge__alpha"": 100.0}"
gbm_selectivity,grouped,Linear (descriptors),4,3,0.022450668991109094,"{""ridge__alpha"": 1.0}"
gbm_selectivity,grouped,Linear (descriptors),4,4,0.09217179653534086,"{""ridge__alpha"": 0.1}"
gbm_selectivity,grouped,KNN-Jaccard (morgan),0,0,0.3208460993437368,"{""kneighborsregressor__n_neighbors"": 11}"
gbm_selectivity,grouped,KNN-Jaccard (morgan),0,1,0.27361012912913973,"{""kneighborsregressor__n_neighbors"": 11}"
gbm_selectivity,grouped,KNN-Jaccard (morgan),0,2,0.2675878013553165,"{""kneighborsregressor__n_neighbors"": 11}"
gbm_selectivity,grouped,KNN-Jaccard (morgan),0,3,0.19307867393436032,"{""kneighborsregressor__n_neighbors"": 7}"
gbm_selectivity,grouped,KNN-Jaccard (morgan),0,4,0.2623748774003036,"{""kneighborsregressor__n_neighbors"": 11}"
gbm_selectivity,grouped,KNN-Jaccard (morgan),1,0,0.2311819628551303,"{""kneighborsregressor__n_neighbors"": 11}"
gbm_selectivity,grouped,KNN-Jaccard (morgan),1,1,0.20905908199687395,"{""kneighborsregressor__n_neighbors"": 11}"
gbm_selectivity,grouped,KNN-Jaccard (morgan),1,2,0.261726419379678,"{""kneighborsregressor__n_neighbors"": 11}"
gbm_selectivity,grouped,KNN-Jaccard (morgan),1,3,0.2244094408228948,"{""kneighborsregressor__n_neighbors"": 7}"
gbm_selectivity,grouped,KNN-Jaccard (morgan),1,4,0.28342143729467734,"{""kneighborsregressor__n_neighbors"": 15}"
gbm_selectivity,grouped,KNN-Jaccard (morgan),2,0,0.25146671851194174,"{""kneighborsregressor__n_neighbors"": 11}"
gbm_selectivity,grouped,KNN-Jaccard (morgan),2,1,0.20526736652516428,"{""kneighborsregressor__n_neighbors"": 3}"
gbm_selectivity,grouped,KNN-Jaccard (morgan),2,2,0.2381737237483624,"{""kneighborsregressor__n_neighbors"": 3}"
gbm_selectivity,grouped,KNN-Jaccard (morgan),2,3,0.24811820976555796,"{""kneighborsregressor__n_neighbors"": 5}"
gbm_selectivity,grouped,KNN-Jaccard (morgan),2,4,0.3192546385181076,"{""kneighborsregressor__n_neighbors"": 11}"
gbm_selectivity,grouped,KNN-Jaccard (morgan),3,0,0.19086172899624212,"{""kneighborsregressor__n_neighbors"": 15}"
gbm_selectivity,grouped,KNN-Jaccard (morgan),3,1,0.24481890997812314,"{""kneighborsregressor__n_neighbors"": 11}"
gbm_selectivity,grouped,KNN-Jaccard (morgan),3,2,0.2479301400394837,"{""kneighborsregressor__n_neighbors"": 15}"
gbm_selectivity,grouped,KNN-Jaccard (morgan),3,3,0.22866928346227677,"{""kneighborsregressor__n_neighbors"": 3}"
gbm_selectivity,grouped,KNN-Jaccard (morgan),3,4,0.25591279306342707,"{""kneighborsregressor__n_neighbors"": 11}"
gbm_selectivity,grouped,KNN-Jaccard (morgan),4,0,0.1555609521711828,"{""kneighborsregressor__n_neighbors"": 3}"
gbm_selectivity,grouped,KNN-Jaccard (morgan),4,1,0.2286200495547697,"{""kneighborsregressor__n_neighbors"": 5}"
gbm_selectivity,grouped,KNN-Jaccard (morgan),4,2,0.24454112921872337,"{""kneighborsregressor__n_neighbors"": 11}"
gbm_selectivity,grouped,KNN-Jaccard (morgan),4,3,0.2454416788645406,"{""kneighborsregressor__n_neighbors"": 11}"
gbm_selectivity,grouped,KNN-Jaccard (morgan),4,4,0.27290446480112296,"{""kneighborsregressor__n_neighbors"": 11}"
gbm_selectivity,grouped,Random Forest (descriptors),0,0,0.16306026480231284,"{""max_features"": 0.5, ""min_samples_leaf"": 3}"
gbm_selectivity,grouped,Random Forest (descriptors),0,1,0.1361271436555213,"{""max_features"": 0.5, ""min_samples_leaf"": 3}"
gbm_selectivity,grouped,Random Forest (descriptors),0,2,0.19897942646381706,"{""max_features"": ""sqrt"", ""min_samples_leaf"": 1}"
gbm_selectivity,grouped,Random Forest (descriptors),0,3,0.05504251810632752,"{""max_features"": ""sqrt"", ""min_samples_leaf"": 1}"
gbm_selectivity,grouped,Random Forest (descriptors),0,4,0.17082637081267862,"{""max_features"": 0.5, ""min_samples_leaf"": 3}"
gbm_selectivity,grouped,Random Forest (descriptors),1,0,0.28789312387863525,"{""max_features"": 0.5, ""min_samples_leaf"": 1}"
gbm_selectivity,grouped,Random Forest (descriptors),1,1,0.04149418655191484,"{""max_features"": 0.5, ""min_samples_leaf"": 1}"
gbm_selectivity,grouped,Random Forest (descriptors),1,2,0.1102406082248895,"{""max_features"": 0.5, ""min_samples_leaf"": 3}"
gbm_selectivity,grouped,Random Forest (descriptors),1,3,0.1708421702479531,"{""max_features"": 0.5, ""min_samples_leaf"": 1}"
gbm_selectivity,grouped,Random Forest (descriptors),1,4,0.07265796903298222,"{""max_features"": 0.5, ""min_samples_leaf"": 3}"
gbm_selectivity,grouped,Random Forest (descriptors),2,0,0.15554835020948818,"{""max_features"": 0.5, ""min_samples_leaf"": 1}"
gbm_selectivity,grouped,Random Forest (descriptors),2,1,0.1139583953431973,"{""max_features"": 0.5, ""min_samples_leaf"": 1}"
gbm_selectivity,grouped,Random Forest (descriptors),2,2,0.1239465164231842,"{""max_features"": 0.5, ""min_samples_leaf"": 3}"
gbm_selectivity,grouped,Random Forest (descriptors),2,3,0.17158608827899427,"{""max_features"": 0.5, ""min_samples_leaf"": 3}"
gbm_selectivity,grouped,Random Forest (descriptors),2,4,0.11755611779642672,"{""max_features"": 0.5, ""min_samples_leaf"": 3}"
gbm_selectivity,grouped,Random Forest (descriptors),3,0,0.042371531111434074,"{""max_features"": 0.5, ""min_samples_leaf"": 1}"
gbm_selectivity,grouped,Random Forest (descriptors),3,1,0.17740763096718784,"{""max_features"": ""sqrt"", ""min_samples_leaf"": 3}"
gbm_selectivity,grouped,Random Forest (descriptors),3,2,0.20770144519147735,"{""max_features"": 0.5, ""min_samples_leaf"": 1}"
gbm_selectivity,grouped,Random Forest (descriptors),3,3,0.10013699150657984,"{""max_features"": 0.5, ""min_samples_leaf"": 3}"
gbm_selectivity,grouped,Random Forest (descriptors),3,4,0.12016458302485584,"{""max_features"": ""sqrt"", ""min_samples_leaf"": 1}"
gbm_selectivity,grouped,Random Forest (descriptors),4,0,0.1455734401549074,"{""max_features"": 0.5, ""min_samples_leaf"": 1}"
gbm_selectivity,grouped,Random Forest (descriptors),4,1,0.14915107837234248,"{""max_features"": ""sqrt"", ""min_samples_leaf"": 1}"
gbm_selectivity,grouped,Random Forest (descriptors),4,2,0.20441165798102387,"{""max_features"": 0.5, ""min_samples_leaf"": 1}"
gbm_selectivity,grouped,Random Forest (descriptors),4,3,0.14305613290066835,"{""max_features"": ""sqrt"", ""min_samples_leaf"": 1}"
gbm_selectivity,grouped,Random Forest (descriptors),4,4,0.07882068788026797,"{""max_features"": 0.5, ""min_samples_leaf"": 1}"
gbm_selectivity,grouped,Random Forest (morgan),0,0,0.28768670550163744,"{""max_features"": ""sqrt"", ""min_samples_leaf"": 3}"
gbm_selectivity,grouped,Random Forest (morgan),0,1,0.2521330143923796,"{""max_features"": ""sqrt"", ""min_samples_leaf"": 1}"
gbm_selectivity,grouped,Random Forest (morgan),0,2,0.22881276383728152,"{""max_features"": 0.5, ""min_samples_leaf"": 3}"
gbm_selectivity,grouped,Random Forest (morgan),0,3,0.1959265337971096,"{""max_features"": 0.5, ""min_samples_leaf"": 1}"
gbm_selectivity,grouped,Random Forest (morgan),0,4,0.215926610336538,"{""max_features"": ""sqrt"", ""min_samples_leaf"": 1}"
gbm_selectivity,grouped,Random Forest (morgan),1,0,0.2685013944392516,"{""max_features"": ""sqrt"", ""min_samples_leaf"": 3}"
gbm_selectivity,grouped,Random Forest (morgan),1,1,0.18703766767197796,"{""max_features"": ""sqrt"", ""min_samples_leaf"": 3}"
gbm_selectivity,grouped,Random Forest (morgan),1,2,0.22759507930276643,"{""max_features"": ""sqrt"", ""min_samples_leaf"": 3}"
gbm_selectivity,grouped,Random Forest (morgan),1,3,0.24346634456748684,"{""max_features"": 0.5, ""min_samples_leaf"": 1}"
gbm_selectivity,grouped,Random Forest (morgan),1,4,0.2329652519656684,"{""max_features"": ""sqrt"", ""min_samples_leaf"": 3}"
gbm_selectivity,grouped,Random Forest (morgan),2,0,0.23704098301796064,"{""max_features"": ""sqrt"", ""min_samples_leaf"": 3}"
gbm_selectivity,grouped,Random Forest (morgan),2,1,0.22877470155614002,"{""max_features"": ""sqrt"", ""min_samples_leaf"": 3}"
gbm_selectivity,grouped,Random Forest (morgan),2,2,0.24528869116928761,"{""max_features"": ""sqrt"", ""min_samples_leaf"": 1}"
gbm_selectivity,grouped,Random Forest (morgan),2,3,0.1607934104814249,"{""max_features"": ""sqrt"", ""min_samples_leaf"": 3}"
gbm_selectivity,grouped,Random Forest (morgan),2,4,0.22666923362751978,"{""max_features"": ""sqrt"", ""min_samples_leaf"": 3}"
gbm_selectivity,grouped,Random Forest (morgan),3,0,0.20586595138571537,"{""max_features"": ""sqrt"", ""min_samples_leaf"": 1}"
gbm_selectivity,grouped,Random Forest (morgan),3,1,0.20801869319503752,"{""max_features"": ""sqrt"", ""min_samples_leaf"": 3}"
gbm_selectivity,grouped,Random Forest (morgan),3,2,0.2689893743295458,"{""max_features"": 0.5, ""min_samples_leaf"": 1}"
gbm_selectivity,grouped,Random Forest (morgan),3,3,0.2383529129940738,"{""max_features"": ""sqrt"", ""min_samples_leaf"": 3}"
gbm_selectivity,grouped,Random Forest (morgan),3,4,0.20097493740411446,"{""max_features"": ""sqrt"", ""min_samples_leaf"": 1}"
gbm_selectivity,grouped,Random Forest (morgan),4,0,0.1826215762220852,"{""max_features"": ""sqrt"", ""min_samples_leaf"": 1}"
gbm_selectivity,grouped,Random Forest (morgan),4,1,0.1911257396796795,"{""max_features"": ""sqrt"", ""min_samples_leaf"": 3}"
gbm_selectivity,grouped,Random Forest (morgan),4,2,0.26238796004791703,"{""max_features"": 0.5, ""min_samples_leaf"": 3}"
gbm_selectivity,grouped,Random Forest (morgan),4,3,0.26716464458271905,"{""max_features"": ""sqrt"", ""min_samples_leaf"": 1}"
gbm_selectivity,grouped,Random Forest (morgan),4,4,0.2597816798784363,"{""max_features"": ""sqrt"", ""min_samples_leaf"": 1}"
gbm_selectivity,grouped,XGBoost (descriptors),0,0,0.10555090081340375,"{""learning_rate"": 0.03, ""max_depth"": 3}"
gbm_selectivity,grouped,XGBoost (descriptors),0,1,0.13460508681926425,"{""learning_rate"": 0.03, ""max_depth"": 3}"
gbm_selectivity,grouped,XGBoost (descriptors),0,2,0.20484794494725336,"{""learning_rate"": 0.03, ""max_depth"": 3}"
gbm_selectivity,grouped,XGBoost (descriptors),0,3,0.07993307429906381,"{""learning_rate"": 0.03, ""max_depth"": 3}"
gbm_selectivity,grouped,XGBoost (descriptors),0,4,0.21536236130196498,"{""learning_rate"": 0.1, ""max_depth"": 5}"
gbm_selectivity,grouped,XGBoost (descriptors),1,0,0.2924945084751886,"{""learning_rate"": 0.1, ""max_depth"": 5}"
gbm_selectivity,grouped,XGBoost (descriptors),1,1,0.05665753445315752,"{""learning_rate"": 0.1, ""max_depth"": 3}"
gbm_selectivity,grouped,XGBoost (descriptors),1,2,0.0805848222812192,"{""learning_rate"": 0.03, ""max_depth"": 5}"
gbm_selectivity,grouped,XGBoost (descriptors),1,3,0.13498952296373146,"{""learning_rate"": 0.1, ""max_depth"": 5}"
gbm_selectivity,grouped,XGBoost (descriptors),1,4,0.09625839817598342,"{""learning_rate"": 0.1, ""max_depth"": 3}"
gbm_selectivity,grouped,XGBoost (descriptors),2,0,0.1801914093957436,"{""learning_rate"": 0.1, ""max_depth"": 3}"
gbm_selectivity,grouped,XGBoost (descriptors),2,1,0.11722283440920882,"{""learning_rate"": 0.03, ""max_depth"": 5}"
gbm_selectivity,grouped,XGBoost (descriptors),2,2,0.15320992842882172,"{""learning_rate"": 0.1, ""max_depth"": 5}"
gbm_selectivity,grouped,XGBoost (descriptors),2,3,0.14856792919461068,"{""learning_rate"": 0.03, ""max_depth"": 3}"
gbm_selectivity,grouped,XGBoost (descriptors),2,4,0.07202701949396151,"{""learning_rate"": 0.1, ""max_depth"": 5}"
gbm_selectivity,grouped,XGBoost (descriptors),3,0,0.08532463558796145,"{""learning_rate"": 0.1, ""max_depth"": 5}"
gbm_selectivity,grouped,XGBoost (descriptors),3,1,0.1687531416959054,"{""learning_rate"": 0.1, ""max_depth"": 3}"
gbm_selectivity,grouped,XGBoost (descriptors),3,2,0.2062033104049742,"{""learning_rate"": 0.03, ""max_depth"": 5}"
gbm_selectivity,grouped,XGBoost (descriptors),3,3,0.12583687211224603,"{""learning_rate"": 0.1, ""max_depth"": 5}"
gbm_selectivity,grouped,XGBoost (descriptors),3,4,0.13137994467935987,"{""learning_rate"": 0.1, ""max_depth"": 5}"
gbm_selectivity,grouped,XGBoost (descriptors),4,0,0.13602915723590447,"{""learning_rate"": 0.1, ""max_depth"": 5}"
gbm_selectivity,grouped,XGBoost (descriptors),4,1,0.1467523854890884,"{""learning_rate"": 0.1, ""max_depth"": 3}"
gbm_selectivity,grouped,XGBoost (descriptors),4,2,0.21752796763850168,"{""learning_rate"": 0.1, ""max_depth"": 5}"
gbm_selectivity,grouped,XGBoost (descriptors),4,3,0.17692659321695425,"{""learning_rate"": 0.1, ""max_depth"": 3}"
gbm_selectivity,grouped,XGBoost (descriptors),4,4,0.08227642639899178,"{""learning_rate"": 0.03, ""max_depth"": 3}"
gbm_selectivity,grouped,XGBoost (morgan),0,0,0.21515763789149278,"{""learning_rate"": 0.03, ""max_depth"": 5}"
gbm_selectivity,grouped,XGBoost (morgan),0,1,0.13754102869488263,"{""learning_rate"": 0.1, ""max_depth"": 5}"
gbm_selectivity,grouped,XGBoost (morgan),0,2,0.15546515266596483,"{""learning_rate"": 0.03, ""max_depth"": 3}"
gbm_selectivity,grouped,XGBoost (morgan),0,3,0.18296372392813684,"{""learning_rate"": 0.1, ""max_depth"": 5}"
gbm_selectivity,grouped,XGBoost (morgan),0,4,0.18782627391975085,"{""learning_rate"": 0.1, ""max_depth"": 5}"
gbm_selectivity,grouped,XGBoost (morgan),1,0,0.19623193338037917,"{""learning_rate"": 0.03, ""max_depth"": 3}"
gbm_selectivity,grouped,XGBoost (morgan),1,1,0.11600674467336454,"{""learning_rate"": 0.03, ""max_depth"": 5}"
gbm_selectivity,grouped,XGBoost (morgan),1,2,0.18570486231496544,"{""learning_rate"": 0.03, ""max_depth"": 5}"
gbm_selectivity,grouped,XGBoost (morgan),1,3,0.19606060991664634,"{""learning_rate"": 0.1, ""max_depth"": 3}"
gbm_selectivity,grouped,XGBoost (morgan),1,4,0.22637216720836187,"{""learning_rate"": 0.03, ""max_depth"": 3}"
gbm_selectivity,grouped,XGBoost (morgan),2,0,0.20693796468355305,"{""learning_rate"": 0.1, ""max_depth"": 3}"
gbm_selectivity,grouped,XGBoost (morgan),2,1,0.17289197398335543,"{""learning_rate"": 0.1, ""max_depth"": 3}"
gbm_selectivity,grouped,XGBoost (morgan),2,2,0.22439977785447962,"{""learning_rate"": 0.1, ""max_depth"": 5}"
gbm_selectivity,grouped,XGBoost (morgan),2,3,0.10438117871876985,"{""learning_rate"": 0.1, ""max_depth"": 3}"
gbm_selectivity,grouped,XGBoost (morgan),2,4,0.22785641904445064,"{""learning_rate"": 0.1, ""max_depth"": 5}"
gbm_selectivity,grouped,XGBoost (morgan),3,0,0.15401265732884262,"{""learning_rate"": 0.03, ""max_depth"": 5}"
gbm_selectivity,grouped,XGBoost (morgan),3,1,0.11260937695522133,"{""learning_rate"": 0.03, ""max_depth"": 5}"
gbm_selectivity,grouped,XGBoost (morgan),3,2,0.23584744484607567,"{""learning_rate"": 0.03, ""max_depth"": 3}"
gbm_selectivity,grouped,XGBoost (morgan),3,3,0.1771691761094892,"{""learning_rate"": 0.03, ""max_depth"": 5}"
gbm_selectivity,grouped,XGBoost (morgan),3,4,0.15035822829683157,"{""learning_rate"": 0.03, ""max_depth"": 5}"
gbm_selectivity,grouped,XGBoost (morgan),4,0,0.1807095863759319,"{""learning_rate"": 0.03, ""max_depth"": 3}"
gbm_selectivity,grouped,XGBoost (morgan),4,1,0.1164100887351804,"{""learning_rate"": 0.03, ""max_depth"": 3}"
gbm_selectivity,grouped,XGBoost (morgan),4,2,0.2417352706396604,"{""learning_rate"": 0.1, ""max_depth"": 5}"
gbm_selectivity,grouped,XGBoost (morgan),4,3,0.1827110557804755,"{""learning_rate"": 0.03, ""max_depth"": 5}"
gbm_selectivity,grouped,XGBoost (morgan),4,4,0.1894013886449367,"{""learning_rate"": 0.1, ""max_depth"": 5}"
gbm_selectivity,grouped,SVM (descriptors),0,0,0.1840051444248976,"{""svr__C"": 10.0, ""svr__gamma"": 0.01}"
gbm_selectivity,grouped,SVM (descriptors),0,1,0.09586899344013318,"{""svr__C"": 10.0, ""svr__gamma"": 0.01}"
gbm_selectivity,grouped,SVM (descriptors),0,2,0.17171834178858134,"{""svr__C"": 10.0, ""svr__gamma"": ""scale""}"
gbm_selectivity,grouped,SVM (descriptors),0,3,0.12286968310523094,"{""svr__C"": 10.0, ""svr__gamma"": ""scale""}"
gbm_selectivity,grouped,SVM (descriptors),0,4,0.07652160036381438,"{""svr__C"": 3.0, ""svr__gamma"": 0.01}"
gbm_selectivity,grouped,SVM (descriptors),1,0,0.23865497663210192,"{""svr__C"": 10.0, ""svr__gamma"": 0.01}"
gbm_selectivity,grouped,SVM (descriptors),1,1,0.0665900619374612,"{""svr__C"": 10.0, ""svr__gamma"": 0.01}"
gbm_selectivity,grouped,SVM (descriptors),1,2,0.07579135680234499,"{""svr__C"": 10.0, ""svr__gamma"": ""scale""}"
gbm_selectivity,grouped,SVM (descriptors),1,3,0.08232053432919643,"{""svr__C"": 1.0, ""svr__gamma"": 0.01}"
gbm_selectivity,grouped,SVM (descriptors),1,4,0.09388702670494564,"{""svr__C"": 10.0, ""svr__gamma"": ""scale""}"
gbm_selectivity,grouped,SVM (descriptors),2,0,0.08346761880865587,"{""svr__C"": 0.3, ""svr__gamma"": 0.01}"
gbm_selectivity,grouped,SVM (descriptors),2,1,0.12268324864915664,"{""svr__C"": 3.0, ""svr__gamma"": ""scale""}"
gbm_selectivity,grouped,SVM (descriptors),2,2,0.06927493584293788,"{""svr__C"": 10.0, ""svr__gamma"": ""scale""}"
gbm_selectivity,grouped,SVM (descriptors),2,3,0.12310979529123849,"{""svr__C"": 10.0, ""svr__gamma"": ""scale""}"
gbm_selectivity,grouped,SVM (descriptors),2,4,0.12564962760815565,"{""svr__C"": 3.0, ""svr__gamma"": ""scale""}"
gbm_selectivity,grouped,SVM (descriptors),3,0,0.0786028327898266,"{""svr__C"": 10.0, ""svr__gamma"": ""scale""}"
gbm_selectivity,grouped,SVM (descriptors),3,1,0.18207128752532062,"{""svr__C"": 10.0, ""svr__gamma"": ""scale""}"
gbm_selectivity,grouped,SVM (descriptors),3,2,0.15821844090413145,"{""svr__C"": 0.3, ""svr__gamma"": ""scale""}"
gbm_selectivity,grouped,SVM (descriptors),3,3,0.1547450432738532,"{""svr__C"": 10.0, ""svr__gamma"": 0.01}"
gbm_selectivity,grouped,SVM (descriptors),3,4,0.06445691567899321,"{""svr__C"": 1.0, ""svr__gamma"": ""scale""}"
gbm_selectivity,grouped,SVM (descriptors),4,0,0.12978263674824006,"{""svr__C"": 10.0, ""svr__gamma"": 0.01}"
gbm_selectivity,grouped,SVM (descriptors),4,1,0.16420904529869637,"{""svr__C"": 10.0, ""svr__gamma"": 0.01}"
gbm_selectivity,grouped,SVM (descriptors),4,2,0.11483156316301302,"{""svr__C"": 10.0, ""svr__gamma"": 0.01}"
gbm_selectivity,grouped,SVM (descriptors),4,3,0.11227665542472158,"{""svr__C"": 10.0, ""svr__gamma"": 0.01}"
gbm_selectivity,grouped,SVM (descriptors),4,4,0.0906688204020369,"{""svr__C"": 10.0, ""svr__gamma"": 0.01}"
gbm_selectivity,grouped,MLP (descriptors),0,0,0.01105073466013723,"{""mlpregressor__alpha"": 0.01}"
gbm_selectivity,grouped,MLP (descriptors),0,1,-0.0485022008089312,"{""mlpregressor__alpha"": 0.0001}"
gbm_selectivity,grouped,MLP (descriptors),0,2,0.03087790276707439,"{""mlpregressor__alpha"": 0.001}"
gbm_selectivity,grouped,MLP (descriptors),0,3,-0.048526763127527656,"{""mlpregressor__alpha"": 0.001}"
gbm_selectivity,grouped,MLP (descriptors),0,4,-0.07244572431974816,"{""mlpregressor__alpha"": 0.01}"
gbm_selectivity,grouped,MLP (descriptors),1,0,0.0023442812718507213,"{""mlpregressor__alpha"": 0.0001}"
gbm_selectivity,grouped,MLP (descriptors),1,1,0.04861184421705117,"{""mlpregressor__alpha"": 0.01}"
gbm_selectivity,grouped,MLP (descriptors),1,2,0.01711134044060632,"{""mlpregressor__alpha"": 0.0001}"
gbm_selectivity,grouped,MLP (descriptors),1,3,-0.06527412557964736,"{""mlpregressor__alpha"": 0.0001}"
gbm_selectivity,grouped,MLP (descriptors),1,4,-0.021501580042501686,"{""mlpregressor__alpha"": 0.01}"
gbm_selectivity,grouped,MLP (descriptors),2,0,0.017943446637842125,"{""mlpregressor__alpha"": 0.001}"
gbm_selectivity,grouped,MLP (descriptors),2,1,0.019886977992959482,"{""mlpregressor__alpha"": 0.0001}"
gbm_selectivity,grouped,MLP (descriptors),2,2,-0.005271227926489256,"{""mlpregressor__alpha"": 0.0001}"
gbm_selectivity,grouped,MLP (descriptors),2,3,0.022519129197544088,"{""mlpregressor__alpha"": 0.001}"
gbm_selectivity,grouped,MLP (descriptors),2,4,0.026367063259973872,"{""mlpregressor__alpha"": 0.01}"
gbm_selectivity,grouped,MLP (descriptors),3,0,0.018950590437236996,"{""mlpregressor__alpha"": 0.001}"
gbm_selectivity,grouped,MLP (descriptors),3,1,-0.009381508782337079,"{""mlpregressor__alpha"": 0.01}"
gbm_selectivity,grouped,MLP (descriptors),3,2,0.03030816572128905,"{""mlpregressor__alpha"": 0.01}"
gbm_selectivity,grouped,MLP (descriptors),3,3,-0.011912344909607584,"{""mlpregressor__alpha"": 0.01}"
gbm_selectivity,grouped,MLP (descriptors),3,4,-0.09518971765052921,"{""mlpregressor__alpha"": 0.0001}"
gbm_selectivity,grouped,MLP (descriptors),4,0,-0.019281424680974654,"{""mlpregressor__alpha"": 0.01}"
gbm_selectivity,grouped,MLP (descriptors),4,1,0.007522013623934856,"{""mlpregressor__alpha"": 0.001}"
gbm_selectivity,grouped,MLP (descriptors),4,2,-0.02424684317391732,"{""mlpregressor__alpha"": 0.0001}"
gbm_selectivity,grouped,MLP (descriptors),4,3,0.050110992042569406,"{""mlpregressor__alpha"": 0.01}"
gbm_selectivity,grouped,MLP (descriptors),4,4,-0.04284353410508226,"{""mlpregressor__alpha"": 0.01}"
gbm_selectivity,grouped,Linear (pathway one-hot),0,0,0.20597286138466916,"{""ridge__alpha"": 0.1}"
gbm_selectivity,grouped,Linear (pathway one-hot),0,1,0.18606616409585983,"{""ridge__alpha"": 100.0}"
gbm_selectivity,grouped,Linear (pathway one-hot),0,2,0.20838771772059742,"{""ridge__alpha"": 100.0}"
gbm_selectivity,grouped,Linear (pathway one-hot),0,3,0.24353503167154988,"{""ridge__alpha"": 0.1}"
gbm_selectivity,grouped,Linear (pathway one-hot),0,4,0.22349184977475253,"{""ridge__alpha"": 0.1}"
gbm_selectivity,grouped,Linear (pathway one-hot),1,0,0.21997117466489016,"{""ridge__alpha"": 100.0}"
gbm_selectivity,grouped,Linear (pathway one-hot),1,1,0.1065458926973309,"{""ridge__alpha"": 0.1}"
gbm_selectivity,grouped,Linear (pathway one-hot),1,2,0.19865547766276584,"{""ridge__alpha"": 0.1}"
gbm_selectivity,grouped,Linear (pathway one-hot),1,3,0.1703565408453481,"{""ridge__alpha"": 100.0}"
gbm_selectivity,grouped,Linear (pathway one-hot),1,4,0.1632077031100391,"{""ridge__alpha"": 100.0}"
gbm_selectivity,grouped,Linear (pathway one-hot),2,0,0.27052735262196026,"{""ridge__alpha"": 0.1}"
gbm_selectivity,grouped,Linear (pathway one-hot),2,1,0.24198972232368035,"{""ridge__alpha"": 100.0}"
gbm_selectivity,grouped,Linear (pathway one-hot),2,2,0.16081072310181774,"{""ridge__alpha"": 0.1}"
gbm_selectivity,grouped,Linear (pathway one-hot),2,3,0.17132114216414743,"{""ridge__alpha"": 100.0}"
gbm_selectivity,grouped,Linear (pathway one-hot),2,4,0.19175570152238394,"{""ridge__alpha"": 0.1}"
gbm_selectivity,grouped,Linear (pathway one-hot),3,0,0.13965821848094265,"{""ridge__alpha"": 0.1}"
gbm_selectivity,grouped,Linear (pathway one-hot),3,1,0.2572093595439994,"{""ridge__alpha"": 0.1}"
gbm_selectivity,grouped,Linear (pathway one-hot),3,2,0.17558728471419335,"{""ridge__alpha"": 0.1}"
gbm_selectivity,grouped,Linear (pathway one-hot),3,3,0.2661314759873684,"{""ridge__alpha"": 100.0}"
gbm_selectivity,grouped,Linear (pathway one-hot),3,4,0.15942151437548402,"{""ridge__alpha"": 0.1}"
gbm_selectivity,grouped,Linear (pathway one-hot),4,0,0.15557813935496714,"{""ridge__alpha"": 100.0}"
gbm_selectivity,grouped,Linear (pathway one-hot),4,1,0.16864212799715453,"{""ridge__alpha"": 0.1}"
gbm_selectivity,grouped,Linear (pathway one-hot),4,2,0.237741988410205,"{""ridge__alpha"": 0.1}"
gbm_selectivity,grouped,Linear (pathway one-hot),4,3,0.22001828850130134,"{""ridge__alpha"": 0.1}"
gbm_selectivity,grouped,Linear (pathway one-hot),4,4,0.25264226691042163,"{""ridge__alpha"": 0.1}"
gbm_selectivity,grouped,Random Forest (pathway one-hot),0,0,0.20650793436286352,"{""max_features"": ""sqrt"", ""min_samples_leaf"": 1}"
gbm_selectivity,grouped,Random Forest (pathway one-hot),0,1,0.18421361313273046,"{""max_features"": 0.5, ""min_samples_leaf"": 1}"
gbm_selectivity,grouped,Random Forest (pathway one-hot),0,2,0.23243584504113132,"{""max_features"": 0.5, ""min_samples_leaf"": 3}"
gbm_selectivity,grouped,Random Forest (pathway one-hot),0,3,0.24828262870053142,"{""max_features"": 0.5, ""min_samples_leaf"": 1}"
gbm_selectivity,grouped,Random Forest (pathway one-hot),0,4,0.22663242391261942,"{""max_features"": ""sqrt"", ""min_samples_leaf"": 1}"
gbm_selectivity,grouped,Random Forest (pathway one-hot),1,0,0.2232655874068644,"{""max_features"": ""sqrt"", ""min_samples_leaf"": 1}"
gbm_selectivity,grouped,Random Forest (pathway one-hot),1,1,0.10256077974573592,"{""max_features"": ""sqrt"", ""min_samples_leaf"": 1}"
gbm_selectivity,grouped,Random Forest (pathway one-hot),1,2,0.18995572324725163,"{""max_features"": ""sqrt"", ""min_samples_leaf"": 1}"
gbm_selectivity,grouped,Random Forest (pathway one-hot),1,3,0.17119978174667994,"{""max_features"": 0.5, ""min_samples_leaf"": 1}"
gbm_selectivity,grouped,Random Forest (pathway one-hot),1,4,0.15874271387559283,"{""max_features"": ""sqrt"", ""min_samples_leaf"": 1}"
gbm_selectivity,grouped,Random Forest (pathway one-hot),2,0,0.2705731134444328,"{""max_features"": 0.5, ""min_samples_leaf"": 1}"
gbm_selectivity,grouped,Random Forest (pathway one-hot),2,1,0.24712498119748857,"{""max_features"": 0.5, ""min_samples_leaf"": 1}"
gbm_selectivity,grouped,Random Forest (pathway one-hot),2,2,0.17094840020469637,"{""max_features"": 0.5, ""min_samples_leaf"": 1}"
gbm_selectivity,grouped,Random Forest (pathway one-hot),2,3,0.1832029935095568,"{""max_features"": 0.5, ""min_samples_leaf"": 3}"
gbm_selectivity,grouped,Random Forest (pathway one-hot),2,4,0.19876184487973902,"{""max_features"": 0.5, ""min_samples_leaf"": 3}"
gbm_selectivity,grouped,Random Forest (pathway one-hot),3,0,0.13945276785395858,"{""max_features"": 0.5, ""min_samples_leaf"": 1}"
gbm_selectivity,grouped,Random Forest (pathway one-hot),3,1,0.27744244810192903,"{""max_features"": 0.5, ""min_samples_leaf"": 3}"
gbm_selectivity,grouped,Random Forest (pathway one-hot),3,2,0.17736243671518526,"{""max_features"": 0.5, ""min_samples_leaf"": 3}"
gbm_selectivity,grouped,Random Forest (pathway one-hot),3,3,0.28022264665007046,"{""max_features"": ""sqrt"", ""min_samples_leaf"": 3}"
gbm_selectivity,grouped,Random Forest (pathway one-hot),3,4,0.15860127854983422,"{""max_features"": ""sqrt"", ""min_samples_leaf"": 1}"
gbm_selectivity,grouped,Random Forest (pathway one-hot),4,0,0.16649552193058384,"{""max_features"": ""sqrt"", ""min_samples_leaf"": 1}"
gbm_selectivity,grouped,Random Forest (pathway one-hot),4,1,0.1691485845624758,"{""max_features"": ""sqrt"", ""min_samples_leaf"": 1}"
gbm_selectivity,grouped,Random Forest (pathway one-hot),4,2,0.23650909886705485,"{""max_features"": ""sqrt"", ""min_samples_leaf"": 1}"
gbm_selectivity,grouped,Random Forest (pathway one-hot),4,3,0.2061442483018129,"{""max_features"": 0.5, ""min_samples_leaf"": 3}"
gbm_selectivity,grouped,Random Forest (pathway one-hot),4,4,0.25027440740415646,"{""max_features"": ""sqrt"", ""min_samples_leaf"": 1}"
gbm_selectivity,grouped,Random Forest (descriptors + pathway),0,0,0.20468643266283948,"{""max_features"": ""sqrt"", ""min_samples_leaf"": 3}"
gbm_selectivity,grouped,Random Forest (descriptors + pathway),0,1,0.1913697216115894,"{""max_features"": 0.5, ""min_samples_leaf"": 1}"
gbm_selectivity,grouped,Random Forest (descriptors + pathway),0,2,0.2718463386560827,"{""max_features"": 0.5, ""min_samples_leaf"": 1}"
gbm_selectivity,grouped,Random Forest (descriptors + pathway),0,3,0.1071285161571391,"{""max_features"": ""sqrt"", ""min_samples_leaf"": 3}"
gbm_selectivity,grouped,Random Forest (descriptors + pathway),0,4,0.21455173943305605,"{""max_features"": 0.5, ""min_samples_leaf"": 1}"
gbm_selectivity,grouped,Random Forest (descriptors + pathway),1,0,0.29659397182164954,"{""max_features"": ""sqrt"", ""min_samples_leaf"": 1}"
gbm_selectivity,grouped,Random Forest (descriptors + pathway),1,1,0.08709496818022193,"{""max_features"": ""sqrt"", ""min_samples_leaf"": 1}"
gbm_selectivity,grouped,Random Forest (descriptors + pathway),1,2,0.16312590063454985,"{""max_features"": ""sqrt"", ""min_samples_leaf"": 3}"
gbm_selectivity,grouped,Random Forest (descriptors + pathway),1,3,0.20944821210136813,"{""max_features"": ""sqrt"", ""min_samples_leaf"": 1}"
gbm_selectivity,grouped,Random Forest (descriptors + pathway),1,4,0.11649207611967947,"{""max_features"": 0.5, ""min_samples_leaf"": 1}"
gbm_selectivity,grouped,Random Forest (descriptors + pathway),2,0,0.24918284331502108,"{""max_features"": ""sqrt"", ""min_samples_leaf"": 1}"
gbm_selectivity,grouped,Random Forest (descriptors + pathway),2,1,0.19240799229952063,"{""max_features"": ""sqrt"", ""min_samples_leaf"": 1}"
gbm_selectivity,grouped,Random Forest (descriptors + pathway),2,2,0.1552350959531001,"{""max_features"": 0.5, ""min_samples_leaf"": 3}"
gbm_selectivity,grouped,Random Forest (descriptors + pathway),2,3,0.21007710508571434,"{""max_features"": 0.5, ""min_samples_leaf"": 3}"
gbm_selectivity,grouped,Random Forest (descriptors + pathway),2,4,0.18071035571671393,"{""max_features"": ""sqrt"", ""min_samples_leaf"": 1}"
gbm_selectivity,grouped,Random Forest (descriptors + pathway),3,0,0.06652312422268625,"{""max_features"": ""sqrt"", ""min_samples_leaf"": 1}"
gbm_selectivity,grouped,Random Forest (descriptors + pathway),3,1,0.22300256416031924,"{""max_features"": 0.5, ""min_samples_leaf"": 1}"
gbm_selectivity,grouped,Random Forest (descriptors + pathway),3,2,0.2777440235411253,"{""max_features"": ""sqrt"", ""min_samples_leaf"": 1}"
gbm_selectivity,grouped,Random Forest (descriptors + pathway),3,3,0.1897119647701069,"{""max_features"": ""sqrt"", ""min_samples_leaf"": 1}"
gbm_selectivity,grouped,Random Forest (descriptors + pathway),3,4,0.1559968147447711,"{""max_features"": ""sqrt"", ""min_samples_leaf"": 1}"
gbm_selectivity,grouped,Random Forest (descriptors + pathway),4,0,0.21311525238312692,"{""max_features"": 0.5, ""min_samples_leaf"": 1}"
gbm_selectivity,grouped,Random Forest (descriptors + pathway),4,1,0.1543642609794553,"{""max_features"": 0.5, ""min_samples_leaf"": 3}"
gbm_selectivity,grouped,Random Forest (descriptors + pathway),4,2,0.2550135723502661,"{""max_features"": ""sqrt"", ""min_samples_leaf"": 1}"
gbm_selectivity,grouped,Random Forest (descriptors + pathway),4,3,0.16796272844467883,"{""max_features"": ""sqrt"", ""min_samples_leaf"": 1}"
gbm_selectivity,grouped,Random Forest (descriptors + pathway),4,4,0.15981520189959406,"{""max_features"": 0.5, ""min_samples_leaf"": 1}"
gbm_selectivity,scaffold,Linear (descriptors),0,0,0.09818710399518273,"{""ridge__alpha"": 0.1}"
gbm_selectivity,scaffold,Linear (descriptors),0,1,0.10021577739670423,"{""ridge__alpha"": 0.1}"
gbm_selectivity,scaffold,Linear (descriptors),0,2,0.1949341613131951,"{""ridge__alpha"": 0.1}"
gbm_selectivity,scaffold,Linear (descriptors),0,3,0.12123404094173036,"{""ridge__alpha"": 0.1}"
gbm_selectivity,scaffold,Linear (descriptors),0,4,0.03990996823415391,"{""ridge__alpha"": 0.1}"
gbm_selectivity,scaffold,KNN-Jaccard (morgan),0,0,0.20705223649681415,"{""kneighborsregressor__n_neighbors"": 11}"
gbm_selectivity,scaffold,KNN-Jaccard (morgan),0,1,0.16535464100893793,"{""kneighborsregressor__n_neighbors"": 15}"
gbm_selectivity,scaffold,KNN-Jaccard (morgan),0,2,0.21908500550751633,"{""kneighborsregressor__n_neighbors"": 11}"
gbm_selectivity,scaffold,KNN-Jaccard (morgan),0,3,0.2174943675988854,"{""kneighborsregressor__n_neighbors"": 15}"
gbm_selectivity,scaffold,KNN-Jaccard (morgan),0,4,0.22072090644205633,"{""kneighborsregressor__n_neighbors"": 11}"
gbm_selectivity,scaffold,Random Forest (descriptors),0,0,0.12951310394364607,"{""max_features"": ""sqrt"", ""min_samples_leaf"": 3}"
gbm_selectivity,scaffold,Random Forest (descriptors),0,1,0.16120022668136033,"{""max_features"": 0.5, ""min_samples_leaf"": 3}"
gbm_selectivity,scaffold,Random Forest (descriptors),0,2,0.12161582238694058,"{""max_features"": ""sqrt"", ""min_samples_leaf"": 1}"
gbm_selectivity,scaffold,Random Forest (descriptors),0,3,0.20531333701700125,"{""max_features"": ""sqrt"", ""min_samples_leaf"": 3}"
gbm_selectivity,scaffold,Random Forest (descriptors),0,4,0.13804996771143527,"{""max_features"": ""sqrt"", ""min_samples_leaf"": 1}"
gbm_selectivity,scaffold,Random Forest (morgan),0,0,0.15256310439650478,"{""max_features"": 0.5, ""min_samples_leaf"": 1}"
gbm_selectivity,scaffold,Random Forest (morgan),0,1,0.18859462845353173,"{""max_features"": ""sqrt"", ""min_samples_leaf"": 1}"
gbm_selectivity,scaffold,Random Forest (morgan),0,2,0.21509618460601646,"{""max_features"": ""sqrt"", ""min_samples_leaf"": 3}"
gbm_selectivity,scaffold,Random Forest (morgan),0,3,0.20787550787966755,"{""max_features"": ""sqrt"", ""min_samples_leaf"": 1}"
gbm_selectivity,scaffold,Random Forest (morgan),0,4,0.14942776355616266,"{""max_features"": ""sqrt"", ""min_samples_leaf"": 3}"
gbm_selectivity,scaffold,XGBoost (descriptors),0,0,0.11940220079327485,"{""learning_rate"": 0.03, ""max_depth"": 3}"
gbm_selectivity,scaffold,XGBoost (descriptors),0,1,0.12101349754506574,"{""learning_rate"": 0.03, ""max_depth"": 5}"
gbm_selectivity,scaffold,XGBoost (descriptors),0,2,0.1055933399566833,"{""learning_rate"": 0.03, ""max_depth"": 5}"
gbm_selectivity,scaffold,XGBoost (descriptors),0,3,0.2070610989637384,"{""learning_rate"": 0.03, ""max_depth"": 5}"
gbm_selectivity,scaffold,XGBoost (descriptors),0,4,0.17462426284433583,"{""learning_rate"": 0.1, ""max_depth"": 3}"
gbm_selectivity,scaffold,XGBoost (morgan),0,0,0.16514397161384994,"{""learning_rate"": 0.1, ""max_depth"": 5}"
gbm_selectivity,scaffold,XGBoost (morgan),0,1,0.13101517679402883,"{""learning_rate"": 0.03, ""max_depth"": 3}"
gbm_selectivity,scaffold,XGBoost (morgan),0,2,0.050198656747989207,"{""learning_rate"": 0.03, ""max_depth"": 5}"
gbm_selectivity,scaffold,XGBoost (morgan),0,3,0.17475562892854446,"{""learning_rate"": 0.1, ""max_depth"": 3}"
gbm_selectivity,scaffold,XGBoost (morgan),0,4,0.08088024842845172,"{""learning_rate"": 0.03, ""max_depth"": 3}"
gbm_selectivity,scaffold,SVM (descriptors),0,0,0.10623832653594197,"{""svr__C"": 3.0, ""svr__gamma"": 0.01}"
gbm_selectivity,scaffold,SVM (descriptors),0,1,0.10558671471788182,"{""svr__C"": 3.0, ""svr__gamma"": 0.01}"
gbm_selectivity,scaffold,SVM (descriptors),0,2,0.1943870997361213,"{""svr__C"": 10.0, ""svr__gamma"": 0.01}"
gbm_selectivity,scaffold,SVM (descriptors),0,3,0.12152609393836077,"{""svr__C"": 10.0, ""svr__gamma"": ""scale""}"
gbm_selectivity,scaffold,SVM (descriptors),0,4,0.08388545697602597,"{""svr__C"": 10.0, ""svr__gamma"": ""scale""}"
gbm_selectivity,scaffold,MLP (descriptors),0,0,0.014752503185720231,"{""mlpregressor__alpha"": 0.01}"
gbm_selectivity,scaffold,MLP (descriptors),0,1,0.020699582923852964,"{""mlpregressor__alpha"": 0.01}"
gbm_selectivity,scaffold,MLP (descriptors),0,2,0.03018918870596345,"{""mlpregressor__alpha"": 0.001}"
gbm_selectivity,scaffold,MLP (descriptors),0,3,0.053276437305220414,"{""mlpregressor__alpha"": 0.01}"
gbm_selectivity,scaffold,MLP (descriptors),0,4,-0.010991631992128159,"{""mlpregressor__alpha"": 0.0001}"
gbm_selectivity,scaffold,Linear (pathway one-hot),0,0,0.14014511479111286,"{""ridge__alpha"": 0.1}"
gbm_selectivity,scaffold,Linear (pathway one-hot),0,1,0.21513284462672969,"{""ridge__alpha"": 100.0}"
gbm_selectivity,scaffold,Linear (pathway one-hot),0,2,0.1464923255421742,"{""ridge__alpha"": 0.1}"
gbm_selectivity,scaffold,Linear (pathway one-hot),0,3,0.21206877319466103,"{""ridge__alpha"": 100.0}"
gbm_selectivity,scaffold,Linear (pathway one-hot),0,4,0.2532922623869001,"{""ridge__alpha"": 100.0}"
gbm_selectivity,scaffold,Random Forest (pathway one-hot),0,0,0.1303321700108081,"{""max_features"": 0.5, ""min_samples_leaf"": 1}"
gbm_selectivity,scaffold,Random Forest (pathway one-hot),0,1,0.2205074017908478,"{""max_features"": ""sqrt"", ""min_samples_leaf"": 1}"
gbm_selectivity,scaffold,Random Forest (pathway one-hot),0,2,0.14417704252434024,"{""max_features"": 0.5, ""min_samples_leaf"": 1}"
gbm_selectivity,scaffold,Random Forest (pathway one-hot),0,3,0.21124564281859134,"{""max_features"": ""sqrt"", ""min_samples_leaf"": 1}"
gbm_selectivity,scaffold,Random Forest (pathway one-hot),0,4,0.2581729504753944,"{""max_features"": ""sqrt"", ""min_samples_leaf"": 1}"
gbm_selectivity,scaffold,Random Forest (descriptors + pathway),0,0,0.18777758340976478,"{""max_features"": ""sqrt"", ""min_samples_leaf"": 1}"
gbm_selectivity,scaffold,Random Forest (descriptors + pathway),0,1,0.21246146672489333,"{""max_features"": 0.5, ""min_samples_leaf"": 1}"
gbm_selectivity,scaffold,Random Forest (descriptors + pathway),0,2,0.168094304916933,"{""max_features"": ""sqrt"", ""min_samples_leaf"": 3}"
gbm_selectivity,scaffold,Random Forest (descriptors + pathway),0,3,0.22199792144804031,"{""max_features"": ""sqrt"", ""min_samples_leaf"": 1}"
gbm_selectivity,scaffold,Random Forest (descriptors + pathway),0,4,0.1988961731670257,"{""max_features"": ""sqrt"", ""min_samples_leaf"": 1}"
gbm_potency,grouped,Linear (descriptors),0,0,0.2834527517729783,"{""ridge__alpha"": 100.0}"
gbm_potency,grouped,Linear (descriptors),0,1,0.2513077861127093,"{""ridge__alpha"": 100.0}"
gbm_potency,grouped,Linear (descriptors),0,2,0.29513002535525096,"{""ridge__alpha"": 100.0}"
gbm_potency,grouped,Linear (descriptors),0,3,0.2761674700673746,"{""ridge__alpha"": 0.1}"
gbm_potency,grouped,Linear (descriptors),0,4,0.32439223773355036,"{""ridge__alpha"": 100.0}"
gbm_potency,grouped,Linear (descriptors),1,0,0.315432463280314,"{""ridge__alpha"": 100.0}"
gbm_potency,grouped,Linear (descriptors),1,1,0.2876266104724188,"{""ridge__alpha"": 100.0}"
gbm_potency,grouped,Linear (descriptors),1,2,0.29915115276932064,"{""ridge__alpha"": 100.0}"
gbm_potency,grouped,Linear (descriptors),1,3,0.33807454924136754,"{""ridge__alpha"": 100.0}"
gbm_potency,grouped,Linear (descriptors),1,4,0.3710078470911972,"{""ridge__alpha"": 100.0}"
gbm_potency,grouped,Linear (descriptors),2,0,0.29126732423481344,"{""ridge__alpha"": 100.0}"
gbm_potency,grouped,Linear (descriptors),2,1,0.3375350657985723,"{""ridge__alpha"": 100.0}"
gbm_potency,grouped,Linear (descriptors),2,2,0.2568639395335783,"{""ridge__alpha"": 100.0}"
gbm_potency,grouped,Linear (descriptors),2,3,0.34729172448829626,"{""ridge__alpha"": 100.0}"
gbm_potency,grouped,Linear (descriptors),2,4,0.3032589555227998,"{""ridge__alpha"": 1.0}"
gbm_potency,grouped,Linear (descriptors),3,0,0.30764377926102743,"{""ridge__alpha"": 100.0}"
gbm_potency,grouped,Linear (descriptors),3,1,0.310219720272484,"{""ridge__alpha"": 100.0}"
gbm_potency,grouped,Linear (descriptors),3,2,0.3590417363300837,"{""ridge__alpha"": 100.0}"
gbm_potency,grouped,Linear (descriptors),3,3,0.3249260301155396,"{""ridge__alpha"": 100.0}"
gbm_potency,grouped,Linear (descriptors),3,4,0.2414442469645659,"{""ridge__alpha"": 100.0}"
gbm_potency,grouped,Linear (descriptors),4,0,0.3602215615083657,"{""ridge__alpha"": 100.0}"
gbm_potency,grouped,Linear (descriptors),4,1,0.3565776659169518,"{""ridge__alpha"": 100.0}"
gbm_potency,grouped,Linear (descriptors),4,2,0.31372573616338034,"{""ridge__alpha"": 100.0}"
gbm_potency,grouped,Linear (descriptors),4,3,0.3101287281060612,"{""ridge__alpha"": 100.0}"
gbm_potency,grouped,Linear (descriptors),4,4,0.2859386901138818,"{""ridge__alpha"": 100.0}"
gbm_potency,grouped,KNN-Jaccard (morgan),0,0,0.30321911098173837,"{""kneighborsregressor__n_neighbors"": 11}"
gbm_potency,grouped,KNN-Jaccard (morgan),0,1,0.2510165878046273,"{""kneighborsregressor__n_neighbors"": 7}"
gbm_potency,grouped,KNN-Jaccard (morgan),0,2,0.3301623479590979,"{""kneighborsregressor__n_neighbors"": 7}"
gbm_potency,grouped,KNN-Jaccard (morgan),0,3,0.25481592215072807,"{""kneighborsregressor__n_neighbors"": 7}"
gbm_potency,grouped,KNN-Jaccard (morgan),0,4,0.33327718827521347,"{""kneighborsregressor__n_neighbors"": 3}"
gbm_potency,grouped,KNN-Jaccard (morgan),1,0,0.29075018213802123,"{""kneighborsregressor__n_neighbors"": 3}"
gbm_potency,grouped,KNN-Jaccard (morgan),1,1,0.22441633206198255,"{""kneighborsregressor__n_neighbors"": 3}"
gbm_potency,grouped,KNN-Jaccard (morgan),1,2,0.3029962243394118,"{""kneighborsregressor__n_neighbors"": 11}"
gbm_potency,grouped,KNN-Jaccard (morgan),1,3,0.3304511311169822,"{""kneighborsregressor__n_neighbors"": 3}"
gbm_potency,grouped,KNN-Jaccard (morgan),1,4,0.42482048573560743,"{""kneighborsregressor__n_neighbors"": 7}"
gbm_potency,grouped,KNN-Jaccard (morgan),2,0,0.3027124658061261,"{""kneighborsregressor__n_neighbors"": 11}"
gbm_potency,grouped,KNN-Jaccard (morgan),2,1,0.2900512040381951,"{""kneighborsregressor__n_neighbors"": 7}"
gbm_potency,grouped,KNN-Jaccard (morgan),2,2,0.333308247307494,"{""kneighborsregressor__n_neighbors"": 11}"
gbm_potency,grouped,KNN-Jaccard (morgan),2,3,0.33377369365112464,"{""kneighborsregressor__n_neighbors"": 11}"
gbm_potency,grouped,KNN-Jaccard (morgan),2,4,0.23407384955939214,"{""kneighborsregressor__n_neighbors"": 15}"
gbm_potency,grouped,KNN-Jaccard (morgan),3,0,0.21751534670554784,"{""kneighborsregressor__n_neighbors"": 11}"
gbm_potency,grouped,KNN-Jaccard (morgan),3,1,0.2794687498524849,"{""kneighborsregressor__n_neighbors"": 3}"
gbm_potency,grouped,KNN-Jaccard (morgan),3,2,0.30350919837201773,"{""kneighborsregressor__n_neighbors"": 11}"
gbm_potency,grouped,KNN-Jaccard (morgan),3,3,0.34100786998512667,"{""kneighborsregressor__n_neighbors"": 11}"
gbm_potency,grouped,KNN-Jaccard (morgan),3,4,0.27658422744328987,"{""kneighborsregressor__n_neighbors"": 7}"
gbm_potency,grouped,KNN-Jaccard (morgan),4,0,0.3433664779274574,"{""kneighborsregressor__n_neighbors"": 5}"
gbm_potency,grouped,KNN-Jaccard (morgan),4,1,0.2964713982349729,"{""kneighborsregressor__n_neighbors"": 7}"
gbm_potency,grouped,KNN-Jaccard (morgan),4,2,0.2769502204612895,"{""kneighborsregressor__n_neighbors"": 7}"
gbm_potency,grouped,KNN-Jaccard (morgan),4,3,0.24947173106099196,"{""kneighborsregressor__n_neighbors"": 5}"
gbm_potency,grouped,KNN-Jaccard (morgan),4,4,0.30109485575017114,"{""kneighborsregressor__n_neighbors"": 7}"
gbm_potency,grouped,Random Forest (descriptors),0,0,0.4158818969699853,"{""max_features"": ""sqrt"", ""min_samples_leaf"": 1}"
gbm_potency,grouped,Random Forest (descriptors),0,1,0.3501190469431643,"{""max_features"": ""sqrt"", ""min_samples_leaf"": 3}"
gbm_potency,grouped,Random Forest (descriptors),0,2,0.32761900836752805,"{""max_features"": ""sqrt"", ""min_samples_leaf"": 1}"
gbm_potency,grouped,Random Forest (descriptors),0,3,0.30130707319991695,"{""max_features"": 0.5, ""min_samples_leaf"": 3}"
gbm_potency,grouped,Random Forest (descriptors),0,4,0.3891607301230457,"{""max_features"": 0.5, ""min_samples_leaf"": 3}"
gbm_potency,grouped,Random Forest (descriptors),1,0,0.37921102206386403,"{""max_features"": 0.5, ""min_samples_leaf"": 3}"
gbm_potency,grouped,Random Forest (descriptors),1,1,0.3412717574476701,"{""max_features"": 0.5, ""min_samples_leaf"": 3}"
gbm_potency,grouped,Random Forest (descriptors),1,2,0.31523105010796615,"{""max_features"": ""sqrt"", ""min_samples_leaf"": 3}"
gbm_potency,grouped,Random Forest (descriptors),1,3,0.3208166709273472,"{""max_features"": ""sqrt"", ""min_samples_leaf"": 3}"
gbm_potency,grouped,Random Forest (descriptors),1,4,0.44136701454506566,"{""max_features"": ""sqrt"", ""min_samples_leaf"": 1}"
gbm_potency,grouped,Random Forest (descriptors),2,0,0.30544964893938886,"{""max_features"": ""sqrt"", ""min_samples_leaf"": 1}"
gbm_potency,grouped,Random Forest (descriptors),2,1,0.3764957699268659,"{""max_features"": ""sqrt"", ""min_samples_leaf"": 3}"
gbm_potency,grouped,Random Forest (descriptors),2,2,0.33380527501078966,"{""max_features"": 0.5, ""min_samples_leaf"": 3}"
gbm_potency,grouped,Random Forest (descriptors),2,3,0.389795746690799,"{""max_features"": ""sqrt"", ""min_samples_leaf"": 3}"
gbm_potency,grouped,Random Forest (descriptors),2,4,0.3720057390224212,"{""max_features"": ""sqrt"", ""min_samples_leaf"": 3}"
gbm_potency,grouped,Random Forest (descriptors),3,0,0.2972426995067891,"{""max_features"": ""sqrt"", ""min_samples_leaf"": 3}"
gbm_potency,grouped,Random Forest (descriptors),3,1,0.3082384082547323,"{""max_features"": ""sqrt"", ""min_samples_leaf"": 3}"
gbm_potency,grouped,Random Forest (descriptors),3,2,0.45537716299652403,"{""max_features"": ""sqrt"", ""min_samples_leaf"": 1}"
gbm_potency,grouped,Random Forest (descriptors),3,3,0.36719416892071716,"{""max_features"": 0.5, ""min_samples_leaf"": 3}"
gbm_potency,grouped,Random Forest (descriptors),3,4,0.35996480552994115,"{""max_features"": ""sqrt"", ""min_samples_leaf"": 3}"
gbm_potency,grouped,Random Forest (descriptors),4,0,0.364668065554711,"{""max_features"": 0.5, ""min_samples_leaf"": 3}"
gbm_potency,grouped,Random Forest (descriptors),4,1,0.43813765240959146,"{""max_features"": ""sqrt"", ""min_samples_leaf"": 1}"
gbm_potency,grouped,Random Forest (descriptors),4,2,0.3596278762839695,"{""max_features"": ""sqrt"", ""min_samples_leaf"": 1}"
gbm_potency,grouped,Random Forest (descriptors),4,3,0.3009694627652036,"{""max_features"": 0.5, ""min_samples_leaf"": 3}"
gbm_potency,grouped,Random Forest (descriptors),4,4,0.384298704069106,"{""max_features"": ""sqrt"", ""min_samples_leaf"": 3}"
gbm_potency,grouped,Random Forest (morgan),0,0,0.3819166476279925,"{""max_features"": 0.5, ""min_samples_leaf"": 1}"
gbm_potency,grouped,Random Forest (morgan),0,1,0.35971150547135783,"{""max_features"": ""sqrt"", ""min_samples_leaf"": 1}"
gbm_potency,grouped,Random Forest (morgan),0,2,0.3931125116386302,"{""max_features"": ""sqrt"", ""min_samples_leaf"": 1}"
gbm_potency,grouped,Random Forest (morgan),0,3,0.33001693335134885,"{""max_features"": ""sqrt"", ""min_samples_leaf"": 3}"
gbm_potency,grouped,Random Forest (morgan),0,4,0.36299999375288144,"{""max_features"": ""sqrt"", ""min_samples_leaf"": 3}"
gbm_potency,grouped,Random Forest (morgan),1,0,0.36414699732716166,"{""max_features"": ""sqrt"", ""min_samples_leaf"": 3}"
gbm_potency,grouped,Random Forest (morgan),1,1,0.29283682554320256,"{""max_features"": ""sqrt"", ""min_samples_leaf"": 1}"
gbm_potency,grouped,Random Forest (morgan),1,2,0.3285255571681232,"{""max_features"": ""sqrt"", ""min_samples_leaf"": 3}"
gbm_potency,grouped,Random Forest (morgan),1,3,0.38645556689033095,"{""max_features"": ""sqrt"", ""min_samples_leaf"": 1}"
gbm_potency,grouped,Random Forest (morgan),1,4,0.45068510050142846,"{""max_features"": ""sqrt"", ""min_samples_leaf"": 3}"
gbm_potency,grouped,Random Forest (morgan),2,0,0.4221977538146025,"{""max_features"": ""sqrt"", ""min_samples_leaf"": 1}"
gbm_potency,grouped,Random Forest (morgan),2,1,0.38246755597918947,"{""max_features"": 0.5, ""min_samples_leaf"": 1}"
gbm_potency,grouped,Random Forest (morgan),2,2,0.3552507280602258,"{""max_features"": ""sqrt"", ""min_samples_leaf"": 1}"
gbm_potency,grouped,Random Forest (morgan),2,3,0.3827411809767478,"{""max_features"": ""sqrt"", ""min_samples_leaf"": 3}"
gbm_potency,grouped,Random Forest (morgan),2,4,0.3313706991087272,"{""max_features"": ""sqrt"", ""min_samples_leaf"": 1}"
gbm_potency,grouped,Random Forest (morgan),3,0,0.33214628632443755,"{""max_features"": ""sqrt"", ""min_samples_leaf"": 1}"
gbm_potency,grouped,Random Forest (morgan),3,1,0.3780163798520511,"{""max_features"": ""sqrt"", ""min_samples_leaf"": 3}"
gbm_potency,grouped,Random Forest (morgan),3,2,0.4043632445734417,"{""max_features"": ""sqrt"", ""min_samples_leaf"": 1}"
gbm_potency,grouped,Random Forest (morgan),3,3,0.35306461053667015,"{""max_features"": ""sqrt"", ""min_samples_leaf"": 1}"
gbm_potency,grouped,Random Forest (morgan),3,4,0.3449451919151558,"{""max_features"": ""sqrt"", ""min_samples_leaf"": 3}"
gbm_potency,grouped,Random Forest (morgan),4,0,0.3927586163343397,"{""max_features"": ""sqrt"", ""min_samples_leaf"": 1}"
gbm_potency,grouped,Random Forest (morgan),4,1,0.3709824356914713,"{""max_features"": ""sqrt"", ""min_samples_leaf"": 3}"
gbm_potency,grouped,Random Forest (morgan),4,2,0.3739007251326743,"{""max_features"": ""sqrt"", ""min_samples_leaf"": 1}"
gbm_potency,grouped,Random Forest (morgan),4,3,0.35358330899599616,"{""max_features"": 0.5, ""min_samples_leaf"": 3}"
gbm_potency,grouped,Random Forest (morgan),4,4,0.40494849190849425,"{""max_features"": ""sqrt"", ""min_samples_leaf"": 3}"
gbm_potency,grouped,XGBoost (descriptors),0,0,0.3930371222339338,"{""learning_rate"": 0.03, ""max_depth"": 3}"
gbm_potency,grouped,XGBoost (descriptors),0,1,0.302327212549937,"{""learning_rate"": 0.1, ""max_depth"": 5}"
gbm_potency,grouped,XGBoost (descriptors),0,2,0.28274294606896994,"{""learning_rate"": 0.03, ""max_depth"": 5}"
gbm_potency,grouped,XGBoost (descriptors),0,3,0.2747089851406268,"{""learning_rate"": 0.03, ""max_depth"": 3}"
gbm_potency,grouped,XGBoost (descriptors),0,4,0.331277687691621,"{""learning_rate"": 0.03, ""max_depth"": 3}"
gbm_potency,grouped,XGBoost (descriptors),1,0,0.31103730685763314,"{""learning_rate"": 0.03, ""max_depth"": 5}"
gbm_potency,grouped,XGBoost (descriptors),1,1,0.3140404970721252,"{""learning_rate"": 0.1, ""max_depth"": 5}"
gbm_potency,grouped,XGBoost (descriptors),1,2,0.2731153283320111,"{""learning_rate"": 0.03, ""max_depth"": 5}"
gbm_potency,grouped,XGBoost (descriptors),1,3,0.3071372568898445,"{""learning_rate"": 0.03, ""max_depth"": 3}"
gbm_potency,grouped,XGBoost (descriptors),1,4,0.37790844356328607,"{""learning_rate"": 0.03, ""max_depth"": 3}"
gbm_potency,grouped,XGBoost (descriptors),2,0,0.24705836772772485,"{""learning_rate"": 0.03, ""max_depth"": 3}"
gbm_potency,grouped,XGBoost (descriptors),2,1,0.3515911796526036,"{""learning_rate"": 0.1, ""max_depth"": 5}"
gbm_potency,grouped,XGBoost (descriptors),2,2,0.3071243953578702,"{""learning_rate"": 0.03, ""max_depth"": 3}"
gbm_potency,grouped,XGBoost (descriptors),2,3,0.34907180001383603,"{""learning_rate"": 0.03, ""max_depth"": 5}"
gbm_potency,grouped,XGBoost (descriptors),2,4,0.32729223162339494,"{""learning_rate"": 0.03, ""max_depth"": 5}"
gbm_potency,grouped,XGBoost (descriptors),3,0,0.32582634526432497,"{""learning_rate"": 0.03, ""max_depth"": 3}"
gbm_potency,grouped,XGBoost (descriptors),3,1,0.28259815977238734,"{""learning_rate"": 0.03, ""max_depth"": 5}"
gbm_potency,grouped,XGBoost (descriptors),3,2,0.39742166074299706,"{""learning_rate"": 0.03, ""max_depth"": 5}"
gbm_potency,grouped,XGBoost (descriptors),3,3,0.31424374120129833,"{""learning_rate"": 0.03, ""max_depth"": 5}"
gbm_potency,grouped,XGBoost (descriptors),3,4,0.31906870359999256,"{""learning_rate"": 0.03, ""max_depth"": 3}"
gbm_potency,grouped,XGBoost (descriptors),4,0,0.28880198826422787,"{""learning_rate"": 0.03, ""max_depth"": 5}"
gbm_potency,grouped,XGBoost (descriptors),4,1,0.39606375819443734,"{""learning_rate"": 0.03, ""max_depth"": 5}"
gbm_potency,grouped,XGBoost (descriptors),4,2,0.2942987384277877,"{""learning_rate"": 0.03, ""max_depth"": 5}"
gbm_potency,grouped,XGBoost (descriptors),4,3,0.27359013553134864,"{""learning_rate"": 0.03, ""max_depth"": 5}"
gbm_potency,grouped,XGBoost (descriptors),4,4,0.3644077637269861,"{""learning_rate"": 0.03, ""max_depth"": 5}"
gbm_potency,grouped,XGBoost (morgan),0,0,0.30900889476578464,"{""learning_rate"": 0.1, ""max_depth"": 5}"
gbm_potency,grouped,XGBoost (morgan),0,1,0.2797837578423478,"{""learning_rate"": 0.1, ""max_depth"": 3}"
gbm_potency,grouped,XGBoost (morgan),0,2,0.254496631236035,"{""learning_rate"": 0.1, ""max_depth"": 3}"
gbm_potency,grouped,XGBoost (morgan),0,3,0.26294281484109955,"{""learning_rate"": 0.1, ""max_depth"": 5}"
gbm_potency,grouped,XGBoost (morgan),0,4,0.3312329037282106,"{""learning_rate"": 0.03, ""max_depth"": 5}"
gbm_potency,grouped,XGBoost (morgan),1,0,0.274690736671,"{""learning_rate"": 0.03, ""max_depth"": 5}"
gbm_potency,grouped,XGBoost (morgan),1,1,0.2358435747471217,"{""learning_rate"": 0.03, ""max_depth"": 5}"
gbm_potency,grouped,XGBoost (morgan),1,2,0.24250143493708678,"{""learning_rate"": 0.03, ""max_depth"": 5}"
gbm_potency,grouped,XGBoost (morgan),1,3,0.2607430835584878,"{""learning_rate"": 0.1, ""max_depth"": 3}"
gbm_potency,grouped,XGBoost (morgan),1,4,0.33397440204049794,"{""learning_rate"": 0.1, ""max_depth"": 5}"
gbm_potency,grouped,XGBoost (morgan),2,0,0.3422081063069273,"{""learning_rate"": 0.03, ""max_depth"": 5}"
gbm_potency,grouped,XGBoost (morgan),2,1,0.31364315771051426,"{""learning_rate"": 0.1, ""max_depth"": 5}"
gbm_potency,grouped,XGBoost (morgan),2,2,0.307178165825839,"{""learning_rate"": 0.1, ""max_depth"": 5}"
gbm_potency,grouped,XGBoost (morgan),2,3,0.3226759342573123,"{""learning_rate"": 0.03, ""max_depth"": 5}"
gbm_potency,grouped,XGBoost (morgan),2,4,0.28321769433133404,"{""learning_rate"": 0.1, ""max_depth"": 3}"
gbm_potency,grouped,XGBoost (morgan),3,0,0.22043781489303224,"{""learning_rate"": 0.03, ""max_depth"": 5}"
gbm_potency,grouped,XGBoost (morgan),3,1,0.2475039108340864,"{""learning_rate"": 0.1, ""max_depth"": 5}"
gbm_potency,grouped,XGBoost (morgan),3,2,0.3551427029906997,"{""learning_rate"": 0.03, ""max_depth"": 5}"
gbm_potency,grouped,XGBoost (morgan),3,3,0.3165016521753686,"{""learning_rate"": 0.1, ""max_depth"": 3}"
gbm_potency,grouped,XGBoost (morgan),3,4,0.26262723938019367,"{""learning_rate"": 0.03, ""max_depth"": 3}"
gbm_potency,grouped,XGBoost (morgan),4,0,0.26806807984115094,"{""learning_rate"": 0.03, ""max_depth"": 3}"
gbm_potency,grouped,XGBoost (morgan),4,1,0.30410933966944725,"{""learning_rate"": 0.03, ""max_depth"": 3}"
gbm_potency,grouped,XGBoost (morgan),4,2,0.24802553377034497,"{""learning_rate"": 0.1, ""max_depth"": 3}"
gbm_potency,grouped,XGBoost (morgan),4,3,0.25433950879691697,"{""learning_rate"": 0.03, ""max_depth"": 5}"
gbm_potency,grouped,XGBoost (morgan),4,4,0.3177571438178246,"{""learning_rate"": 0.03, ""max_depth"": 5}"
gbm_potency,grouped,SVM (descriptors),0,0,0.32564020738996907,"{""svr__C"": 3.0, ""svr__gamma"": ""scale""}"
gbm_potency,grouped,SVM (descriptors),0,1,0.3419240248347993,"{""svr__C"": 1.0, ""svr__gamma"": ""scale""}"
gbm_potency,grouped,SVM (descriptors),0,2,0.3314848564879389,"{""svr__C"": 3.0, ""svr__gamma"": 0.01}"
gbm_potency,grouped,SVM (descriptors),0,3,0.31559038716744897,"{""svr__C"": 10.0, ""svr__gamma"": 0.01}"
gbm_potency,grouped,SVM (descriptors),0,4,0.3833858270068404,"{""svr__C"": 10.0, ""svr__gamma"": 0.01}"
gbm_potency,grouped,SVM (descriptors),1,0,0.3502988662459971,"{""svr__C"": 3.0, ""svr__gamma"": 0.01}"
gbm_potency,grouped,SVM (descriptors),1,1,0.3009604115925446,"{""svr__C"": 3.0, ""svr__gamma"": ""scale""}"
gbm_potency,grouped,SVM (descriptors),1,2,0.3446015015844401,"{""svr__C"": 10.0, ""svr__gamma"": 0.01}"
gbm_potency,grouped,SVM (descriptors),1,3,0.38760131959149174,"{""svr__C"": 10.0, ""svr__gamma"": 0.01}"
gbm_potency,grouped,SVM (descriptors),1,4,0.4051406629685698,"{""svr__C"": 10.0, ""svr__gamma"": 0.01}"
gbm_potency,grouped,SVM (descriptors),2,0,0.3369961507217789,"{""svr__C"": 10.0, ""svr__gamma"": 0.01}"
gbm_potency,grouped,SVM (descriptors),2,1,0.4400435494999641,"{""svr__C"": 3.0, ""svr__gamma"": ""scale""}"
gbm_potency,grouped,SVM (descriptors),2,2,0.32496247186788546,"{""svr__C"": 10.0, ""svr__gamma"": 0.01}"
gbm_potency,grouped,SVM (descriptors),2,3,0.4080705640918083,"{""svr__C"": 3.0, ""svr__gamma"": 0.01}"
gbm_potency,grouped,SVM (descriptors),2,4,0.3515302308115766,"{""svr__C"": 10.0, ""svr__gamma"": 0.01}"
gbm_potency,grouped,SVM (descriptors),3,0,0.310941778468752,"{""svr__C"": 3.0, ""svr__gamma"": ""scale""}"
gbm_potency,grouped,SVM (descriptors),3,1,0.3854685015404961,"{""svr__C"": 10.0, ""svr__gamma"": 0.01}"
gbm_potency,grouped,SVM (descriptors),3,2,0.4092225358323062,"{""svr__C"": 1.0, ""svr__gamma"": ""scale""}"
gbm_potency,grouped,SVM (descriptors),3,3,0.401746862451116,"{""svr__C"": 3.0, ""svr__gamma"": ""scale""}"
gbm_potency,grouped,SVM (descriptors),3,4,0.32717625920411403,"{""svr__C"": 10.0, ""svr__gamma"": 0.01}"
gbm_potency,grouped,SVM (descriptors),4,0,0.3731397676082335,"{""svr__C"": 10.0, ""svr__gamma"": 0.01}"
gbm_potency,grouped,SVM (descriptors),4,1,0.4086024489662325,"{""svr__C"": 10.0, ""svr__gamma"": 0.01}"
gbm_potency,grouped,SVM (descriptors),4,2,0.3392918286417044,"{""svr__C"": 3.0, ""svr__gamma"": 0.01}"
gbm_potency,grouped,SVM (descriptors),4,3,0.32876583616509275,"{""svr__C"": 10.0, ""svr__gamma"": 0.01}"
gbm_potency,grouped,SVM (descriptors),4,4,0.34675669499293704,"{""svr__C"": 3.0, ""svr__gamma"": ""scale""}"
gbm_potency,grouped,MLP (descriptors),0,0,0.3182312241116304,"{""mlpregressor__alpha"": 0.001}"
gbm_potency,grouped,MLP (descriptors),0,1,0.3456923641637431,"{""mlpregressor__alpha"": 0.0001}"
gbm_potency,grouped,MLP (descriptors),0,2,0.33271575713913737,"{""mlpregressor__alpha"": 0.0001}"
gbm_potency,grouped,MLP (descriptors),0,3,0.31494373833739914,"{""mlpregressor__alpha"": 0.001}"
gbm_potency,grouped,MLP (descriptors),0,4,0.3572753415141198,"{""mlpregressor__alpha"": 0.01}"
gbm_potency,grouped,MLP (descriptors),1,0,0.3426608472150878,"{""mlpregressor__alpha"": 0.01}"
gbm_potency,grouped,MLP (descriptors),1,1,0.3062869262528262,"{""mlpregressor__alpha"": 0.01}"
gbm_potency,grouped,MLP (descriptors),1,2,0.31568819682810856,"{""mlpregressor__alpha"": 0.01}"
gbm_potency,grouped,MLP (descriptors),1,3,0.3865599638618545,"{""mlpregressor__alpha"": 0.0001}"
gbm_potency,grouped,MLP (descriptors),1,4,0.3746833418629562,"{""mlpregressor__alpha"": 0.01}"
gbm_potency,grouped,MLP (descriptors),2,0,0.3481033075847167,"{""mlpregressor__alpha"": 0.0001}"
gbm_potency,grouped,MLP (descriptors),2,1,0.32597292844256065,"{""mlpregressor__alpha"": 0.01}"
gbm_potency,grouped,MLP (descriptors),2,2,0.29191689985856856,"{""mlpregressor__alpha"": 0.001}"
gbm_potency,grouped,MLP (descriptors),2,3,0.3154148611494436,"{""mlpregressor__alpha"": 0.01}"
gbm_potency,grouped,MLP (descriptors),2,4,0.2832563881269869,"{""mlpregressor__alpha"": 0.01}"
gbm_potency,grouped,MLP (descriptors),3,0,0.19437786412311944,"{""mlpregressor__alpha"": 0.0001}"
gbm_potency,grouped,MLP (descriptors),3,1,0.3327553826925113,"{""mlpregressor__alpha"": 0.001}"
gbm_potency,grouped,MLP (descriptors),3,2,0.40929125678466854,"{""mlpregressor__alpha"": 0.001}"
gbm_potency,grouped,MLP (descriptors),3,3,0.32992584239876716,"{""mlpregressor__alpha"": 0.0001}"
gbm_potency,grouped,MLP (descriptors),3,4,0.3337474459298549,"{""mlpregressor__alpha"": 0.01}"
gbm_potency,grouped,MLP (descriptors),4,0,0.3538235696409138,"{""mlpregressor__alpha"": 0.001}"
gbm_potency,grouped,MLP (descriptors),4,1,0.3539443674783003,"{""mlpregressor__alpha"": 0.0001}"
gbm_potency,grouped,MLP (descriptors),4,2,0.3222015527812412,"{""mlpregressor__alpha"": 0.0001}"
gbm_potency,grouped,MLP (descriptors),4,3,0.2734605591234988,"{""mlpregressor__alpha"": 0.0001}"
gbm_potency,grouped,MLP (descriptors),4,4,0.26768113940470023,"{""mlpregressor__alpha"": 0.0001}"
gbm_potency,grouped,Linear (pathway one-hot),0,0,0.16777285898215488,"{""ridge__alpha"": 100.0}"
gbm_potency,grouped,Linear (pathway one-hot),0,1,0.2353101659613419,"{""ridge__alpha"": 0.1}"
gbm_potency,grouped,Linear (pathway one-hot),0,2,0.22496276693525244,"{""ridge__alpha"": 0.1}"
gbm_potency,grouped,Linear (pathway one-hot),0,3,0.21015028659454837,"{""ridge__alpha"": 0.1}"
gbm_potency,grouped,Linear (pathway one-hot),0,4,0.3033367364740204,"{""ridge__alpha"": 0.1}"
gbm_potency,grouped,Linear (pathway one-hot),1,0,0.2796057549539859,"{""ridge__alpha"": 0.1}"
gbm_potency,grouped,Linear (pathway one-hot),1,1,0.21136874191535884,"{""ridge__alpha"": 100.0}"
gbm_potency,grouped,Linear (pathway one-hot),1,2,0.10935033646000396,"{""ridge__alpha"": 0.1}"
gbm_potency,grouped,Linear (pathway one-hot),1,3,0.24257908290122862,"{""ridge__alpha"": 0.1}"
gbm_potency,grouped,Linear (pathway one-hot),1,4,0.21668661000289405,"{""ridge__alpha"": 0.1}"
gbm_potency,grouped,Linear (pathway one-hot),2,0,0.13241871400582528,"{""ridge__alpha"": 100.0}"
gbm_potency,grouped,Linear (pathway one-hot),2,1,0.2136553154736184,"{""ridge__alpha"": 0.1}"
gbm_potency,grouped,Linear (pathway one-hot),2,2,0.24932032883829347,"{""ridge__alpha"": 0.1}"
gbm_potency,grouped,Linear (pathway one-hot),2,3,0.22733838243544238,"{""ridge__alpha"": 0.1}"
gbm_potency,grouped,Linear (pathway one-hot),2,4,0.20058511772907128,"{""ridge__alpha"": 100.0}"
gbm_potency,grouped,Linear (pathway one-hot),3,0,0.2729774882142528,"{""ridge__alpha"": 0.1}"
gbm_potency,grouped,Linear (pathway one-hot),3,1,0.21265506137085408,"{""ridge__alpha"": 0.1}"
gbm_potency,grouped,Linear (pathway one-hot),3,2,0.1806965966216465,"{""ridge__alpha"": 0.1}"
gbm_potency,grouped,Linear (pathway one-hot),3,3,0.17938488628792118,"{""ridge__alpha"": 0.1}"
gbm_potency,grouped,Linear (pathway one-hot),3,4,0.2065603593625999,"{""ridge__alpha"": 100.0}"
gbm_potency,grouped,Linear (pathway one-hot),4,0,0.24570880623542798,"{""ridge__alpha"": 0.1}"
gbm_potency,grouped,Linear (pathway one-hot),4,1,0.1432590000370689,"{""ridge__alpha"": 10.0}"
gbm_potency,grouped,Linear (pathway one-hot),4,2,0.260509756031349,"{""ridge__alpha"": 0.1}"
gbm_potency,grouped,Linear (pathway one-hot),4,3,0.19717728327102754,"{""ridge__alpha"": 0.1}"
gbm_potency,grouped,Linear (pathway one-hot),4,4,0.19978337967942927,"{""ridge__alpha"": 0.1}"
gbm_potency,grouped,Random Forest (pathway one-hot),0,0,0.17716190984720948,"{""max_features"": ""sqrt"", ""min_samples_leaf"": 3}"
gbm_potency,grouped,Random Forest (pathway one-hot),0,1,0.23833608314698743,"{""max_features"": ""sqrt"", ""min_samples_leaf"": 1}"
gbm_potency,grouped,Random Forest (pathway one-hot),0,2,0.22420021528920706,"{""max_features"": 0.5, ""min_samples_leaf"": 1}"
gbm_potency,grouped,Random Forest (pathway one-hot),0,3,0.22146835048332633,"{""max_features"": 0.5, ""min_samples_leaf"": 3}"
gbm_potency,grouped,Random Forest (pathway one-hot),0,4,0.3027415774571404,"{""max_features"": 0.5, ""min_samples_leaf"": 1}"
gbm_potency,grouped,Random Forest (pathway one-hot),1,0,0.27853408617627345,"{""max_features"": 0.5, ""min_samples_leaf"": 3}"
gbm_potency,grouped,Random Forest (pathway one-hot),1,1,0.20729166501296561,"{""max_features"": ""sqrt"", ""min_samples_leaf"": 1}"
gbm_potency,grouped,Random Forest (pathway one-hot),1,2,0.11233208075501055,"{""max_features"": 0.5, ""min_samples_leaf"": 1}"
gbm_potency,grouped,Random Forest (pathway one-hot),1,3,0.24027444764500994,"{""max_features"": ""sqrt"", ""min_samples_leaf"": 1}"
gbm_potency,grouped,Random Forest (pathway one-hot),1,4,0.2208703879188331,"{""max_features"": 0.5, ""min_samples_leaf"": 3}"
gbm_potency,grouped,Random Forest (pathway one-hot),2,0,0.17331529493951522,"{""max_features"": 0.5, ""min_samples_leaf"": 3}"
gbm_potency,grouped,Random Forest (pathway one-hot),2,1,0.21129022421370194,"{""max_features"": ""sqrt"", ""min_samples_leaf"": 1}"
gbm_potency,grouped,Random Forest (pathway one-hot),2,2,0.247063387927833,"{""max_features"": 0.5, ""min_samples_leaf"": 3}"
gbm_potency,grouped,Random Forest (pathway one-hot),2,3,0.2240182729077036,"{""max_features"": 0.5, ""min_samples_leaf"": 1}"
gbm_potency,grouped,Random Forest (pathway one-hot),2,4,0.23659236919566692,"{""max_features"": 0.5, ""min_samples_leaf"": 3}"
gbm_potency,grouped,Random Forest (pathway one-hot),3,0,0.27723640699164664,"{""max_features"": ""sqrt"", ""min_samples_leaf"": 1}"
gbm_potency,grouped,Random Forest (pathway one-hot),3,1,0.21796420253466128,"{""max_features"": 0.5, ""min_samples_leaf"": 3}"
gbm_potency,grouped,Random Forest (pathway one-hot),3,2,0.19381717079720132,"{""max_features"": ""sqrt"", ""min_samples_leaf"": 1}"
gbm_potency,grouped,Random Forest (pathway one-hot),3,3,0.18711047959707486,"{""max_features"": 0.5, ""min_samples_leaf"": 1}"
gbm_potency,grouped,Random Forest (pathway one-hot),3,4,0.20936668222387733,"{""max_features"": 0.5, ""min_samples_leaf"": 3}"
gbm_potency,grouped,Random Forest (pathway one-hot),4,0,0.24614052841509856,"{""max_features"": ""sqrt"", ""min_samples_leaf"": 1}"
gbm_potency,grouped,Random Forest (pathway one-hot),4,1,0.15408692965296145,"{""max_features"": 0.5, ""min_samples_leaf"": 3}"
gbm_potency,grouped,Random Forest (pathway one-hot),4,2,0.2607145756736647,"{""max_features"": ""sqrt"", ""min_samples_leaf"": 1}"
gbm_potency,grouped,Random Forest (pathway one-hot),4,3,0.2231885005102842,"{""max_features"": 0.5, ""min_samples_leaf"": 3}"
gbm_potency,grouped,Random Forest (pathway one-hot),4,4,0.19823035200858785,"{""max_features"": ""sqrt"", ""min_samples_leaf"": 1}"
gbm_potency,grouped,Random Forest (descriptors + pathway),0,0,0.45655771948825324,"{""max_features"": ""sqrt"", ""min_samples_leaf"": 1}"
gbm_potency,grouped,Random Forest (descriptors + pathway),0,1,0.3737583645580926,"{""max_features"": ""sqrt"", ""min_samples_leaf"": 3}"
gbm_potency,grouped,Random Forest (descriptors + pathway),0,2,0.35968440881633174,"{""max_features"": ""sqrt"", ""min_samples_leaf"": 1}"
gbm_potency,grouped,Random Forest (descriptors + pathway),0,3,0.31811195958031196,"{""max_features"": 0.5, ""min_samples_leaf"": 1}"
gbm_potency,grouped,Random Forest (descriptors + pathway),0,4,0.4316554195789866,"{""max_features"": ""sqrt"", ""min_samples_leaf"": 1}"
gbm_potency,grouped,Random Forest (descriptors + pathway),1,0,0.42797718389376044,"{""max_features"": 0.5, ""min_samples_leaf"": 3}"
gbm_potency,grouped,Random Forest (descriptors + pathway),1,1,0.37252852035272044,"{""max_features"": 0.5, ""min_samples_leaf"": 1}"
gbm_potency,grouped,Random Forest (descriptors + pathway),1,2,0.32996350977793076,"{""max_features"": ""sqrt"", ""min_samples_leaf"": 3}"
gbm_potency,grouped,Random Forest (descriptors + pathway),1,3,0.38468407930757825,"{""max_features"": ""sqrt"", ""min_samples_leaf"": 1}"
gbm_potency,grouped,Random Forest (descriptors + pathway),1,4,0.4760118204935355,"{""max_features"": ""sqrt"", ""min_samples_leaf"": 1}"
gbm_potency,grouped,Random Forest (descriptors + pathway),2,0,0.3574745544158356,"{""max_features"": 0.5, ""min_samples_leaf"": 1}"
gbm_potency,grouped,Random Forest (descriptors + pathway),2,1,0.39810377825538573,"{""max_features"": ""sqrt"", ""min_samples_leaf"": 1}"
gbm_potency,grouped,Random Forest (descriptors + pathway),2,2,0.38949964168584206,"{""max_features"": 0.5, ""min_samples_leaf"": 3}"
gbm_potency,grouped,Random Forest (descriptors + pathway),2,3,0.4240138798306927,"{""max_features"": ""sqrt"", ""min_samples_leaf"": 3}"
gbm_potency,grouped,Random Forest (descriptors + pathway),2,4,0.4138831944922332,"{""max_features"": ""sqrt"", ""min_samples_leaf"": 3}"
gbm_potency,grouped,Random Forest (descriptors + pathway),3,0,0.31764448650782495,"{""max_features"": ""sqrt"", ""min_samples_leaf"": 1}"
gbm_potency,grouped,Random Forest (descriptors + pathway),3,1,0.3455737643866563,"{""max_features"": ""sqrt"", ""min_samples_leaf"": 3}"
gbm_potency,grouped,Random Forest (descriptors + pathway),3,2,0.4655995689178734,"{""max_features"": ""sqrt"", ""min_samples_leaf"": 1}"
gbm_potency,grouped,Random Forest (descriptors + pathway),3,3,0.37759778186396487,"{""max_features"": ""sqrt"", ""min_samples_leaf"": 3}"
gbm_potency,grouped,Random Forest (descriptors + pathway),3,4,0.4057077263510362,"{""max_features"": 0.5, ""min_samples_leaf"": 1}"
gbm_potency,grouped,Random Forest (descriptors + pathway),4,0,0.41571369075796305,"{""max_features"": 0.5, ""min_samples_leaf"": 3}"
gbm_potency,grouped,Random Forest (descriptors + pathway),4,1,0.4521274309807553,"{""max_features"": ""sqrt"", ""min_samples_leaf"": 3}"
gbm_potency,grouped,Random Forest (descriptors + pathway),4,2,0.38844409253323314,"{""max_features"": ""sqrt"", ""min_samples_leaf"": 1}"
gbm_potency,grouped,Random Forest (descriptors + pathway),4,3,0.3537233860760252,"{""max_features"": ""sqrt"", ""min_samples_leaf"": 3}"
gbm_potency,grouped,Random Forest (descriptors + pathway),4,4,0.3891337972883753,"{""max_features"": ""sqrt"", ""min_samples_leaf"": 3}"
gbm_potency,scaffold,Linear (descriptors),0,0,0.36420639332415394,"{""ridge__alpha"": 100.0}"
gbm_potency,scaffold,Linear (descriptors),0,1,0.2848610774296512,"{""ridge__alpha"": 100.0}"
gbm_potency,scaffold,Linear (descriptors),0,2,0.31135703304160983,"{""ridge__alpha"": 100.0}"
gbm_potency,scaffold,Linear (descriptors),0,3,0.22848727298951765,"{""ridge__alpha"": 100.0}"
gbm_potency,scaffold,Linear (descriptors),0,4,0.2801981790074635,"{""ridge__alpha"": 100.0}"
gbm_potency,scaffold,KNN-Jaccard (morgan),0,0,0.26718120101316783,"{""kneighborsregressor__n_neighbors"": 15}"
gbm_potency,scaffold,KNN-Jaccard (morgan),0,1,0.33993217674140674,"{""kneighborsregressor__n_neighbors"": 3}"
gbm_potency,scaffold,KNN-Jaccard (morgan),0,2,0.29049998371314056,"{""kneighborsregressor__n_neighbors"": 15}"
gbm_potency,scaffold,KNN-Jaccard (morgan),0,3,0.238376225053929,"{""kneighborsregressor__n_neighbors"": 11}"
gbm_potency,scaffold,KNN-Jaccard (morgan),0,4,0.2712871902121887,"{""kneighborsregressor__n_neighbors"": 15}"
gbm_potency,scaffold,Random Forest (descriptors),0,0,0.32065894519926785,"{""max_features"": ""sqrt"", ""min_samples_leaf"": 3}"
gbm_potency,scaffold,Random Forest (descriptors),0,1,0.3651869871943369,"{""max_features"": ""sqrt"", ""min_samples_leaf"": 3}"
gbm_potency,scaffold,Random Forest (descriptors),0,2,0.3821680867555452,"{""max_features"": ""sqrt"", ""min_samples_leaf"": 3}"
gbm_potency,scaffold,Random Forest (descriptors),0,3,0.3337131888189416,"{""max_features"": ""sqrt"", ""min_samples_leaf"": 3}"
gbm_potency,scaffold,Random Forest (descriptors),0,4,0.36202455162653374,"{""max_features"": ""sqrt"", ""min_samples_leaf"": 3}"
gbm_potency,scaffold,Random Forest (morgan),0,0,0.36128628108973726,"{""max_features"": ""sqrt"", ""min_samples_leaf"": 1}"
gbm_potency,scaffold,Random Forest (morgan),0,1,0.40290140762830884,"{""max_features"": ""sqrt"", ""min_samples_leaf"": 1}"
gbm_potency,scaffold,Random Forest (morgan),0,2,0.34274398799076894,"{""max_features"": ""sqrt"", ""min_samples_leaf"": 3}"
gbm_potency,scaffold,Random Forest (morgan),0,3,0.3668205118280097,"{""max_features"": 0.5, ""min_samples_leaf"": 1}"
gbm_potency,scaffold,Random Forest (morgan),0,4,0.32497207133660105,"{""max_features"": ""sqrt"", ""min_samples_leaf"": 1}"
gbm_potency,scaffold,XGBoost (descriptors),0,0,0.2878427004078666,"{""learning_rate"": 0.03, ""max_depth"": 3}"
gbm_potency,scaffold,XGBoost (descriptors),0,1,0.33880759201004484,"{""learning_rate"": 0.03, ""max_depth"": 5}"
gbm_potency,scaffold,XGBoost (descriptors),0,2,0.3218438853136224,"{""learning_rate"": 0.03, ""max_depth"": 5}"
gbm_potency,scaffold,XGBoost (descriptors),0,3,0.3030905064074189,"{""learning_rate"": 0.03, ""max_depth"": 5}"
gbm_potency,scaffold,XGBoost (descriptors),0,4,0.27303876607444205,"{""learning_rate"": 0.03, ""max_depth"": 5}"
gbm_potency,scaffold,XGBoost (morgan),0,0,0.2745517130331414,"{""learning_rate"": 0.1, ""max_depth"": 5}"
gbm_potency,scaffold,XGBoost (morgan),0,1,0.27179437116524624,"{""learning_rate"": 0.1, ""max_depth"": 5}"
gbm_potency,scaffold,XGBoost (morgan),0,2,0.2506783752822311,"{""learning_rate"": 0.1, ""max_depth"": 5}"
gbm_potency,scaffold,XGBoost (morgan),0,3,0.2752882949283832,"{""learning_rate"": 0.1, ""max_depth"": 5}"
gbm_potency,scaffold,XGBoost (morgan),0,4,0.2393765923651174,"{""learning_rate"": 0.03, ""max_depth"": 5}"
gbm_potency,scaffold,SVM (descriptors),0,0,0.40955536512708934,"{""svr__C"": 3.0, ""svr__gamma"": 0.01}"
gbm_potency,scaffold,SVM (descriptors),0,1,0.3561703788836817,"{""svr__C"": 10.0, ""svr__gamma"": 0.01}"
gbm_potency,scaffold,SVM (descriptors),0,2,0.38048690142593294,"{""svr__C"": 3.0, ""svr__gamma"": ""scale""}"
gbm_potency,scaffold,SVM (descriptors),0,3,0.3096387081094849,"{""svr__C"": 10.0, ""svr__gamma"": ""scale""}"
gbm_potency,scaffold,SVM (descriptors),0,4,0.3327130713928141,"{""svr__C"": 10.0, ""svr__gamma"": 0.01}"
gbm_potency,scaffold,MLP (descriptors),0,0,0.36503523367045226,"{""mlpregressor__alpha"": 0.01}"
gbm_potency,scaffold,MLP (descriptors),0,1,0.28339389033136,"{""mlpregressor__alpha"": 0.01}"
gbm_potency,scaffold,MLP (descriptors),0,2,0.3670283726327714,"{""mlpregressor__alpha"": 0.001}"
gbm_potency,scaffold,MLP (descriptors),0,3,0.2704608419162598,"{""mlpregressor__alpha"": 0.01}"
gbm_potency,scaffold,MLP (descriptors),0,4,0.3206927720328354,"{""mlpregressor__alpha"": 0.0001}"
gbm_potency,scaffold,Linear (pathway one-hot),0,0,0.26567383911858644,"{""ridge__alpha"": 0.1}"
gbm_potency,scaffold,Linear (pathway one-hot),0,1,0.1089498926939488,"{""ridge__alpha"": 0.1}"
gbm_potency,scaffold,Linear (pathway one-hot),0,2,0.17141604225708615,"{""ridge__alpha"": 100.0}"
gbm_potency,scaffold,Linear (pathway one-hot),0,3,0.14987440626646995,"{""ridge__alpha"": 0.1}"
gbm_potency,scaffold,Linear (pathway one-hot),0,4,0.08886453098764883,"{""ridge__alpha"": 0.1}"
gbm_potency,scaffold,Random Forest (pathway one-hot),0,0,0.2689194362044874,"{""max_features"": ""sqrt"", ""min_samples_leaf"": 1}"
gbm_potency,scaffold,Random Forest (pathway one-hot),0,1,0.12509057325616688,"{""max_features"": ""sqrt"", ""min_samples_leaf"": 1}"
gbm_potency,scaffold,Random Forest (pathway one-hot),0,2,0.1858448989576367,"{""max_features"": ""sqrt"", ""min_samples_leaf"": 3}"
gbm_potency,scaffold,Random Forest (pathway one-hot),0,3,0.14860183648428837,"{""max_features"": ""sqrt"", ""min_samples_leaf"": 1}"
gbm_potency,scaffold,Random Forest (pathway one-hot),0,4,0.08413028550888983,"{""max_features"": 0.5, ""min_samples_leaf"": 3}"
gbm_potency,scaffold,Random Forest (descriptors + pathway),0,0,0.393841116053988,"{""max_features"": ""sqrt"", ""min_samples_leaf"": 3}"
gbm_potency,scaffold,Random Forest (descriptors + pathway),0,1,0.34388225669560146,"{""max_features"": ""sqrt"", ""min_samples_leaf"": 3}"
gbm_potency,scaffold,Random Forest (descriptors + pathway),0,2,0.4033146254889763,"{""max_features"": ""sqrt"", ""min_samples_leaf"": 3}"
gbm_potency,scaffold,Random Forest (descriptors + pathway),0,3,0.3586583627565713,"{""max_features"": ""sqrt"", ""min_samples_leaf"": 3}"
gbm_potency,scaffold,Random Forest (descriptors + pathway),0,4,0.3797822975041662,"{""max_features"": ""sqrt"", ""min_samples_leaf"": 3}"
gbm_selective_class,grouped,Linear (descriptors),0,0,0.5775896580483736,"{""logisticregression__C"": 0.01}"
gbm_selective_class,grouped,Linear (descriptors),0,1,0.6619752571587434,"{""logisticregression__C"": 0.01}"
gbm_selective_class,grouped,Linear (descriptors),0,2,0.6258187378370864,"{""logisticregression__C"": 0.01}"
gbm_selective_class,grouped,Linear (descriptors),0,3,0.6550458715596331,"{""logisticregression__C"": 0.01}"
gbm_selective_class,grouped,Linear (descriptors),0,4,0.722905474281621,"{""logisticregression__C"": 0.01}"
gbm_selective_class,grouped,Linear (descriptors),1,0,0.7212649430080623,"{""logisticregression__C"": 0.01}"
gbm_selective_class,grouped,Linear (descriptors),1,1,0.5665716801037902,"{""logisticregression__C"": 0.01}"
gbm_selective_class,grouped,Linear (descriptors),1,2,0.7133138726716709,"{""logisticregression__C"": 0.01}"
gbm_selective_class,grouped,Linear (descriptors),1,3,0.6982808496569964,"{""logisticregression__C"": 0.01}"
gbm_selective_class,grouped,Linear (descriptors),1,4,0.5492354740061162,"{""logisticregression__C"": 10.0}"
gbm_selective_class,grouped,Linear (descriptors),2,0,0.6184848484848485,"{""logisticregression__C"": 0.01}"
gbm_selective_class,grouped,Linear (descriptors),2,1,0.6713789268835141,"{""logisticregression__C"": 0.01}"
gbm_selective_class,grouped,Linear (descriptors),2,2,0.6557098382786456,"{""logisticregression__C"": 0.01}"
gbm_selective_class,grouped,Linear (descriptors),2,3,0.7388379204892966,"{""logisticregression__C"": 0.01}"
gbm_selective_class,grouped,Linear (descriptors),2,4,0.700604670558799,"{""logisticregression__C"": 10.0}"
gbm_selective_class,grouped,Linear (descriptors),3,0,0.6397859327217125,"{""logisticregression__C"": 0.01}"
gbm_selective_class,grouped,Linear (descriptors),3,1,0.693946344175702,"{""logisticregression__C"": 0.01}"
gbm_selective_class,grouped,Linear (descriptors),3,2,0.5285543508479288,"{""logisticregression__C"": 0.01}"
gbm_selective_class,grouped,Linear (descriptors),3,3,0.6318042813455658,"{""logisticregression__C"": 0.01}"
gbm_selective_class,grouped,Linear (descriptors),3,4,0.7412100173568064,"{""logisticregression__C"": 0.01}"
gbm_selective_class,grouped,Linear (descriptors),4,0,0.7433222129552406,"{""logisticregression__C"": 0.01}"
gbm_selective_class,grouped,Linear (descriptors),4,1,0.6599388379204894,"{""logisticregression__C"": 0.01}"
gbm_selective_class,grouped,Linear (descriptors),4,2,0.4897298674821611,"{""logisticregression__C"": 0.01}"
gbm_selective_class,grouped,Linear (descriptors),4,3,0.7127300528217959,"{""logisticregression__C"": 0.01}"
gbm_selective_class,grouped,Linear (descriptors),4,4,0.7357770614651349,"{""logisticregression__C"": 0.01}"
gbm_selective_class,grouped,KNN-Jaccard (morgan),0,0,0.6851876563803169,"{""kneighborsclassifier__n_neighbors"": 15}"
gbm_selective_class,grouped,KNN-Jaccard (morgan),0,1,0.7386595310907239,"{""kneighborsclassifier__n_neighbors"": 15}"
gbm_selective_class,grouped,KNN-Jaccard (morgan),0,2,0.7760050041701417,"{""kneighborsclassifier__n_neighbors"": 11}"
gbm_selective_class,grouped,KNN-Jaccard (morgan),0,3,0.710703363914373,"{""kneighborsclassifier__n_neighbors"": 11}"
gbm_selective_class,grouped,KNN-Jaccard (morgan),0,4,0.7718158525497975,"{""kneighborsclassifier__n_neighbors"": 11}"
gbm_selective_class,grouped,KNN-Jaccard (morgan),1,0,0.6796941896024465,"{""kneighborsclassifier__n_neighbors"": 11}"
gbm_selective_class,grouped,KNN-Jaccard (morgan),1,1,0.6932049856361783,"{""kneighborsclassifier__n_neighbors"": 15}"
gbm_selective_class,grouped,KNN-Jaccard (morgan),1,2,0.7046316374756744,"{""kneighborsclassifier__n_neighbors"": 7}"
gbm_selective_class,grouped,KNN-Jaccard (morgan),1,3,0.6761826046229715,"{""kneighborsclassifier__n_neighbors"": 5}"
gbm_selective_class,grouped,KNN-Jaccard (morgan),1,4,0.8495412844036697,"{""kneighborsclassifier__n_neighbors"": 15}"
gbm_selective_class,grouped,KNN-Jaccard (morgan),2,0,0.7027912149013066,"{""kneighborsclassifier__n_neighbors"": 11}"
gbm_selective_class,grouped,KNN-Jaccard (morgan),2,1,0.6232693911592995,"{""kneighborsclassifier__n_neighbors"": 11}"
gbm_selective_class,grouped,KNN-Jaccard (morgan),2,2,0.728032619775739,"{""kneighborsclassifier__n_neighbors"": 3}"
gbm_selective_class,grouped,KNN-Jaccard (morgan),2,3,0.7761467889908257,"{""kneighborsclassifier__n_neighbors"": 11}"
gbm_selective_class,grouped,KNN-Jaccard (morgan),2,4,0.5652650356778798,"{""kneighborsclassifier__n_neighbors"": 15}"
gbm_selective_class,grouped,KNN-Jaccard (morgan),3,0,0.6278926883514039,"{""kneighborsclassifier__n_neighbors"": 15}"
gbm_selective_class,grouped,KNN-Jaccard (morgan),3,1,0.6858029839681216,"{""kneighborsclassifier__n_neighbors"": 15}"
gbm_selective_class,grouped,KNN-Jaccard (morgan),3,2,0.6328885182096191,"{""kneighborsclassifier__n_neighbors"": 3}"
gbm_selective_class,grouped,KNN-Jaccard (morgan),3,3,0.7143730886850154,"{""kneighborsclassifier__n_neighbors"": 15}"
gbm_selective_class,grouped,KNN-Jaccard (morgan),3,4,0.627027027027027,"{""kneighborsclassifier__n_neighbors"": 11}"
gbm_selective_class,grouped,KNN-Jaccard (morgan),4,0,0.5714484292465944,"{""kneighborsclassifier__n_neighbors"": 15}"
gbm_selective_class,grouped,KNN-Jaccard (morgan),4,1,0.7345565749235474,"{""kneighborsclassifier__n_neighbors"": 5}"
gbm_selective_class,grouped,KNN-Jaccard (morgan),4,2,0.7476508201278843,"{""kneighborsclassifier__n_neighbors"": 15}"
gbm_selective_class,grouped,KNN-Jaccard (morgan),4,3,0.6885321100917432,"{""kneighborsclassifier__n_neighbors"": 3}"
gbm_selective_class,grouped,KNN-Jaccard (morgan),4,4,0.675391905667135,"{""kneighborsclassifier__n_neighbors"": 15}"
gbm_selective_class,grouped,Random Forest (descriptors),0,0,0.5521795941061997,"{""max_features"": ""sqrt"", ""min_samples_leaf"": 3}"
gbm_selective_class,grouped,Random Forest (descriptors),0,1,0.6024024650171439,"{""max_features"": 0.5, ""min_samples_leaf"": 3}"
gbm_selective_class,grouped,Random Forest (descriptors),0,2,0.5311231581873784,"{""max_features"": ""sqrt"", ""min_samples_leaf"": 3}"
gbm_selective_class,grouped,Random Forest (descriptors),0,3,0.5908256880733945,"{""max_features"": ""sqrt"", ""min_samples_leaf"": 1}"
gbm_selective_class,grouped,Random Forest (descriptors),0,4,0.5896437722125795,"{""max_features"": ""sqrt"", ""min_samples_leaf"": 3}"
gbm_selective_class,grouped,Random Forest (descriptors),1,0,0.659557964970809,"{""max_features"": ""sqrt"", ""min_samples_leaf"": 1}"
gbm_selective_class,grouped,Random Forest (descriptors),1,1,0.4948591418774904,"{""max_features"": ""sqrt"", ""min_samples_leaf"": 3}"
gbm_selective_class,grouped,Random Forest (descriptors),1,2,0.616761189880456,"{""max_features"": ""sqrt"", ""min_samples_leaf"": 3}"
gbm_selective_class,grouped,Random Forest (descriptors),1,3,0.7306306306306306,"{""max_features"": 0.5, ""min_samples_leaf"": 3}"
gbm_selective_class,grouped,Random Forest (descriptors),1,4,0.5516819571865444,"{""max_features"": 0.5, ""min_samples_leaf"": 1}"
gbm_selective_class,grouped,Random Forest (descriptors),2,0,0.5427105921601335,"{""max_features"": ""sqrt"", ""min_samples_leaf"": 3}"
gbm_selective_class,grouped,Random Forest (descriptors),2,1,0.5978621073116486,"{""max_features"": 0.5, ""min_samples_leaf"": 3}"
gbm_selective_class,grouped,Random Forest (descriptors),2,2,0.7387635341763782,"{""max_features"": ""sqrt"", ""min_samples_leaf"": 3}"
gbm_selective_class,grouped,Random Forest (descriptors),2,3,0.6428134556574924,"{""max_features"": ""sqrt"", ""min_samples_leaf"": 1}"
gbm_selective_class,grouped,Random Forest (descriptors),2,4,0.5897762023908812,"{""max_features"": 0.5, ""min_samples_leaf"": 3}"
gbm_selective_class,grouped,Random Forest (descriptors),3,0,0.5290353072004448,"{""max_features"": 0.5, ""min_samples_leaf"": 3}"
gbm_selective_class,grouped,Random Forest (descriptors),3,1,0.6476299694189602,"{""max_features"": ""sqrt"", ""min_samples_leaf"": 3}"
gbm_selective_class,grouped,Random Forest (descriptors),3,2,0.5047122602168473,"{""max_features"": ""sqrt"", ""min_samples_leaf"": 3}"
gbm_selective_class,grouped,Random Forest (descriptors),3,3,0.5740061162079511,"{""max_features"": 0.5, ""min_samples_leaf"": 3}"
gbm_selective_class,grouped,Random Forest (descriptors),3,4,0.7333415984792131,"{""max_features"": 0.5, ""min_samples_leaf"": 1}"
gbm_selective_class,grouped,Random Forest (descriptors),4,0,0.607803725326661,"{""max_features"": ""sqrt"", ""min_samples_leaf"": 3}"
gbm_selective_class,grouped,Random Forest (descriptors),4,1,0.5865443425076452,"{""max_features"": 0.5, ""min_samples_leaf"": 1}"
gbm_selective_class,grouped,Random Forest (descriptors),4,2,0.4535469372625336,"{""max_features"": ""sqrt"", ""min_samples_leaf"": 3}"
gbm_selective_class,grouped,Random Forest (descriptors),4,3,0.6215763135946623,"{""max_features"": ""sqrt"", ""min_samples_leaf"": 3}"
gbm_selective_class,grouped,Random Forest (descriptors),4,4,0.6472904096757307,"{""max_features"": ""sqrt"", ""min_samples_leaf"": 3}"
gbm_selective_class,grouped,Random Forest (morgan),0,0,0.6886266333055323,"{""max_features"": ""sqrt"", ""min_samples_leaf"": 3}"
gbm_selective_class,grouped,Random Forest (morgan),0,1,0.7594870725604671,"{""max_features"": ""sqrt"", ""min_samples_leaf"": 3}"
gbm_selective_class,grouped,Random Forest (morgan),0,2,0.7771142618849041,"{""max_features"": ""sqrt"", ""min_samples_leaf"": 1}"
gbm_selective_class,grouped,Random Forest (morgan),0,3,0.67217125382263,"{""max_features"": ""sqrt"", ""min_samples_leaf"": 3}"
gbm_selective_class,grouped,Random Forest (morgan),0,4,0.713538308951153,"{""max_features"": ""sqrt"", ""min_samples_leaf"": 1}"
gbm_selective_class,grouped,Random Forest (morgan),1,0,0.72581317764804,"{""max_features"": ""sqrt"", ""min_samples_leaf"": 3}"
gbm_selective_class,grouped,Random Forest (morgan),1,1,0.6504471318691502,"{""max_features"": ""sqrt"", ""min_samples_leaf"": 1}"
gbm_selective_class,grouped,Random Forest (morgan),1,2,0.6826939115929941,"{""max_features"": ""sqrt"", ""min_samples_leaf"": 3}"
gbm_selective_class,grouped,Random Forest (morgan),1,3,0.7145191062622255,"{""max_features"": 0.5, ""min_samples_leaf"": 3}"
gbm_selective_class,grouped,Random Forest (morgan),1,4,0.7865443425076452,"{""max_features"": ""sqrt"", ""min_samples_leaf"": 3}"
gbm_selective_class,grouped,Random Forest (morgan),2,0,0.6645732554906867,"{""max_features"": ""sqrt"", ""min_samples_leaf"": 3}"
gbm_selective_class,grouped,Random Forest (morgan),2,1,0.6634834584375868,"{""max_features"": ""sqrt"", ""min_samples_leaf"": 3}"
gbm_selective_class,grouped,Random Forest (morgan),2,2,0.7796374356007383,"{""max_features"": ""sqrt"", ""min_samples_leaf"": 1}"
gbm_selective_class,grouped,Random Forest (morgan),2,3,0.8428134556574923,"{""max_features"": ""sqrt"", ""min_samples_leaf"": 3}"
gbm_selective_class,grouped,Random Forest (morgan),2,4,0.5978106755629692,"{""max_features"": ""sqrt"", ""min_samples_leaf"": 3}"
gbm_selective_class,grouped,Random Forest (morgan),3,0,0.6857130942452043,"{""max_features"": 0.5, ""min_samples_leaf"": 1}"
gbm_selective_class,grouped,Random Forest (morgan),3,1,0.6778634973589103,"{""max_features"": 0.5, ""min_samples_leaf"": 1}"
gbm_selective_class,grouped,Random Forest (morgan),3,2,0.5934167361690298,"{""max_features"": ""sqrt"", ""min_samples_leaf"": 1}"
gbm_selective_class,grouped,Random Forest (morgan),3,3,0.6455657492354739,"{""max_features"": 0.5, ""min_samples_leaf"": 1}"
gbm_selective_class,grouped,Random Forest (morgan),3,4,0.6936248174780285,"{""max_features"": ""sqrt"", ""min_samples_leaf"": 3}"
gbm_selective_class,grouped,Random Forest (morgan),4,0,0.5480428134556575,"{""max_features"": ""sqrt"", ""min_samples_leaf"": 3}"
gbm_selective_class,grouped,Random Forest (morgan),4,1,0.6636085626911316,"{""max_features"": ""sqrt"", ""min_samples_leaf"": 3}"
gbm_selective_class,grouped,Random Forest (morgan),4,2,0.7667894541747753,"{""max_features"": ""sqrt"", ""min_samples_leaf"": 1}"
gbm_selective_class,grouped,Random Forest (morgan),4,3,0.6774061718098415,"{""max_features"": ""sqrt"", ""min_samples_leaf"": 3}"
gbm_selective_class,grouped,Random Forest (morgan),4,4,0.6851833484861007,"{""max_features"": 0.5, ""min_samples_leaf"": 1}"
gbm_selective_class,grouped,XGBoost (descriptors),0,0,0.5242618849040868,"{""learning_rate"": 0.03, ""max_depth"": 5}"
gbm_selective_class,grouped,XGBoost (descriptors),0,1,0.5828445000463348,"{""learning_rate"": 0.1, ""max_depth"": 3}"
gbm_selective_class,grouped,XGBoost (descriptors),0,2,0.4588851820961912,"{""learning_rate"": 0.1, ""max_depth"": 5}"
gbm_selective_class,grouped,XGBoost (descriptors),0,3,0.5626911314984709,"{""learning_rate"": 0.03, ""max_depth"": 3}"
gbm_selective_class,grouped,XGBoost (descriptors),0,4,0.6396974956607985,"{""learning_rate"": 0.03, ""max_depth"": 5}"
gbm_selective_class,grouped,XGBoost (descriptors),1,0,0.5979065888240199,"{""learning_rate"": 0.03, ""max_depth"": 3}"
gbm_selective_class,grouped,XGBoost (descriptors),1,1,0.44206051339078867,"{""learning_rate"": 0.1, ""max_depth"": 5}"
gbm_selective_class,grouped,XGBoost (descriptors),1,2,0.5889713650264109,"{""learning_rate"": 0.03, ""max_depth"": 5}"
gbm_selective_class,grouped,XGBoost (descriptors),1,3,0.6193211560184038,"{""learning_rate"": 0.03, ""max_depth"": 5}"
gbm_selective_class,grouped,XGBoost (descriptors),1,4,0.582874617737003,"{""learning_rate"": 0.1, ""max_depth"": 5}"
gbm_selective_class,grouped,XGBoost (descriptors),2,0,0.46600222407561853,"{""learning_rate"": 0.03, ""max_depth"": 3}"
gbm_selective_class,grouped,XGBoost (descriptors),2,1,0.5795301640255769,"{""learning_rate"": 0.03, ""max_depth"": 3}"
gbm_selective_class,grouped,XGBoost (descriptors),2,2,0.7430834504228999,"{""learning_rate"": 0.1, ""max_depth"": 3}"
gbm_selective_class,grouped,XGBoost (descriptors),2,3,0.5516819571865442,"{""learning_rate"": 0.1, ""max_depth"": 3}"
gbm_selective_class,grouped,XGBoost (descriptors),2,4,0.6320707070707071,"{""learning_rate"": 0.03, ""max_depth"": 3}"
gbm_selective_class,grouped,XGBoost (descriptors),3,0,0.521559633027523,"{""learning_rate"": 0.03, ""max_depth"": 5}"
gbm_selective_class,grouped,XGBoost (descriptors),3,1,0.6441363173014549,"{""learning_rate"": 0.1, ""max_depth"": 5}"
gbm_selective_class,grouped,XGBoost (descriptors),3,2,0.4880038921323325,"{""learning_rate"": 0.1, ""max_depth"": 5}"
gbm_selective_class,grouped,XGBoost (descriptors),3,3,0.5871559633027523,"{""learning_rate"": 0.1, ""max_depth"": 5}"
gbm_selective_class,grouped,XGBoost (descriptors),3,4,0.6872716753450699,"{""learning_rate"": 0.1, ""max_depth"": 5}"
gbm_selective_class,grouped,XGBoost (descriptors),4,0,0.6035668612732833,"{""learning_rate"": 0.03, ""max_depth"": 5}"
gbm_selective_class,grouped,XGBoost (descriptors),4,1,0.5314984709480122,"{""learning_rate"": 0.03, ""max_depth"": 3}"
gbm_selective_class,grouped,XGBoost (descriptors),4,2,0.45287508108609026,"{""learning_rate"": 0.1, ""max_depth"": 5}"
gbm_selective_class,grouped,XGBoost (descriptors),4,3,0.5778231859883236,"{""learning_rate"": 0.03, ""max_depth"": 3}"
gbm_selective_class,grouped,XGBoost (descriptors),4,4,0.5821335096564455,"{""learning_rate"": 0.03, ""max_depth"": 3}"
gbm_selective_class,grouped,XGBoost (morgan),0,0,0.6379510703363914,"{""learning_rate"": 0.1, ""max_depth"": 3}"
gbm_selective_class,grouped,XGBoost (morgan),0,1,0.6240825688073395,"{""learning_rate"": 0.03, ""max_depth"": 3}"
gbm_selective_class,grouped,XGBoost (morgan),0,2,0.7244787322768974,"{""learning_rate"": 0.03, ""max_depth"": 5}"
gbm_selective_class,grouped,XGBoost (morgan),0,3,0.5749235474006116,"{""learning_rate"": 0.03, ""max_depth"": 3}"
gbm_selective_class,grouped,XGBoost (morgan),0,4,0.7174119073201641,"{""learning_rate"": 0.1, ""max_depth"": 3}"
gbm_selective_class,grouped,XGBoost (morgan),1,0,0.6282652210175147,"{""learning_rate"": 0.03, ""max_depth"": 5}"
gbm_selective_class,grouped,XGBoost (morgan),1,1,0.5934737281067557,"{""learning_rate"": 0.03, ""max_depth"": 5}"
gbm_selective_class,grouped,XGBoost (morgan),1,2,0.5801195440644982,"{""learning_rate"": 0.1, ""max_depth"": 3}"
gbm_selective_class,grouped,XGBoost (morgan),1,3,0.6385569055293826,"{""learning_rate"": 0.1, ""max_depth"": 5}"
gbm_selective_class,grouped,XGBoost (morgan),1,4,0.7302752293577982,"{""learning_rate"": 0.03, ""max_depth"": 5}"
gbm_selective_class,grouped,XGBoost (morgan),2,0,0.5987739783152627,"{""learning_rate"": 0.03, ""max_depth"": 5}"
gbm_selective_class,grouped,XGBoost (morgan),2,1,0.6270086182930219,"{""learning_rate"": 0.1, ""max_depth"": 3}"
gbm_selective_class,grouped,XGBoost (morgan),2,2,0.669358349174863,"{""learning_rate"": 0.03, ""max_depth"": 3}"
gbm_selective_class,grouped,XGBoost (morgan),2,3,0.8103975535168196,"{""learning_rate"": 0.03, ""max_depth"": 3}"
gbm_selective_class,grouped,XGBoost (morgan),2,4,0.5922087850986933,"{""learning_rate"": 0.03, ""max_depth"": 3}"
gbm_selective_class,grouped,XGBoost (morgan),3,0,0.604734500973033,"{""learning_rate"": 0.03, ""max_depth"": 3}"
gbm_selective_class,grouped,XGBoost (morgan),3,1,0.7058127142989529,"{""learning_rate"": 0.03, ""max_depth"": 3}"
gbm_selective_class,grouped,XGBoost (morgan),3,2,0.6030330831248262,"{""learning_rate"": 0.03, ""max_depth"": 5}"
gbm_selective_class,grouped,XGBoost (morgan),3,3,0.620795107033639,"{""learning_rate"": 0.03, ""max_depth"": 5}"
gbm_selective_class,grouped,XGBoost (morgan),3,4,0.6267763176020057,"{""learning_rate"": 0.03, ""max_depth"": 3}"
gbm_selective_class,grouped,XGBoost (morgan),4,0,0.3738198498748957,"{""learning_rate"": 0.03, ""max_depth"": 3}"
gbm_selective_class,grouped,XGBoost (morgan),4,1,0.6587155963302752,"{""learning_rate"": 0.03, ""max_depth"": 5}"
gbm_selective_class,grouped,XGBoost (morgan),4,2,0.7193100732091559,"{""learning_rate"": 0.1, ""max_depth"": 5}"
gbm_selective_class,grouped,XGBoost (morgan),4,3,0.6196691687517376,"{""learning_rate"": 0.1, ""max_depth"": 5}"
gbm_selective_class,grouped,XGBoost (morgan),4,4,0.7206904151858281,"{""learning_rate"": 0.03, ""max_depth"": 3}"
gbm_selective_class,grouped,SVM (descriptors),0,0,0.570845148735057,"{""svc__C"": 0.3, ""svc__gamma"": 0.01}"
gbm_selective_class,grouped,SVM (descriptors),0,1,0.6070637568343991,"{""svc__C"": 0.3, ""svc__gamma"": 0.01}"
gbm_selective_class,grouped,SVM (descriptors),0,2,0.6063636363636364,"{""svc__C"": 0.3, ""svc__gamma"": 0.01}"
gbm_selective_class,grouped,SVM (descriptors),0,3,0.6256880733944954,"{""svc__C"": 0.3, ""svc__gamma"": 0.01}"
gbm_selective_class,grouped,SVM (descriptors),0,4,0.640705843458137,"{""svc__C"": 0.3, ""svc__gamma"": 0.01}"
gbm_selective_class,grouped,SVM (descriptors),1,0,0.6435613010842368,"{""svc__C"": 0.3, ""svc__gamma"": 0.01}"
gbm_selective_class,grouped,SVM (descriptors),1,1,0.5683509405986471,"{""svc__C"": 3.0, ""svc__gamma"": ""scale""}"
gbm_selective_class,grouped,SVM (descriptors),1,2,0.6356213511259382,"{""svc__C"": 0.3, ""svc__gamma"": 0.01}"
gbm_selective_class,grouped,SVM (descriptors),1,3,0.6691985563545196,"{""svc__C"": 0.3, ""svc__gamma"": 0.01}"
gbm_selective_class,grouped,SVM (descriptors),1,4,0.42507645259938837,"{""svc__C"": 10.0, ""svc__gamma"": ""scale""}"
gbm_selective_class,grouped,SVM (descriptors),2,0,0.5427439532944119,"{""svc__C"": 0.3, ""svc__gamma"": 0.01}"
gbm_selective_class,grouped,SVM (descriptors),2,1,0.6561606894634417,"{""svc__C"": 0.3, ""svc__gamma"": 0.01}"
gbm_selective_class,grouped,SVM (descriptors),2,2,0.6018541477257073,"{""svc__C"": 0.3, ""svc__gamma"": 0.01}"
gbm_selective_class,grouped,SVM (descriptors),2,3,0.6782874617737003,"{""svc__C"": 0.3, ""svc__gamma"": 0.01}"
gbm_selective_class,grouped,SVM (descriptors),2,4,0.6124710406820498,"{""svc__C"": 0.3, ""svc__gamma"": 0.01}"
gbm_selective_class,grouped,SVM (descriptors),3,0,0.558479288295802,"{""svc__C"": 0.3, ""svc__gamma"": 0.01}"
gbm_selective_class,grouped,SVM (descriptors),3,1,0.6792720785840052,"{""svc__C"": 0.3, ""svc__gamma"": 0.01}"
gbm_selective_class,grouped,SVM (descriptors),3,2,0.5846066166249653,"{""svc__C"": 10.0, ""svc__gamma"": ""scale""}"
gbm_selective_class,grouped,SVM (descriptors),3,3,0.6262996941896025,"{""svc__C"": 0.3, ""svc__gamma"": 0.01}"
gbm_selective_class,grouped,SVM (descriptors),3,4,0.7265531586632504,"{""svc__C"": 0.3, ""svc__gamma"": 0.01}"
gbm_selective_class,grouped,SVM (descriptors),4,0,0.5935418404225744,"{""svc__C"": 0.3, ""svc__gamma"": 0.01}"
gbm_selective_class,grouped,SVM (descriptors),4,1,0.6611620795107034,"{""svc__C"": 0.3, ""svc__gamma"": 0.01}"
gbm_selective_class,grouped,SVM (descriptors),4,2,0.33860392920025945,"{""svc__C"": 0.3, ""svc__gamma"": 0.01}"
gbm_selective_class,grouped,SVM (descriptors),4,3,0.6491103697525716,"{""svc__C"": 0.3, ""svc__gamma"": 0.01}"
gbm_selective_class,grouped,SVM (descriptors),4,4,0.7248560487092597,"{""svc__C"": 0.3, ""svc__gamma"": 0.01}"
gbm_selective_class,grouped,MLP (descriptors),0,0,0.5018376424798443,"{""mlpclassifier__alpha"": 0.01}"
gbm_selective_class,grouped,MLP (descriptors),0,1,0.5047655453618757,"{""mlpclassifier__alpha"": 0.001}"
gbm_selective_class,grouped,MLP (descriptors),0,2,0.5595246038365305,"{""mlpclassifier__alpha"": 0.0001}"
gbm_selective_class,grouped,MLP (descriptors),0,3,0.5155963302752293,"{""mlpclassifier__alpha"": 0.001}"
gbm_selective_class,grouped,MLP (descriptors),0,4,0.47149075681185776,"{""mlpclassifier__alpha"": 0.01}"
gbm_selective_class,grouped,MLP (descriptors),1,0,0.5198081734778982,"{""mlpclassifier__alpha"": 0.0001}"
gbm_selective_class,grouped,MLP (descriptors),1,1,0.4978894449077935,"{""mlpclassifier__alpha"": 0.0001}"
gbm_selective_class,grouped,MLP (descriptors),1,2,0.499936057825966,"{""mlpclassifier__alpha"": 0.01}"
gbm_selective_class,grouped,MLP (descriptors),1,3,0.5194396231093479,"{""mlpclassifier__alpha"": 0.001}"
gbm_selective_class,grouped,MLP (descriptors),1,4,0.4788990825688073,"{""mlpclassifier__alpha"": 0.01}"
gbm_selective_class,grouped,MLP (descriptors),2,0,0.45082290797887126,"{""mlpclassifier__alpha"": 0.01}"
gbm_selective_class,grouped,MLP (descriptors),2,1,0.5553377814845705,"{""mlpclassifier__alpha"": 0.0001}"
gbm_selective_class,grouped,MLP (descriptors),2,2,0.47857123178224104,"{""mlpclassifier__alpha"": 0.0001}"
gbm_selective_class,grouped,MLP (descriptors),2,3,0.4941896024464832,"{""mlpclassifier__alpha"": 0.0001}"
gbm_selective_class,grouped,MLP (descriptors),2,4,0.5007575757575757,"{""mlpclassifier__alpha"": 0.0001}"
gbm_selective_class,grouped,MLP (descriptors),3,0,0.5353600222407562,"{""mlpclassifier__alpha"": 0.001}"
gbm_selective_class,grouped,MLP (descriptors),3,1,0.5680219627467334,"{""mlpclassifier__alpha"": 0.01}"
gbm_selective_class,grouped,MLP (descriptors),3,2,0.5093994995829858,"{""mlpclassifier__alpha"": 0.0001}"
gbm_selective_class,grouped,MLP (descriptors),3,3,0.4006116207951071,"{""mlpclassifier__alpha"": 0.0001}"
gbm_selective_class,grouped,MLP (descriptors),3,4,0.4258781717497313,"{""mlpclassifier__alpha"": 0.001}"
gbm_selective_class,grouped,MLP (descriptors),4,0,0.5173450097303308,"{""mlpclassifier__alpha"": 0.0001}"
gbm_selective_class,grouped,MLP (descriptors),4,1,0.5406727828746177,"{""mlpclassifier__alpha"": 0.01}"
gbm_selective_class,grouped,MLP (descriptors),4,2,0.45093828190158464,"{""mlpclassifier__alpha"": 0.0001}"
gbm_selective_class,grouped,MLP (descriptors),4,3,0.4487044759521824,"{""mlpclassifier__alpha"": 0.001}"
gbm_selective_class,grouped,MLP (descriptors),4,4,0.4929691159048957,"{""mlpclassifier__alpha"": 0.0001}"
gbm_selective_class,grouped,Linear (pathway one-hot),0,0,0.568596052265777,"{""logisticregression__C"": 0.1}"
gbm_selective_class,grouped,Linear (pathway one-hot),0,1,0.5068089148364378,"{""logisticregression__C"": 1.0}"
gbm_selective_class,grouped,Linear (pathway one-hot),0,2,0.6204448151237142,"{""logisticregression__C"": 10.0}"
gbm_selective_class,grouped,Linear (pathway one-hot),0,3,0.3963302752293578,"{""logisticregression__C"": 10.0}"
gbm_selective_class,grouped,Linear (pathway one-hot),0,4,0.5174063972229109,"{""logisticregression__C"": 0.01}"
gbm_selective_class,grouped,Linear (pathway one-hot),1,0,0.49788434806783427,"{""logisticregression__C"": 0.01}"
gbm_selective_class,grouped,Linear (pathway one-hot),1,1,0.6441571680103789,"{""logisticregression__C"": 10.0}"
gbm_selective_class,grouped,Linear (pathway one-hot),1,2,0.4738504309146511,"{""logisticregression__C"": 1.0}"
gbm_selective_class,grouped,Linear (pathway one-hot),1,3,0.5554839242912638,"{""logisticregression__C"": 10.0}"
gbm_selective_class,grouped,Linear (pathway one-hot),1,4,0.5207951070336391,"{""logisticregression__C"": 0.01}"
gbm_selective_class,grouped,Linear (pathway one-hot),2,0,0.5479927717542397,"{""logisticregression__C"": 0.01}"
gbm_selective_class,grouped,Linear (pathway one-hot),2,1,0.6341006394217403,"{""logisticregression__C"": 0.01}"
gbm_selective_class,grouped,Linear (pathway one-hot),2,2,0.6027054577513292,"{""logisticregression__C"": 0.01}"
gbm_selective_class,grouped,Linear (pathway one-hot),2,3,0.5305810397553516,"{""logisticregression__C"": 10.0}"
gbm_selective_class,grouped,Linear (pathway one-hot),2,4,0.6115605597256973,"{""logisticregression__C"": 0.01}"
gbm_selective_class,grouped,Linear (pathway one-hot),3,0,0.5550264108979704,"{""logisticregression__C"": 10.0}"
gbm_selective_class,grouped,Linear (pathway one-hot),3,1,0.41807988138263363,"{""logisticregression__C"": 1.0}"
gbm_selective_class,grouped,Linear (pathway one-hot),3,2,0.5916680567139282,"{""logisticregression__C"": 0.1}"
gbm_selective_class,grouped,Linear (pathway one-hot),3,3,0.5954128440366971,"{""logisticregression__C"": 0.01}"
gbm_selective_class,grouped,Linear (pathway one-hot),3,4,0.49748188555528,"{""logisticregression__C"": 1.0}"
gbm_selective_class,grouped,Linear (pathway one-hot),4,0,0.5152126772310258,"{""logisticregression__C"": 0.1}"
gbm_selective_class,grouped,Linear (pathway one-hot),4,1,0.5865443425076453,"{""logisticregression__C"": 10.0}"
gbm_selective_class,grouped,Linear (pathway one-hot),4,2,0.5380038921323326,"{""logisticregression__C"": 10.0}"
gbm_selective_class,grouped,Linear (pathway one-hot),4,3,0.5879482902418682,"{""logisticregression__C"": 0.01}"
gbm_selective_class,grouped,Linear (pathway one-hot),4,4,0.6271041683885722,"{""logisticregression__C"": 10.0}"
gbm_selective_class,grouped,Random Forest (pathway one-hot),0,0,0.6126633305532388,"{""max_features"": 0.5, ""min_samples_leaf"": 1}"
gbm_selective_class,grouped,Random Forest (pathway one-hot),0,1,0.5322282457603559,"{""max_features"": ""sqrt"", ""min_samples_leaf"": 3}"
gbm_selective_class,grouped,Random Forest (pathway one-hot),0,2,0.6419933277731443,"{""max_features"": 0.5, ""min_samples_leaf"": 1}"
gbm_selective_class,grouped,Random Forest (pathway one-hot),0,3,0.4709480122324159,"{""max_features"": 0.5, ""min_samples_leaf"": 1}"
gbm_selective_class,grouped,Random Forest (pathway one-hot),0,4,0.558379480397829,"{""max_features"": ""sqrt"", ""min_samples_leaf"": 1}"
gbm_selective_class,grouped,Random Forest (pathway one-hot),1,0,0.5545065332221295,"{""max_features"": 0.5, ""min_samples_leaf"": 1}"
gbm_selective_class,grouped,Random Forest (pathway one-hot),1,1,0.6622810675562969,"{""max_features"": 0.5, ""min_samples_leaf"": 1}"
gbm_selective_class,grouped,Random Forest (pathway one-hot),1,2,0.5285209897136501,"{""max_features"": 0.5, ""min_samples_leaf"": 1}"
gbm_selective_class,grouped,Random Forest (pathway one-hot),1,3,0.5768107557098383,"{""max_features"": ""sqrt"", ""min_samples_leaf"": 1}"
gbm_selective_class,grouped,Random Forest (pathway one-hot),1,4,0.553822629969419,"{""max_features"": 0.5, ""min_samples_leaf"": 1}"
gbm_selective_class,grouped,Random Forest (pathway one-hot),2,0,0.552446483180428,"{""max_features"": 0.5, ""min_samples_leaf"": 1}"
gbm_selective_class,grouped,Random Forest (pathway one-hot),2,1,0.640455935501807,"{""max_features"": 0.5, ""min_samples_leaf"": 3}"
gbm_selective_class,grouped,Random Forest (pathway one-hot),2,2,0.6146761440339422,"{""max_features"": 0.5, ""min_samples_leaf"": 1}"
gbm_selective_class,grouped,Random Forest (pathway one-hot),2,3,0.5345565749235474,"{""max_features"": 0.5, ""min_samples_leaf"": 1}"
gbm_selective_class,grouped,Random Forest (pathway one-hot),2,4,0.6286674080252062,"{""max_features"": ""sqrt"", ""min_samples_leaf"": 1}"
gbm_selective_class,grouped,Random Forest (pathway one-hot),3,0,0.5238337503475118,"{""max_features"": ""sqrt"", ""min_samples_leaf"": 3}"
gbm_selective_class,grouped,Random Forest (pathway one-hot),3,1,0.4565424891112964,"{""max_features"": 0.5, ""min_samples_leaf"": 1}"
gbm_selective_class,grouped,Random Forest (pathway one-hot),3,2,0.6341034195162635,"{""max_features"": 0.5, ""min_samples_leaf"": 1}"
gbm_selective_class,grouped,Random Forest (pathway one-hot),3,3,0.6061162079510704,"{""max_features"": 0.5, ""min_samples_leaf"": 1}"
gbm_selective_class,grouped,Random Forest (pathway one-hot),3,4,0.5340276055872386,"{""max_features"": 0.5, ""min_samples_leaf"": 1}"
gbm_selective_class,grouped,Random Forest (pathway one-hot),4,0,0.5208284681679177,"{""max_features"": ""sqrt"", ""min_samples_leaf"": 1}"
gbm_selective_class,grouped,Random Forest (pathway one-hot),4,1,0.5694189602446483,"{""max_features"": ""sqrt"", ""min_samples_leaf"": 3}"
gbm_selective_class,grouped,Random Forest (pathway one-hot),4,2,0.5272263923640069,"{""max_features"": 0.5, ""min_samples_leaf"": 3}"
gbm_selective_class,grouped,Random Forest (pathway one-hot),4,3,0.6262969140950793,"{""max_features"": 0.5, ""min_samples_leaf"": 1}"
gbm_selective_class,grouped,Random Forest (pathway one-hot),4,4,0.6434526269388655,"{""max_features"": ""sqrt"", ""min_samples_leaf"": 3}"
gbm_selective_class,grouped,Random Forest (descriptors + pathway),0,0,0.6905643591882124,"{""max_features"": 0.5, ""min_samples_leaf"": 1}"
gbm_selective_class,grouped,Random Forest (descriptors + pathway),0,1,0.6393916226485034,"{""max_features"": ""sqrt"", ""min_samples_leaf"": 3}"
gbm_selective_class,grouped,Random Forest (descriptors + pathway),0,2,0.6168974145120935,"{""max_features"": ""sqrt"", ""min_samples_leaf"": 1}"
gbm_selective_class,grouped,Random Forest (descriptors + pathway),0,3,0.6428134556574924,"{""max_features"": ""sqrt"", ""min_samples_leaf"": 1}"
gbm_selective_class,grouped,Random Forest (descriptors + pathway),0,4,0.6459652312863322,"{""max_features"": 0.5, ""min_samples_leaf"": 3}"
gbm_selective_class,grouped,Random Forest (descriptors + pathway),1,0,0.6870364192382542,"{""max_features"": ""sqrt"", ""min_samples_leaf"": 3}"
gbm_selective_class,grouped,Random Forest (descriptors + pathway),1,1,0.6419817440459642,"{""max_features"": ""sqrt"", ""min_samples_leaf"": 3}"
gbm_selective_class,grouped,Random Forest (descriptors + pathway),1,2,0.6673783708646095,"{""max_features"": ""sqrt"", ""min_samples_leaf"": 1}"
gbm_selective_class,grouped,Random Forest (descriptors + pathway),1,3,0.7680249056395846,"{""max_features"": ""sqrt"", ""min_samples_leaf"": 1}"
gbm_selective_class,grouped,Random Forest (descriptors + pathway),1,4,0.6214067278287462,"{""max_features"": 0.5, ""min_samples_leaf"": 1}"
gbm_selective_class,grouped,Random Forest (descriptors + pathway),2,0,0.6816875173755909,"{""max_features"": 0.5, ""min_samples_leaf"": 1}"
gbm_selective_class,grouped,Random Forest (descriptors + pathway),2,1,0.6284431470670003,"{""max_features"": ""sqrt"", ""min_samples_leaf"": 1}"
gbm_selective_class,grouped,Random Forest (descriptors + pathway),2,2,0.7497727084883049,"{""max_features"": ""sqrt"", ""min_samples_leaf"": 3}"
gbm_selective_class,grouped,Random Forest (descriptors + pathway),2,3,0.7370030581039755,"{""max_features"": ""sqrt"", ""min_samples_leaf"": 1}"
gbm_selective_class,grouped,Random Forest (descriptors + pathway),2,4,0.659487072560467,"{""max_features"": 0.5, ""min_samples_leaf"": 3}"
gbm_selective_class,grouped,Random Forest (descriptors + pathway),3,0,0.5789519043647484,"{""max_features"": ""sqrt"", ""min_samples_leaf"": 1}"
gbm_selective_class,grouped,Random Forest (descriptors + pathway),3,1,0.6428667408025206,"{""max_features"": ""sqrt"", ""min_samples_leaf"": 3}"
gbm_selective_class,grouped,Random Forest (descriptors + pathway),3,2,0.5894495412844037,"{""max_features"": ""sqrt"", ""min_samples_leaf"": 3}"
gbm_selective_class,grouped,Random Forest (descriptors + pathway),3,3,0.5712538226299694,"{""max_features"": 0.5, ""min_samples_leaf"": 3}"
gbm_selective_class,grouped,Random Forest (descriptors + pathway),3,4,0.8086976885142022,"{""max_features"": ""sqrt"", ""min_samples_leaf"": 1}"
gbm_selective_class,grouped,Random Forest (descriptors + pathway),4,0,0.6521017514595496,"{""max_features"": ""sqrt"", ""min_samples_leaf"": 1}"
gbm_selective_class,grouped,Random Forest (descriptors + pathway),4,1,0.6467889908256881,"{""max_features"": ""sqrt"", ""min_samples_leaf"": 1}"
gbm_selective_class,grouped,Random Forest (descriptors + pathway),4,2,0.5144935594476879,"{""max_features"": 0.5, ""min_samples_leaf"": 3}"
gbm_selective_class,grouped,Random Forest (descriptors + pathway),4,3,0.6717514595496247,"{""max_features"": ""sqrt"", ""min_samples_leaf"": 1}"
gbm_selective_class,grouped,Random Forest (descriptors + pathway),4,4,0.6624927679973552,"{""max_features"": ""sqrt"", ""min_samples_leaf"": 3}"
gbm_selective_class,scaffold,Linear (descriptors),0,0,0.5100804168082456,"{""logisticregression__C"": 0.01}"
gbm_selective_class,scaffold,Linear (descriptors),0,1,0.7161217681401167,"{""logisticregression__C"": 0.01}"
gbm_selective_class,scaffold,Linear (descriptors),0,2,0.6926160689463442,"{""logisticregression__C"": 0.01}"
gbm_selective_class,scaffold,Linear (descriptors),0,3,0.6531818181818182,"{""logisticregression__C"": 0.01}"
gbm_selective_class,scaffold,Linear (descriptors),0,4,0.632670744138634,"{""logisticregression__C"": 0.01}"
gbm_selective_class,scaffold,KNN-Jaccard (morgan),0,0,0.6929012345679011,"{""kneighborsclassifier__n_neighbors"": 11}"
gbm_selective_class,scaffold,KNN-Jaccard (morgan),0,1,0.6482582707812066,"{""kneighborsclassifier__n_neighbors"": 11}"
gbm_selective_class,scaffold,KNN-Jaccard (morgan),0,2,0.8399054767862107,"{""kneighborsclassifier__n_neighbors"": 7}"
gbm_selective_class,scaffold,KNN-Jaccard (morgan),0,3,0.6398484848484849,"{""kneighborsclassifier__n_neighbors"": 15}"
gbm_selective_class,scaffold,KNN-Jaccard (morgan),0,4,0.6127930682976553,"{""kneighborsclassifier__n_neighbors"": 11}"
gbm_selective_class,scaffold,Random Forest (descriptors),0,0,0.49121078264809154,"{""max_features"": 0.5, ""min_samples_leaf"": 3}"
gbm_selective_class,scaffold,Random Forest (descriptors),0,1,0.5867556296914095,"{""max_features"": ""sqrt"", ""min_samples_leaf"": 3}"
gbm_selective_class,scaffold,Random Forest (descriptors),0,2,0.6692910758965805,"{""max_features"": ""sqrt"", ""min_samples_leaf"": 3}"
gbm_selective_class,scaffold,Random Forest (descriptors),0,3,0.6456818181818181,"{""max_features"": 0.5, ""min_samples_leaf"": 1}"
gbm_selective_class,scaffold,Random Forest (descriptors),0,4,0.5363404689092762,"{""max_features"": ""sqrt"", ""min_samples_leaf"": 3}"
gbm_selective_class,scaffold,Random Forest (morgan),0,0,0.6581096386906784,"{""max_features"": ""sqrt"", ""min_samples_leaf"": 3}"
gbm_selective_class,scaffold,Random Forest (morgan),0,1,0.7041673616902974,"{""max_features"": ""sqrt"", ""min_samples_leaf"": 1}"
gbm_selective_class,scaffold,Random Forest (morgan),0,2,0.7918376424798442,"{""max_features"": ""sqrt"", ""min_samples_leaf"": 1}"
gbm_selective_class,scaffold,Random Forest (morgan),0,3,0.592121212121212,"{""max_features"": ""sqrt"", ""min_samples_leaf"": 3}"
gbm_selective_class,scaffold,Random Forest (morgan),0,4,0.6233944954128441,"{""max_features"": ""sqrt"", ""min_samples_leaf"": 3}"
gbm_selective_class,scaffold,XGBoost (descriptors),0,0,0.46642315097972586,"{""learning_rate"": 0.1, ""max_depth"": 5}"
gbm_selective_class,scaffold,XGBoost (descriptors),0,1,0.5680428134556575,"{""learning_rate"": 0.1, ""max_depth"": 3}"
gbm_selective_class,scaffold,XGBoost (descriptors),0,2,0.6981818181818182,"{""learning_rate"": 0.03, ""max_depth"": 3}"
gbm_selective_class,scaffold,XGBoost (descriptors),0,3,0.5692424242424243,"{""learning_rate"": 0.1, ""max_depth"": 3}"
gbm_selective_class,scaffold,XGBoost (descriptors),0,4,0.48088685015290517,"{""learning_rate"": 0.03, ""max_depth"": 5}"
gbm_selective_class,scaffold,XGBoost (morgan),0,0,0.6027919356665534,"{""learning_rate"": 0.03, ""max_depth"": 5}"
gbm_selective_class,scaffold,XGBoost (morgan),0,1,0.6360494856825133,"{""learning_rate"": 0.03, ""max_depth"": 5}"
gbm_selective_class,scaffold,XGBoost (morgan),0,2,0.8112260216847372,"{""learning_rate"": 0.03, ""max_depth"": 5}"
gbm_selective_class,scaffold,XGBoost (morgan),0,3,0.4703030303030302,"{""learning_rate"": 0.1, ""max_depth"": 5}"
gbm_selective_class,scaffold,XGBoost (morgan),0,4,0.5891437308868501,"{""learning_rate"": 0.1, ""max_depth"": 3}"
gbm_selective_class,scaffold,SVM (descriptors),0,0,0.46932834975648435,"{""svc__C"": 0.3, ""svc__gamma"": 0.01}"
gbm_selective_class,scaffold,SVM (descriptors),0,1,0.6978843480678343,"{""svc__C"": 0.3, ""svc__gamma"": 0.01}"
gbm_selective_class,scaffold,SVM (descriptors),0,2,0.6708423686405337,"{""svc__C"": 0.3, ""svc__gamma"": 0.01}"
gbm_selective_class,scaffold,SVM (descriptors),0,3,0.5766666666666667,"{""svc__C"": 0.3, ""svc__gamma"": 0.01}"
gbm_selective_class,scaffold,SVM (descriptors),0,4,0.6056574923547401,"{""svc__C"": 0.3, ""svc__gamma"": 0.01}"
gbm_selective_class,scaffold,MLP (descriptors),0,0,0.48187223921168876,"{""mlpclassifier__alpha"": 0.0001}"
gbm_selective_class,scaffold,MLP (descriptors),0,1,0.5874979149291076,"{""mlpclassifier__alpha"": 0.0001}"
gbm_selective_class,scaffold,MLP (descriptors),0,2,0.3799443981095358,"{""mlpclassifier__alpha"": 0.0001}"
gbm_selective_class,scaffold,MLP (descriptors),0,3,0.5010606060606061,"{""mlpclassifier__alpha"": 0.01}"
gbm_selective_class,scaffold,MLP (descriptors),0,4,0.5125891946992864,"{""mlpclassifier__alpha"": 0.0001}"
gbm_selective_class,scaffold,Linear (pathway one-hot),0,0,0.5122465737909163,"{""logisticregression__C"": 1.0}"
gbm_selective_class,scaffold,Linear (pathway one-hot),0,1,0.6303183208229081,"{""logisticregression__C"": 1.0}"
gbm_selective_class,scaffold,Linear (pathway one-hot),0,2,0.5369224353628024,"{""logisticregression__C"": 0.1}"
gbm_selective_class,scaffold,Linear (pathway one-hot),0,3,0.5509090909090909,"{""logisticregression__C"": 10.0}"
gbm_selective_class,scaffold,Linear (pathway one-hot),0,4,0.6383792048929663,"{""logisticregression__C"": 0.01}"
gbm_selective_class,scaffold,Random Forest (pathway one-hot),0,0,0.5754332313965341,"{""max_features"": 0.5, ""min_samples_leaf"": 1}"
gbm_selective_class,scaffold,Random Forest (pathway one-hot),0,1,0.6283138726716708,"{""max_features"": ""sqrt"", ""min_samples_leaf"": 1}"
gbm_selective_class,scaffold,Random Forest (pathway one-hot),0,2,0.5442118432026689,"{""max_features"": ""sqrt"", ""min_samples_leaf"": 3}"
gbm_selective_class,scaffold,Random Forest (pathway one-hot),0,3,0.5740909090909091,"{""max_features"": 0.5, ""min_samples_leaf"": 1}"
gbm_selective_class,scaffold,Random Forest (pathway one-hot),0,4,0.6428134556574924,"{""max_features"": ""sqrt"", ""min_samples_leaf"": 3}"
gbm_selective_class,scaffold,Random Forest (descriptors + pathway),0,0,0.5311643447729074,"{""max_features"": ""sqrt"", ""min_samples_leaf"": 1}"
gbm_selective_class,scaffold,Random Forest (descriptors + pathway),0,1,0.6505393383375034,"{""max_features"": 0.5, ""min_samples_leaf"": 1}"
gbm_selective_class,scaffold,Random Forest (descriptors + pathway),0,2,0.6720211287183764,"{""max_features"": ""sqrt"", ""min_samples_leaf"": 3}"
gbm_selective_class,scaffold,Random Forest (descriptors + pathway),0,3,0.6780303030303031,"{""max_features"": 0.5, ""min_samples_leaf"": 1}"
gbm_selective_class,scaffold,Random Forest (descriptors + pathway),0,4,0.6011722731906217,"{""max_features"": ""sqrt"", ""min_samples_leaf"": 1}"
