drug_name,putative_target,pathway_name,n_cell_lines,z_mean,z_q,ln_ic50_mean,ic50_um_geomean,gbm_selective,potent,scaffold,inchikey_parent,oof_pred_gbm_selectivity,oof_pred_gbm_potency,oof_pred_gbm_selective_class,novelty_score
TGX221,PI3Kbeta,PI3K/MTOR signaling,14,-1.35315,0.0117779,2.34733,10.4576,True,False,O=c1cc(N2CCOCC2)nc2c(CNc3ccccc3)cccn12,CPRAGQJXBLMUEL-UHFFFAOYSA-N,0.13513008661971723,4.249255045976194,0.43329605637674734,-0.06521854838506025
WH-4-023,"SRC, LCK","Other, kinases",12,-0.724714,0.101791,0.637742,1.8922,False,False,O=C(Oc1ccccc1)N(c1ccccc1)c1ccnc(Nc2ccc(N3CCNCC3)cc2)n1,NBTNHSGBRGTFJS-UHFFFAOYSA-N,0.09659686089500166,2.8102709156279375,0.16378651753644252,0.07280868784461669
GSK269962A,"ROCK1, ROCK2",Cytoskeleton,34,-0.628658,0.0060278,1.24092,3.4588,True,False,O=C(Nc1cccc(Oc2cc3[nH]c(-c4cnon4)nc3cn2)c1)c1ccc(OCCN2CCOCC2)cc1,YOVNFNXUCOWYSG-UHFFFAOYSA-N,0.27835425636851624,3.203506096428574,0.15199742053813417,0.0400074745057008
Staurosporine,Broad spectrum kinase inhibitor,RTK signaling,34,-0.582144,0.020267,-3.59917,0.0273464,True,True,O=C1NCc2c1c1c3ccccc3n3c1c1c2c2ccccc2n1C1CCC[C@H]3O1,HKSZLNNOFSGOKW-FYTWVXJKSA-N,0.20791723898146733,1.573499100513652,0.4515453909068931,0.03083026038537251
Pazopanib,"CSF1R, KIT,  PDGFRA, PDGFRB",RTK signaling,30,-0.575344,0.00907686,2.39148,10.9297,True,False,c1ccc(Nc2nccc(Nc3ccc4c[nH]nc4c3)n2)cc1,CUIHSIWYWATEQL-UHFFFAOYSA-N,-0.011038878750626605,3.4790795014057156,0.06060156590496094,0.06207370419710989
Midostaurin,"PKC, PPK, FLT1, c-FGR, others",Other,33,-0.541763,0.0114855,-0.732785,0.480569,True,True,O=C(N[C@H]1CC2O[C@H](C1)n1c3ccccc3c3c4c(c5c6ccccc6n2c5c31)CNC4=O)c1ccccc1,BMGQWWVMWDBQGC-IIFHNQTCSA-N,0.13726073882158454,2.151074340428571,0.5031064501655429,-0.1040943723139654
XMD8-85,"ERK5, BET",Other,14,-0.540649,0.109057,2.01619,7.50965,False,False,O=C1Nc2cnc(Nc3ccc(N4CCNCC4)cc3)nc2Nc2ccccc21,DDTPGANIPBKTNU-UHFFFAOYSA-N,0.12995821861423978,2.9191853632730136,0.05445967701713264,0.023579331335788822
"CAP-232, TT-232, TLN-232",Glycolysis,Metabolism,33,-0.489786,0.0127134,3.44732,31.4162,True,False,O=C1CNC(=O)[C@@H](Cc2c[nH]c3ccccc23)NC(=O)[C@H](Cc2ccccc2)NC(=O)[C@@H](NC(=O)CCc2ccccc2)CSSCCN1,SNAJPQVDGYDQSW-DYCFWDQMSA-N,0.0694104550631191,0.8036502037998555,0.17634146713621274,-0.13500330624117995
Tanespimycin,HSP90,Protein stability and degradation,34,-0.483966,0.00250776,-1.18098,0.306978,True,True,O=C1C=C2CCCCCCC=CCC/C=C\C=CC(=O)NC(=C1)C2=O,AYUNIORJHRXIBJ-TXHRRWQRSA-N,-0.028489983267902762,-0.8696729068642856,0.13933126438789026,-0.2493498110784736
AZD6482,PI3Kbeta,PI3K/MTOR signaling,34,-0.479189,0.000612711,1.80405,6.07422,True,False,O=c1cc(N2CCOCC2)nc2c(CNc3ccccc3)cccn12,IRTDIKMSKMREGO-OAHLLOKOSA-N,0.16889813573630907,3.4868339992428576,0.49776213769350924,0.05391402905795267
BX795,"TBK1, PDK1 (PDPK1), IKK, AURKB, AURKC","Other, kinases",34,-0.47638,0.00173906,1.45426,4.28131,True,False,O=C(NCCCNc1ccnc(Nc2cccc(NC(=O)N3CCCC3)c2)n1)c1cccs1,VAVXGGRQQJZYBL-UHFFFAOYSA-N,0.1906292008600896,2.023032891464763,0.09835353276549874,0.0581915034569227
torin2,"MTOR, ATM, ATR, DNAPK",PI3K/MTOR signaling,8,-0.475867,0.0273726,-3.11307,0.0444643,True,True,O=c1ccc2cnc3ccc(-c4cccnc4)cc3c2n1-c1ccccc1,GUXXEUUYCAYESJ-UHFFFAOYSA-N,0.09454600072004608,1.2647880017569835,0.05161183483660383,-0.06356641742702729
Bleomycin (10 uM),dsDNA break induction,DNA replication,33,-0.450257,0.0152633,1.117,3.05566,True,False,O=C(CCCNC(=O)[C@@H](NC(=O)c1ccncn1)[C@@H](OC1OCCCC1OC1CCCCO1)c1cnc[nH]1)NCC(=O)NCCc1nc(-c2nccs2)cs1,OYVAGSVQBOHSSS-WXFSZRTFSA-O,0.19209096618462826,-0.17463777351269838,0.2896202534140568,-0.3618843142487717
CRT0105446,"mTOR, LCK",PI3K/MTOR signaling,33,-0.447731,0.0124718,3.57614,35.7355,True,False,c1ccc(-c2cnccc2-c2cncs2)cc1,UIQNMIISGRIHIY-UHFFFAOYSA-N,0.16009857207263561,2.4745429521603173,0.13123449595360562,-0.011791714069447345
Bleomycin (50 uM),dsDNA break induction,DNA replication,33,-0.434734,0.00443811,1.83501,6.2652,True,False,O=C(CCCNC(=O)[C@@H](NC(=O)c1ccncn1)[C@@H](OC1OCCCC1OC1CCCCO1)c1cnc[nH]1)NCC(=O)NCCc1nc(-c2nccs2)cs1,OYVAGSVQBOHSSS-WXFSZRTFSA-O,0.19209096618462826,-0.17463777351269838,0.2896202534140568,-0.3618843142487717
HG6-64-1,BRAF,ERK MAPK signaling,33,-0.400174,0.0212432,0.329716,1.39057,True,False,O=C(Nc1ccc(CN2CCNCC2)cc1)c1cccc(/C=C/c2cnc3[nH]ccc3c2)c1,UMBFDGUGXMOMHX-BQYQJAHWSA-N,0.05176448083315162,3.288409960979998,0.0893649347171307,0.07453097710446183
LDN-193189,BMP,Other,33,-0.380986,0.0129467,0.611786,1.84372,True,False,c1ccc2c(-c3cnn4cc(-c5ccc(N6CCNCC6)cc5)cnc34)ccnc2c1,CDOVNWNANFFLFJ-UHFFFAOYSA-N,0.18234575441072218,3.9504805608114295,0.03955348203571265,0.0479623262617051
A-770041,"LCK, FYN","Other, kinases",12,-0.362332,0.323023,1.46189,4.31411,False,False,O=C(Nc1ccc(-c2nn(C3CCC(N4CCNCC4)CC3)c3ncncc23)cc1)c1cc2ccccc2[nH]1,ZMNWFTYYYCSSTF-UHFFFAOYSA-N,0.230938479836327,2.138872321285715,0.061078398998895354,0.051880176365477926
Temsirolimus,MTOR,PI3K/MTOR signaling,34,-0.356136,0.0229535,-1.10861,0.330018,True,True,O=C1CCC=CCC(=O)C[C@@H](CCC2CCCCC2)OC(=O)[C@@H]2CCCCN2C(=O)C(=O)C2CCC[C@@H](CC/C=C/C=C/C=C/CCC1)O2,CBPNZQVSJQDFBE-FUXHJELOSA-N,0.09566889125854781,-1.4006475230133328,0.20497580121222492,-0.3568556537765105
Luminespib,HSP90,Protein stability and degradation,34,-0.345329,0.00350752,-3.10277,0.0449246,True,True,c1ccc(-c2oncc2-c2ccc(CN3CCOCC3)cc2)cc1,NDAZATDQFDPQBD-UHFFFAOYSA-N,0.06980606300708234,1.2096885327414288,0.11835290212797228,0.09271389898670274
CCT245232,HSF1,Unclassified,33,-0.343076,0.0248376,-2.90738,0.0546187,True,True,O=C(Nc1cccc(NC(=O)c2ccc3ncccc3c2)c1)c1ccc2c(c1)OCCO2,RZQWMJAOUJLEAM-UHFFFAOYSA-N,0.08537560388568113,2.9340327039812695,0.07528718752050714,0.0654347425389935
Cabozantinib,"VEGFR, MET, RET, KIT, FLT1, FLT3, FLT4, TIE2,AXL",RTK signaling,33,-0.339801,0.111355,2.22637,9.26617,False,False,O=C(Nc1ccccc1)C1(C(=O)Nc2ccc(Oc3ccnc4ccccc34)cc2)CC1,ONIQOQHATWINJY-UHFFFAOYSA-N,0.12973611064944982,3.078888594174283,0.029913491977675385,0.0737195269679991
Dasatinib,"ABL, SRC, Ephrins, PDGFR, KIT","Other, kinases",34,-0.336346,0.0558565,0.323724,1.38227,False,False,O=C(Nc1ccccc1)c1cnc(Nc2cc(N3CCNCC3)ncn2)s1,ZBNZXTGUTAYRHI-UHFFFAOYSA-N,0.26925002810544957,2.395988189971745,0.1309610953182236,0.11281572967812975
Bryostatin 1,PKC,Other,32,-0.331311,0.266545,-3.18106,0.0415416,False,True,C=C1CC2C/C=C/[C@H]3CC(=C)C[C@@H](CC4CCC[C@@H](CCCC(=O)OCC[C@H](C1)O2)O4)O3,MJQUEDHRCUIRLF-TVIXENOKSA-N,0.01973445129404136,-1.553798971342857,0.15698226372702162,0.02923237748550217
JNJ38877605,MET,RTK signaling,33,-0.326698,0.126743,3.90189,49.4958,False,False,c1cnc2ccc(Cc3nnc4ccc(-c5cn[nH]c5)nn34)cc2c1,JRWCBEOAFGHNNU-UHFFFAOYSA-N,0.030267297932401058,2.70722285801397,0.054881482614017915,-0.011886876205754127
Bortezomib,Proteasome,Protein stability and degradation,33,-0.315925,0.0269231,-5.316,0.00491237,True,True,O=C(NCCc1ccccc1)c1cnccn1,GXJABQQUPOEUTA-RDJZCZTQSA-N,0.36235330510144903,-0.32489606792888903,0.07926859067431095,-0.032178520916921194
XMD8-92,ERK5,ERK MAPK signaling,17,-0.293398,0.0677538,2.83145,16.97,False,False,O=C1Nc2cnc(Nc3ccc(N4CCCCC4)cc3)nc2Nc2ccccc21,QAPAJIZPZGWAND-UHFFFAOYSA-N,0.07227415063796169,2.787626020885873,0.0675620482017806,0.07219197171811287
AZD6094,MET,RTK signaling,33,-0.280806,0.258323,2.78653,16.2247,False,False,c1cn2cc(Cn3nnc4ncc(-c5cn[nH]c5)nc43)ccc2n1,XYDNMOZJKOGZLS-NSHDSACASA-N,0.2601783333187551,2.2875949657600003,0.06222392933525222,0.0003801159807469423
Dactolisib,"PI3K (class 1), MTORC1, MTORC2",PI3K/MTOR signaling,34,-0.278812,0.0535778,-2.30567,0.0996919,False,True,O=c1[nH]c2cnc3ccc(-c4cnc5ccccc5c4)cc3c2n1-c1ccccc1,JOGKUKXHTYWRGZ-UHFFFAOYSA-N,-0.046002954655652024,2.1162030546931656,0.14453799978065496,-0.017254470976483305
CRT0105950,"JNK1, JNK2, JNK3",JNK and p38 signaling,33,-0.273634,0.122671,2.19264,8.95885,False,False,c1ccc(Nc2ncc(-c3ccncc3-c3ccccc3)s2)cc1,QYDBOFPHPMYWDO-UHFFFAOYSA-N,-0.0312813409805943,3.8187904960480545,0.2068121574427999,-0.057584250360262546
Elesclomol,HSP90,Protein stability and degradation,34,-0.269727,0.098005,-3.29292,0.0371452,False,True,O=C(CC(=O)NNC(=S)c1ccccc1)NNC(=S)c1ccccc1,BKJIXTWSNXCKJH-UHFFFAOYSA-N,0.30544056074585213,1.1909829905590477,0.055224776324003695,-0.03543479206254441
TW 37,"BCL2, BCL-XL, MCL1",Apoptosis regulation,33,-0.264151,0.122671,-0.577483,0.56131,False,True,O=C(Nc1ccc(S(=O)(=O)c2ccccc2)cc1)c1cccc(Cc2ccccc2)c1,PQAPVTKIEGUPRN-UHFFFAOYSA-N,0.1759775560789999,1.995273340449047,0.14107839282966705,0.04415044335917084
CHIR-99021,"GSK3A, GSK3B",WNT signaling,34,-0.257427,0.102636,3.19728,24.466,False,False,c1ccc(-c2nc(NCCNc3ccccn3)ncc2-c2ncc[nH]2)cc1,AQGNHMOJWBZFQQ-UHFFFAOYSA-N,0.029780850944809378,2.7603734394130184,0.060927524363497146,0.04967390687865014
Ponatinib,"ABL, PDGFRA, VEGFR2, FGFR1, SRC, TIE2, FLT3","Other, kinases",33,-0.25494,0.109173,-0.0100092,0.990041,False,True,O=C(Nc1ccc(CN2CCNCC2)cc1)c1cccc(C#Cc2cnc3cccnn23)c1,PHXJVRSECIGDHY-UHFFFAOYSA-N,0.09384345739372094,3.518577036858731,0.2559729879216764,0.08391552130207564
MG-132,"Proteasome, CAPN1",Protein stability and degradation,34,-0.254436,0.0684588,-1.32443,0.265954,False,True,c1ccccc1,TZYWCYJVHRLUCT-VABKMULXSA-N,0.2274711190040511,-0.55000312167127,0.16887887765527929,-0.2503834643664096
AT7867,AKT,PI3K/MTOR signaling,33,-0.251521,0.0751226,2.76458,15.8723,False,False,c1ccc(C2(c3ccc(-c4cn[nH]c4)cc3)CCNCC2)cc1,LZMOSYUFVYJEPY-UHFFFAOYSA-N,0.17639047027466107,3.3741564256746037,0.013034344124086382,-0.08872195936943833
Piperlongumine,Induces reactive oxygen species,Other,34,-0.24876,0.0830278,1.52375,4.5894,False,False,O=C1C=CCCN1C(=O)/C=C/c1ccccc1,VABYUUZNAVQNPG-BQYQJAHWSA-N,0.27579864049363645,3.5222710702695563,0.04585852936584402,-0.12565111219362526
Tivozanib,"VEGFR1, VEGFR2, VEGFR3, PDGFR, KIT",RTK signaling,33,-0.236652,0.273821,0.0997956,1.10495,False,False,O=C(Nc1ccc(Oc2ccnc3ccccc23)cc1)Nc1ccon1,SPMVMDHWKHCIDT-UHFFFAOYSA-N,0.15288126769432248,3.211476783221862,0.06165936818092628,0.0466826474679547
Cyclopamine,SMO,Other,14,-0.224311,0.593017,4.38102,79.9192,False,False,C1=C2CCCCC2[C@H]2CC3=C[C@@]4(CC[C@H]3[C@@H]2C1)C[C@@H]1NCCC[C@H]1O4,QASFUMOKHFSJGL-LAFRSMQTSA-N,0.15115367037360206,2.855000000362069,0.1300789183998902,-0.21693411052086928
Embelin,XIAP,Apoptosis regulation,32,-0.220983,0.298979,2.67294,14.4825,False,False,O=C1C=CC(=O)C=C1,IRSFLDGTOHBADP-UHFFFAOYSA-N,0.18935737009902803,2.637858534576983,0.021100674740550177,-0.16547248255597236
Bexarotene,Retinioic X receptor (RXR) agonist,Other,30,-0.216053,0.274762,3.22142,25.0636,False,False,C=C(c1ccccc1)c1ccc2c(c1)CCCC2,NAVMQTYZDKMPEU-UHFFFAOYSA-N,0.09612929709443463,4.060735116469844,0.027524671043197564,-0.06472832843369664
Saracatinib,"ABL, SRC","Other, kinases",12,-0.214311,0.614619,1.94991,7.02805,False,False,c1cc(Nc2ncnc3cc(OCCN4CCNCC4)cc(OC4CCOCC4)c23)c2c(c1)OCO2,OUKYUETWWIPKQR-UHFFFAOYSA-N,0.41086102748033754,2.5401605976712696,0.08251010843606855,-0.09933845559952592
Docetaxel,Microtubule stabiliser,Mitosis,34,-0.210574,0.178392,-4.37344,0.0126078,False,True,O=C(CCc1ccccc1)O[C@@H]1C=C2CC(=O)C3CC[C@H]4OCC4[C@H]3[C@H](OC(=O)c3ccccc3)C(C2)C1,ZDZOTLJHXYCWBA-VCVYQWHSSA-N,0.049035055163989004,-2.2231242690809503,0.10384346460353663,-0.2972256927980628
Capivasertib,AKT,PI3K/MTOR signaling,33,-0.210464,0.102636,2.5871,13.2912,False,False,O=C(NCc1ccccc1)C1CCN(c2ncnc3[nH]ccc23)CC1,JDUBGYFRJFOXQC-KRWDZBQOSA-N,0.16700725763751656,2.7641640320014287,0.0717085578686651,0.08025087195827868
AT13148,AKT1,PI3K/MTOR signaling,34,-0.207644,0.296902,3.19946,24.5194,False,False,c1ccc(Cc2ccc(-c3cn[nH]c3)cc2)cc1,IIRWNGPLJQXWFJ-KRWDZBQOSA-N,0.27427520363996905,3.019099392481967,0.03953693311710952,-0.08286952085285915
Foretinib,"MET, KDR, TIE2, VEGFR3/FLT4, RON, PDGFR, FGFR1, EGFR",RTK signaling,34,-0.201219,0.100025,0.288669,1.33465,False,False,O=C(Nc1ccccc1)C1(C(=O)Nc2ccc(Oc3ccnc4cc(OCCCN5CCOCC5)ccc34)cc2)CC1,CXQHYVUVSFXTMY-UHFFFAOYSA-N,0.06917218721371862,2.709265741718096,0.08870579568295958,0.034931287176205805
Omipalisib,"PI3K (class 1), MTORC1, MTORC2",PI3K/MTOR signaling,33,-0.197415,0.288734,-3.25653,0.0385219,False,True,O=S(=O)(Nc1cncc(-c2ccc3nccc(-c4ccnnc4)c3c2)c1)c1ccccc1,CGBJSGAELGCMKE-UHFFFAOYSA-N,0.12448910433534004,2.305173676925828,0.1149802552371343,0.00781398226842639
CCT-018159,HSP90,Protein stability and degradation,34,-0.192335,0.322972,2.96383,19.372,False,False,c1ccc(-c2n[nH]cc2-c2ccc3c(c2)OCCO3)cc1,OWPMENVYXDJDOW-UHFFFAOYSA-N,0.11579906026270312,0.13849712300539688,0.08364161895688237,0.030610162447298417
AZD8186,"PI3Kalpha, PI3Kbeta",PI3K/MTOR signaling,34,-0.183868,0.269497,2.22574,9.26029,False,False,O=c1cc(N2CCOCC2)oc2c(CNc3ccccc3)cccc12,LMJFJIDLEAWOQJ-CQSZACIVSA-N,-0.17902007204585693,3.093669602985713,0.19918854602860261,0.0615899055444763
QL-XI-92,DDR1,Cytoskeleton,33,-0.175215,0.294223,3.50906,33.4167,False,False,O=C(Nc1ccccc1)c1cccc(NC(=O)c2ccno2)c1,UASQUKUDXJFTCO-UHFFFAOYSA-N,0.16728040399078478,2.8386486104238084,0.03967598062302828,-0.058813576221854735
Zibotentan,Endothelin-1 receptor (EDNRA),Other,33,-0.174722,0.457602,5.37555,216.059,False,False,O=S(=O)(Nc1cnccn1)c1cccnc1-c1ccc(-c2nnco2)cc1,FJHHZXWJVIEFGJ-UHFFFAOYSA-N,0.11037796265226077,2.8490515160306367,0.05427523088555895,-0.04197020045557209
AZ960,"JAK2, JAK3","Other, kinases",33,-0.171244,0.208712,1.60214,4.96364,False,False,c1ccc(CNc2cccc(Nc3cc[nH]n3)n2)cc1,SUNXHXDJOIXABJ-NSHDSACASA-N,-0.0025929984840704612,2.9263315748566368,0.05340265405375629,-0.006687073080339223
BAM7,Bax activator,Other,33,-0.168484,0.155525,4.62369,101.869,False,False,O=c1c(N=Nc2ccccc2)c[nH]n1-c1nc(-c2ccccc2)cs1,WRLVHADVOGFZOZ-UHFFFAOYSA-N,0.21146088586597228,3.321306479704355,0.06841600377570843,0.03018825487749832
SNX-2112,HSP90,Protein stability and degradation,32,-0.167486,0.304489,-0.960261,0.382793,False,True,O=C1CCCc2c1cnn2-c1cccc(NC2CCCCC2)c1,ZFVRYNYOPQZKDG-UHFFFAOYSA-N,0.23965582708816824,0.6892193494950796,0.04923454157850101,-0.11052926894659981
WZ-1-84,BMX,"Other, kinases",12,-0.165483,0.744801,3.63568,37.9276,False,False,c1ccc(Nc2nc(NC3CCCNC3)c3[nH]cnc3n2)cc1,OTPQDXLFXQGSHS-UHFFFAOYSA-N,0.3317063672925703,2.3853951537844154,0.11719912453135695,0.08194911267297234
Shikonin,not defined,Other,33,-0.16194,0.248412,-0.112517,0.893582,False,True,O=C1C=CC(=O)c2ccccc21,NEZONWMXZKDMKF-SNVBAGLBSA-N,0.0695732368722822,2.882113125837903,0.07720000830786414,-0.13232147906523953
Linifanib,"VEGFR1, VEGFR2, VEGFR3, CSF1R, FLT3, KIT",RTK signaling,33,-0.161621,0.441832,2.11995,8.3307,False,False,O=C(Nc1ccccc1)Nc1ccc(-c2cccc3[nH]ncc23)cc1,MPVGZUGXCQEXTM-UHFFFAOYSA-N,0.2819224321630494,2.73552339550482,0.0428829937799524,-0.07755351148180761
Y-39983,ROCK,Cytoskeleton,33,-0.160095,0.416524,4.08615,59.5104,False,False,O=C(Nc1ccnc2[nH]ccc12)c1ccccc1,JTVBXQAYBIJXRP-SNVBAGLBSA-N,0.21942558129914627,3.4545039393963766,0.08619508237180264,-0.055431587522682346
AZD1332,"NTRK1, NTRK2, NTRK3",RTK signaling,33,-0.156973,0.339474,2.45389,11.6335,False,False,c1ccc(CNc2nccc(Nc3ccn[nH]3)n2)nc1,LBVKEEFIPBQIMD-UHFFFAOYSA-N,0.15991572546265953,2.8803908290452402,0.04804029570362982,0.04365248610425915
Cisplatin,DNA crosslinker,DNA replication,33,-0.151234,0.322972,2.45186,11.6099,False,False,,LXZZYRPGZAFOLE-UHFFFAOYSA-L,0.27000108468410167,4.564302846728629,0.0027640109973110973,-0.29570079346299327
AZD4547,"FGFR1, FGFR2, FGFR3",RTK signaling,34,-0.145625,0.420535,2.32586,10.2355,False,False,O=C(Nc1cc(CCc2ccccc2)[nH]n1)c1ccc(N2CCNCC2)cc1,VRQMAABPASPXMW-HDICACEKSA-N,0.27852246611652104,2.2354866535057107,0.07492852272741897,0.057334832092640564
Cediranib,"VEGFR, FLT1, FLT2, FLT3, FLT4, KIT, PDGFRB",RTK signaling,33,-0.14382,0.54702,2.10075,8.17226,False,False,c1nc(Oc2ccc3[nH]ccc3c2)c2ccc(OCCCN3CCCC3)cc2n1,XXJWYDDUDKYVKI-UHFFFAOYSA-N,0.2049713995043971,2.9679940767761877,0.024867964721236833,0.0454597823063444
GSK429286A,"ROCK1, ROCK2",Cytoskeleton,33,-0.124113,0.562522,4.53021,92.7782,False,False,O=C1CC(c2ccccc2)C(C(=O)Nc2ccc3[nH]ncc3c2)=CN1,OLIIUAHHAZEXEX-UHFFFAOYSA-N,0.17358998565468128,3.3048711767758405,0.04909799953467797,0.0019498974623931575
GSK650394,"SGK2, SGK3","Other, kinases",32,-0.122589,0.599571,3.10752,22.3656,False,False,c1ccc(-c2cnc3[nH]cc(-c4cccc(C5CCCC5)c4)c3c2)cc1,WVSBGSNVCDAMCF-UHFFFAOYSA-N,0.2216030388051458,3.7321293346415874,0.06691910025731611,0.03510764062781824
ZG-10,JNK1,JNK and p38 signaling,18,-0.12246,0.584986,1.35015,3.85799,False,False,O=C(Nc1cccc(Nc2nccc(-c3cccnc3)n2)c1)c1ccccc1,VZEONOGFXYTZGT-WEVVVXLNSA-N,0.337475115023118,2.979232074262338,0.15391367771312403,0.024041186744954646
(5Z)-7-Oxozeaenol,TAK1,"Other, kinases",33,-0.120077,0.281966,0.657809,1.93056,False,False,O=C1/C=C\CCOC(=O)c2ccccc2/C=C/CCC1,NEQZWEXWOFPKOT-BYRRXHGESA-N,0.10527444362740603,1.7105456757097464,0.055434326722835915,-0.07428242422261838
PF-562271,"FAK, FAK2",Cytoskeleton,33,-0.115888,0.600139,1.76512,5.84228,False,False,O=C1Cc2cc(Nc3nccc(NCc4cccnc4)n3)ccc2N1,MZDKLVOWGIOKTN-UHFFFAOYSA-N,0.1497164910974252,2.95595117524042,0.212994999335346,0.08026245533729776
GNE-317,PI3Kalpha,PI3K/MTOR signaling,33,-0.114794,0.580391,0.535385,1.70811,False,False,c1ncc(-c2nc(N3CCOCC3)c3sc(C4COC4)cc3n2)cn1,XOZLHJMDLKDZAL-UHFFFAOYSA-N,0.15676259373086326,1.7026691329333352,0.10775764931680495,0.01753923747540287
DMOG,HIF-PH,Metabolism,33,-0.10549,0.516891,6.16991,478.143,False,False,,BNJOZDZCRHCODO-UHFFFAOYSA-N,0.21903786007499998,7.462292106093012,0.027500391432637196,-0.3085738615982834
Talazoparib,"PARP1, PARP2",Genome integrity,34,-0.103759,0.508114,2.25046,9.49212,False,False,O=c1[nH]nc2c3c(cccc13)N[C@H](c1ccccc1)[C@H]2c1ncn[nH]1,HWGQMRYQVZSGDQ-HZPDHXFCSA-N,0.04718111310709232,2.155095567106351,0.07235838123357591,0.01109636621462462
Vinblastine,Microtubule destabiliser,Mitosis,33,-0.100177,0.488474,-3.94903,0.0192734,False,True,C1=CC2CC[C@@H]3Nc4ccc(C5C[C@@H]6CCCN(CCc7c5[nH]c5ccccc75)C6)cc4[C@@]34CCN(C1)[C@@H]24,JXLYSJRDGCGARV-CFWMRBGOSA-N,0.17539065432882942,-1.484921475278298,0.07637659801004912,-0.08512284734624265
Gemcitabine,Pyrimidine antimetabolite,DNA replication,34,-0.0926048,0.541409,-2.25778,0.104582,False,True,O=c1ncccn1[C@H]1CCCO1,SDUQYLNIPVEERB-QPPQHZFASA-N,0.2659729442761145,3.8967292053660896,0.047845229787212576,-0.13919788610915468
Epothilone B,Microtubule stabiliser,Mitosis,32,-0.0921962,0.642524,-5.10634,0.00605821,False,True,O=C1CCCCCCC2O[C@H]2C[C@@H](C=Cc2cscn2)OC(=O)CCC1,QXRSDHAAWVKZLJ-PVYNADRNSA-N,-0.00830351215091196,0.08626414258660896,0.13700839149487623,-0.060689786939745305
Pevonedistat,NAE,Other,34,-0.0880128,0.63981,0.474467,1.60716,False,False,c1ccc2c(c1)CC[C@@H]2Nc1ncnc2c1ccn2C1CCCC1,MPUQHZXIXSTTDU-QXGSTGNESA-N,0.39213803993479357,2.302348793367145,0.07487032908251176,0.06018074365461712
SB216763,"GSK3A, GSK3B",WNT signaling,34,-0.0860341,0.662928,4.71759,111.898,False,False,O=C1NC(=O)C(c2c[nH]c3ccccc23)=C1c1ccccc1,JCSGFHVFHSKIJH-UHFFFAOYSA-N,0.37112390975851867,3.6726712937492065,0.04967090029792634,-0.08495713546527911
GSK-J4,KDM6B,Chromatin histone methylation,33,-0.0782532,0.66382,3.06256,21.3822,False,False,c1ccc(-c2nccc(N3CCc4ccccc4CC3)n2)nc1,WBKCKEHGXNWYMO-UHFFFAOYSA-N,0.10301698691344524,3.401321605584129,0.08510761818743172,0.06536074218147364
AZ20,ATR,Genome integrity,33,-0.0754537,0.660066,0.758687,2.13547,False,False,c1cc(-c2nc(C3CC3)cc(N3CCOCC3)n2)c2cc[nH]c2c1,SCGCBAAYLFTIJU-CQSZACIVSA-N,0.182409614187055,3.1432595190923776,0.05447009287269756,-0.016864126118155576
PI-103,"PI3Kalpha, DAPK3, CLK4, PIM3, HIPK2","Other, kinases",32,-0.0749595,0.705273,0.846992,2.33262,False,False,c1ccc(-c2nc(N3CCOCC3)c3oc4ncccc4c3n2)cc1,TUVCWJQQGGETHL-UHFFFAOYSA-N,0.13498983714187554,2.8473861274769496,0.07525832386455317,0.002081563855392876
Rapamycin,MTORC1,PI3K/MTOR signaling,34,-0.0742046,0.750377,-2.2236,0.108219,False,True,O=C1CCC=CCC(=O)C[C@@H](CCC2CCCCC2)OC(=O)[C@@H]2CCCCN2C(=O)C(=O)C2CCC[C@@H](CC/C=C/C=C/C=C/CCC1)O2,QFJCIRLUMZQUOT-HPLJOQBZSA-N,0.07284993771755857,-1.3074148921128572,0.5403463163016278,0.007667444258177669
Olaparib,"PARP1, PARP2",Genome integrity,34,-0.0695293,0.665481,3.73485,41.8816,False,False,O=C(c1cccc(Cc2n[nH]c(=O)c3ccccc23)c1)N1CCN(C(=O)C2CC2)CC1,FDLYAMZZIXQODN-UHFFFAOYSA-N,0.22886944141750862,2.523190113548414,0.05284501152936291,0.035446587886256875
Telomerase Inhibitor IX,Telomerase,Genome integrity,33,-0.0673306,0.691019,0.573783,1.77497,False,False,O=C(Nc1cccc(NC(=O)c2ccccc2)c1)c1ccccc1,MIQUEZGHEJGPJB-UHFFFAOYSA-N,0.2165524710259923,2.6877353866079945,0.06306948180342536,-0.05829535709626388
LIMK1 inhibitor BMS4,LIMK1,Cytoskeleton,33,-0.0619402,0.744801,4.82276,124.308,False,False,c1ccc(-c2cc(-c3cncs3)nc(-c3cnccn3)n2)cc1,WUCYRTXFXRZKSV-UHFFFAOYSA-N,0.08693472531039637,3.230408820778704,0.11664959687840318,0.022309435459584415
JW-7-24-1,LCK,"Other, kinases",33,-0.052905,0.750377,1.49947,4.47931,False,False,O=c1ccc2cnc3ccc(-c4ccccc4)cc3c2n1-c1ccc(N2CCNCC2)cc1,VVTHOUCIAGHQBD-UHFFFAOYSA-N,-0.27124150357882343,2.6372893350838096,0.37945462968636695,0.08575951101965856
WIKI4,"TNKS1, TNKS2",WNT signaling,33,-0.0518999,0.834565,3.68434,39.819,False,False,O=C1c2cccc3cccc(c23)C(=O)N1CCCSc1nnc(-c2ccncc2)n1-c1ccccc1,RNUXIZKXJOGYQP-UHFFFAOYSA-N,-0.17389273728811144,2.2838978843506372,0.0697488584159583,0.007407767510825447
FH535,"PPARgamma, PPARdelta",Other,31,-0.0508149,0.81764,1.92038,6.82352,False,False,O=S(=O)(Nc1ccccc1)c1ccccc1,AXNUEXXEQGQWPA-UHFFFAOYSA-N,0.23378661208498056,2.896130147310153,0.004792933572873075,-0.10605464319613689
QL-X-138,BTK,"Other, kinases",33,-0.0493453,0.798046,1.45869,4.30033,False,False,O=c1ccc2cnc3ccc(-c4cn[nH]c4)cc3c2n1-c1ccccc1,JMVDIGHUQAXWIE-UHFFFAOYSA-N,-0.019366786593921267,2.4387708081971433,0.2833719477414308,0.0023116229170215274
Romidepsin,"HDAC1, HDAC2, HDAC3, HDAC8",Chromatin histone acetylation,24,-0.0483178,0.877492,-5.28758,0.00505398,False,True,C=C1NC(=O)[C@H]2CSSCC/C=C/[C@H](CC(=O)NCC(=O)N2)OC(=O)CNC1=O,OHRURASPPZQGQM-GCCNXGTGSA-N,0.1616351635167049,0.28569645055715764,0.07566923085703176,-0.05899124623632063
KU-60019,ATM,Genome integrity,33,-0.0444998,0.808884,3.1326,22.9336,False,False,O=C(CN1CCOCC1)Nc1ccc2c(c1)Cc1cccc(-c3cc(=O)cc(N4CCOCC4)o3)c1S2,SCELLOWTHJGVIC-BGYRXZFFSA-N,0.16496091392572068,2.7026335806633495,0.14088300133327236,0.10085218203732566
AZD5363,"AKT1, AKT2, AKT3, ROCK2","Other, kinases",33,-0.044258,0.7884,2.78485,16.1974,False,False,O=C(NCc1ccccc1)C1CCN(c2ncnc3[nH]ccc23)CC1,JDUBGYFRJFOXQC-KRWDZBQOSA-N,0.16700725763751656,2.8128809104752377,0.0717085578686651,0.0595795325851341
YK-4-279,RNA helicase A,Other,34,-0.0417503,0.798046,1.93668,6.9357,False,False,O=C(CC1C(=O)Nc2ccccc21)c1ccccc1,HLXSCTYHLQHQDJ-UHFFFAOYSA-N,0.24675643925237858,3.8514551197041573,0.03276802866447528,-0.07642622775933028
SN-38,TOP1,DNA replication,34,-0.0404693,0.805284,-4.01635,0.0180186,False,True,O=C1Cc2cc3n(c(=O)c2CO1)Cc1cc2ccccc2nc1-3,FJHBVJOVLFPMQE-QFIPXVFZSA-N,0.12079174590982,1.6809034613515887,0.08914318555235844,0.02977672221009614
Axitinib,"PDGFR, KIT, VEGFR",RTK signaling,34,-0.0364523,0.831056,2.42535,11.3062,False,False,C(=C\c1n[nH]c2cc(Sc3ccccc3)ccc12)/c1ccccn1,RITAVMQDGBJQJZ-FMIVXFBMSA-N,0.19210697872283522,3.504232899368567,0.03425686344977641,-0.018913400671364877
AZD4877,EG5,Mitosis,33,-0.0324843,0.899249,-3.54423,0.028891,False,True,O=C(NCc1nc2sncc2c(=O)n1Cc1ccccc1)c1ccccc1,SMFXSYMLJDHGIE-UHFFFAOYSA-N,0.1775708422824846,0.9778832239977776,0.1180452666196513,0.08777678800480354
Motesanib,"VEGFR, RET, KIT, PDGFR",RTK signaling,34,-0.0279697,0.876016,4.03119,56.3282,False,False,O=C(Nc1ccc2c(c1)NCC2)c1cccnc1NCc1ccncc1,RAHBGWKEPAQNFF-UHFFFAOYSA-N,0.1451899772980087,3.680927460704412,0.0945709980820003,0.03442324462112756
Thapsigargin,SERCA,Other,31,-0.0276247,0.899249,-3.95979,0.019067,False,True,O=C1CC2CCC[C@H]3CCC=C3[C@@H]2O1,IXFPJGBNCFXKPI-FSIHEZPISA-N,0.1140157647861164,0.38137698290640665,0.12162382966795136,-0.029414292863396363
Mycophenolic acid,,Unclassified,25,-0.0258465,0.903627,1.75774,5.79931,False,False,O=C1OCc2ccccc21,HPNSFSBZBAHARI-RUDMXATFSA-N,-0.036088182714915075,2.957992838460574,0.05554579589227284,-0.09430794750875626
Doxorubicin,Anthracycline,DNA replication,33,-0.0247333,0.899249,-1.71959,0.17914,False,True,O=C1c2ccccc2C(=O)c2cc3c(cc21)CCC[C@@H]3O[C@H]1CCCCO1,AOJJSUZBOXZQNB-TZSSRYMLSA-N,0.06641646880075382,1.2364606358373018,0.11408700251655166,0.016870561241438153
AZD1480,"JAK1, JAK2","Other, kinases",33,-0.0245093,0.899417,1.51376,4.54376,False,False,c1cnc(CNc2nccc(Nc3cc[nH]n3)n2)nc1,PDOQBOJDRPLBQU-QMMMGPOBSA-N,0.07134891710410597,2.876491791623081,0.03823704782989836,-0.00039161125413095244
Schweinfurthin A,,Unclassified,24,-0.0223581,0.899249,1.03933,2.82733,False,False,C(=C\c1ccc2c(c1)C[C@@H]1CCCCC1O2)/c1ccccc1,HSDZWMOBUPRZEU-LXYWBZBZSA-N,0.10271062112107404,1.0169774609898414,0.08527505757989381,0.034660870553073486
CAY10603,"HDAC1, HDAC6",Chromatin histone acetylation,33,-0.0205798,0.877492,0.852352,2.34516,False,False,c1ccc(-c2ccno2)cc1,WWGBHDIHIVGYLZ-UHFFFAOYSA-N,0.28157950259778347,1.7199980991477466,0.06161102541222205,0.008806024220747888
BPTES,GLS,Other,33,-0.01821,0.952076,3.61135,37.0161,False,False,O=C(Cc1ccccc1)Nc1nnc(CCSCCc2nnc(NC(=O)Cc3ccccc3)s2)s1,MDJIPXYRSZHCFS-UHFFFAOYSA-N,0.3438019562990933,2.6853040402356987,0.02906936380010522,0.06568851759163347
TWS119,GSK3,WNT signaling,33,-0.0181454,0.911519,2.52394,12.4776,False,False,c1ccc(Oc2ncnc3[nH]c(-c4ccccc4)cc23)cc1,VPVLEBIVXZSOMQ-UHFFFAOYSA-N,0.10965548656154729,3.1797268093678093,0.08185940770914062,-0.048041565986459644
Selisistat,SIRT1,Chromatin histone acetylation,33,-0.0164875,0.960509,5.37888,216.78,False,False,c1ccc2c3c([nH]c2c1)CCCC3,FUZYTVDVLBBXDL-UHFFFAOYSA-N,0.23581373956501034,3.766544907788,0.050268211646637945,-0.14349293471865343
Entospletinib,SYK,"Other, kinases",33,-0.0132215,0.959077,3.65595,38.7043,False,False,c1cn2cc(-c3ccc4cn[nH]c4c3)nc(Nc3ccc(N4CCOCC4)cc3)c2n1,XSMSNFMDVXXHGJ-UHFFFAOYSA-N,-0.1300657009827906,2.8039062985391348,0.12909776138647663,0.058657980423662825
Sepantronium bromide,BIRC5,Apoptosis regulation,34,-0.0120466,0.959527,-3.95091,0.0192373,False,True,O=C1c2ccccc2C(=O)c2c1[nH]c[n+]2Cc1cnccn1,OTSOOHRUMBRSHZ-UHFFFAOYSA-N,0.10310820015905713,2.1523815746419053,0.12467570175463417,0.054901748096707725
Phenformin,Biguanide agent,Other,33,-0.00641715,0.980835,7.58197,1962.48,False,False,c1ccccc1,ICFJFFQQTFMIBG-UHFFFAOYSA-N,0.27390279095668824,4.46479485919488,0.06596943475582673,-0.1407259353923076
XAV939,"TNKS1, TNKS2",WNT signaling,34,-0.000301824,0.999245,3.77937,43.7884,False,False,O=c1[nH]c(-c2ccccc2)nc2c1CSCC2,KLGQSVMIPOVQAX-UHFFFAOYSA-N,0.23712883962321615,4.107207983984127,0.023525979440663786,-0.1103207612109548
Rucaparib,"PARP1, PARP2",Genome integrity,34,-8.47059e-05,0.999245,3.71788,41.177,False,False,O=C1NCCc2c(-c3ccccc3)[nH]c3cccc1c23,HMABYWSNWIZPAG-UHFFFAOYSA-N,0.2537210104559941,4.141079361859141,0.04606575410293867,-0.02702703339168938
RO-3306,CDK1,Cell cycle,34,0.00117443,0.999245,3.4881,32.7238,False,False,O=C1NC(=NCc2cccs2)SC1=Cc1ccc2ncccc2c1,XOLMRFUGOINFDQ-UHFFFAOYSA-N,0.22069391480918757,3.172956273173299,0.07789800294122647,-0.056374338649323896
LCL161,"XIAP, IAP1, IAP2",Apoptosis regulation,34,0.00146235,0.999026,4.17145,64.8095,False,False,O=C(c1ccccc1)c1csc([C@@H]2CCCN2C(=O)CC2CCCCC2)n1,UFPFGVNKHCLJJO-SSKFGXFMSA-N,0.3854710940482269,2.886142803270632,0.09548988970814477,0.0563986459641907
LY2109761,TGFB1,Other,33,0.00338233,0.993046,4.98005,145.482,False,False,c1ccc(-c2nn3c(c2-c2ccnc4cc(OCCN5CCOCC5)ccc24)CCC3)nc1,IHLVSLOZUHKNMQ-UHFFFAOYSA-N,0.032995934204613685,2.974767580655241,0.11035671533154996,0.06113887907685922
Epirubicin,Anthracycline,DNA replication,33,0.00510497,0.982777,-0.908687,0.403053,False,True,O=C1c2ccccc2C(=O)c2cc3c(cc21)CCC[C@@H]3O[C@H]1CCCCO1,AOJJSUZBOXZQNB-VTZDEGQISA-N,0.06641646880075382,1.2364606358373018,0.11408700251655166,0.03634186408306789
AS601245,"JNK1, JNK2, JNK2",JNK and p38 signaling,32,0.00809875,0.981242,2.23038,9.30336,False,False,c1cncc(CCNc2nccc(Cc3nc4ccccc4s3)n2)c1,RCYPVQCPYKNSTG-UHFFFAOYSA-N,0.2953257164458396,3.708841254919045,0.10741449882074013,0.03671214754695712
Seliciclib,"CDK2, CDK7, CDK9",Cell cycle,14,0.0104136,0.982777,3.97251,53.1177,False,False,c1ccc(CNc2ncnc3[nH]cnc23)cc1,BTIHMVBBUGXLCJ-OAHLLOKOSA-N,0.1614553522103422,1.4618141923206984,0.07910081619481715,0.03251418619414398
FTI-277,Farnesyl-transferase (FNTA),Other,33,0.0161118,0.952076,2.04801,7.75242,False,False,c1ccc(-c2ccccc2)cc1,GKFPROVOIQKYTO-UZLBHIALSA-N,0.12048221351193102,1.3664112895047613,0.10567472012592055,-0.019450899910017583
CCT007093,PPM1D,Cell cycle,34,0.0161966,0.91754,4.60468,99.9514,False,False,O=C1/C(=C/c2cccs2)CC/C1=C\c1cccs1,KPFZCKDPBMGECB-WGDLNXRISA-N,0.19027045060978456,3.8868578193888057,0.03580470681206366,-0.1320953298238421
Daporinad,NAMPT,Metabolism,33,0.0186722,0.950951,-2.78437,0.061768,False,True,O=C(/C=C/c1cccnc1)NCCCCC1CCN(C(=O)c2ccccc2)CC1,KPBNHDGDUADAGP-VAWYXSNFSA-N,0.22942008342396145,4.621211200514288,0.051550421988335766,-0.05156512661874896
Dactinomycin,RNA polymerase,Other,33,0.0189989,0.910457,-3.92771,0.0196888,False,True,O=C1CNC(=O)[C@@H]2CCCN2C(=O)CNC(=O)[C@@H](NC(=O)c2cc(=O)cc3oc4cccc(C(=O)N[C@H]5COC(=O)CNC(=O)CNC(=O)[C@@H]6CCCN6C(=O)CNC5=O)c4nc2-3)COC(=O)CN1,RJURFGZVJUQBHK-IIXSONLDSA-N,0.10198297044534611,-0.6661070753858586,0.22829886258978255,-0.1113478556949215
Camptothecin,TOP1,DNA replication,34,0.0270787,0.899249,-2.20965,0.109739,False,True,O=C1Cc2cc3n(c(=O)c2CO1)Cc1cc2ccccc2nc1-3,VSJKWCGYPAHWDS-FQEVSTJZSA-N,0.03733265455796602,1.5054828734088892,0.08184146178993595,0.05651605096707152
CGP-60474,"CDK1,CDK2,CDK5,CDK7,CDK9, PKC",Cell cycle,12,0.0272967,0.967954,-2.05402,0.128218,False,True,c1ccc(Nc2nccc(-c3ccncc3)n2)cc1,IYNDTACKOAXKBJ-UHFFFAOYSA-N,0.2455705608419998,2.999118450924923,0.13874824487763615,0.004299313512603153
Refametinib,"MEK1, MEK2",ERK MAPK signaling,34,0.030219,0.777285,1.92233,6.83686,False,False,O=S(=O)(Nc1ccccc1Nc1ccccc1)C1CC1,RDSACQWTXKSHJT-NSHDSACASA-N,0.19154631430717495,2.116682062891906,0.07562400858388849,0.05435140552161871
Obatoclax Mesylate,"BCL2, BCL-XL, BCL-W, MCL1",Apoptosis regulation,32,0.0319045,0.838889,-0.290892,0.747597,False,True,C1=c2ccccc2=N/C1=c1/cc/c(=C/c2ccc[nH]2)[nH]1,CVCLJVVBHYOXDC-IAZSKANUSA-N,0.12849863151677954,2.3004947962353834,0.059109851539100894,-0.14033407284996022
Tenovin-6,SIRT,Chromatin histone acetylation,33,0.032274,0.793186,2.15663,8.64199,False,False,O=C(NC(=S)Nc1ccccc1)c1ccccc1,BVJSXSQRIUSRCO-UHFFFAOYSA-N,0.23140115648659293,2.5752426564093645,0.059516981786416234,0.013379184133535504
Quizartinib,FLT3,RTK signaling,33,0.0337622,0.862371,2.15716,8.64653,False,False,O=C(Nc1ccc(-c2cn3c(n2)sc2cc(OCCN4CCOCC4)ccc23)cc1)Nc1ccon1,CVWXJKQAOSCOAB-UHFFFAOYSA-N,0.08906699166531468,2.965092817933968,0.12102379859164548,0.05212323229649862
ZM447439,"AURKA, AURKB",Mitosis,34,0.0371296,0.818504,2.45633,11.6619,False,False,O=C(Nc1ccc(Nc2ncnc3cc(OCCCN4CCOCC4)ccc23)cc1)c1ccccc1,OGNYUTNQZVRGMN-UHFFFAOYSA-N,0.2971124349824678,-0.23628066389047606,0.14652001127346279,0.0664155373378732
LFM-A13,BTK,"Other, kinases",32,0.0382562,0.868557,4.64574,104.141,False,False,c1ccccc1,UVSVTDVJQAJIFG-VURMDHGXSA-N,0.3045605990971153,3.0918607448848885,0.03169199993968407,-0.16741574711941964
Buparlisib,"PI3Kalpha, PI3Kdelta, PI3Kbeta, PI3Kgamma",PI3K/MTOR signaling,33,0.0410609,0.80471,1.17285,3.2312,False,False,c1cncc(-c2cc(N3CCOCC3)nc(N3CCOCC3)n2)c1,CWHUFRVAEUJCEF-UHFFFAOYSA-N,-0.050431688312946615,2.8263973254730153,0.19700350105895373,-0.11966867670121312
ascorbate (vitamin C),anti-oxidant proteins,Other,24,0.0427352,0.899249,10.305,29881.2,False,False,O=C1C=CCO1,CIWBSHSKHKDKBQ-JLAZNSOCSA-N,0.03529853864222371,5.35481156462897,0.03570259427365563,-0.19232092422862765
Masitinib,"KIT, PDGFRA, PDGFRB",RTK signaling,33,0.0467268,0.832923,3.65084,38.507,False,False,O=C(Nc1cccc(Nc2nc(-c3cccnc3)cs2)c1)c1ccc(CN2CCNCC2)cc1,WJEOLQLKVOPQFV-UHFFFAOYSA-N,0.22192477031810826,2.950138616492266,0.1715495720279471,0.09141921000998487
AZD5438,CDK2,Cell cycle,33,0.0475349,0.777285,1.45672,4.29187,False,False,c1ccc(Nc2nccc(-c3cnc[nH]3)n2)cc1,WJRRGYBTGDJBFX-UHFFFAOYSA-N,0.04625479047418197,3.2161365498349186,0.13643186184047276,0.013587269401241164
PIK-93,PK3CG,PI3K/MTOR signaling,33,0.0485898,0.744801,2.73094,15.3474,False,False,c1ccc(-c2cncs2)cc1,JFVNFXCESCXMBC-UHFFFAOYSA-N,0.2667123848003802,3.0258783309201216,0.030881495026074682,-0.05005423901893635
Savolitinib,MET,RTK signaling,33,0.0497087,0.782038,2.79272,16.3253,False,False,c1cn2cc(Cn3nnc4ncc(-c5cn[nH]c5)nc43)ccc2n1,XYDNMOZJKOGZLS-NSHDSACASA-N,0.2601783333187551,2.2875949657600003,0.06222392933525222,0.026244185633623296
BIBF-1120,"VEGFR, PDGFR, FGFR",RTK signaling,33,0.0519458,0.798046,2.72284,15.2235,False,False,O=C(CN1CCNCC1)Nc1ccc(N=C(c2ccccc2)c2c[nH]c3ccccc23)cc1,CPMDPSXJELVGJG-UHFFFAOYSA-N,0.23031946260000227,3.0145425548039526,0.06852056874109605,0.09037260024822508
AZD6738,ATR,Genome integrity,34,0.0532932,0.744801,1.9616,7.11067,False,False,c1cc2c(-c3nc(C4CC4)cc(N4CCOCC4)n3)cncc2[nH]1,DTTJKLNXNZAVSM-JYCIKRDWSA-N,0.11637638341702816,1.8284217775000007,0.09077668095221515,0.03765332100510832
JNK-9L,"JNK2, JNK3",JNK and p38 signaling,33,0.0535519,0.832923,-0.214872,0.806645,False,True,c1cc(-c2ccnc(Nc3ccc(-n4cnc(N5CCOCC5)n4)cc3)n2)cc(N2CCOCC2)c1,AHMHIFXJPSHHPH-UHFFFAOYSA-N,0.021236428584413002,2.7986931691444483,0.13212208005377246,0.07804117495179397
PD173074,"FGFR1, FGFR2, FGFR3",RTK signaling,34,0.0539671,0.80471,3.20968,24.771,False,False,c1ccc(-c2cnc3ncncc3c2)cc1,DXCUKNQANPLTEJ-UHFFFAOYSA-N,-0.0016155236585216227,2.459353860005398,0.08417531061096839,-0.13366378202323229
IOX2,EGLN1,Other,34,0.0581172,0.81764,0.31718,1.37325,False,False,O=c1ccc2ccccc2n1Cc1ccccc1,CAOSCCRYLYQBES-UHFFFAOYSA-N,0.22199535546564392,1.7539116674823794,0.07946427979778344,-0.07853509246395446
Pictilisib,PI3K (class 1),PI3K/MTOR signaling,34,0.0585391,0.742455,1.16677,3.21159,False,False,c1cc(-c2nc(N3CCOCC3)c3sc(CN4CCNCC4)cc3n2)c2cn[nH]c2c1,LHNIIDJUOCFXAP-UHFFFAOYSA-N,0.06092749929310433,1.1557894501127268,0.14510653149337374,0.08034131316825477
IC-87114,PI3Kdelta,PI3K/MTOR signaling,33,0.0596071,0.644559,5.16546,175.118,False,False,O=c1c2ccccc2nc(Cn2cnc3cncnc32)n1-c1ccccc1,GNWHRHGTIBRNSM-UHFFFAOYSA-N,0.2976089889706128,2.0794823185471585,0.061961117077980105,0.03342369864788103
Belinostat,HDAC1,Chromatin histone acetylation,31,0.0623939,0.642524,0.375502,1.45572,False,False,O=S(=O)(Nc1ccccc1)c1ccccc1,NCNRHFGMJRPRSK-MDZDMXLPSA-N,0.32708805544077246,1.7839058511462538,0.04277295534436554,-0.16693631190044764
NVP-TAE684,ALK,RTK signaling,12,0.0626083,0.889685,0.906705,2.47615,False,False,c1ccc(Nc2ccnc(Nc3ccc(N4CCC(N5CCNCC5)CC4)cc3)n2)cc1,QQWUGDVOUVUTOY-UHFFFAOYSA-N,0.09129855668200035,2.424033820499699,0.03986415528720842,0.10964031031109794
Serdemetan,MDM2,p53 pathway,34,0.0627647,0.642524,3.36964,29.068,False,False,c1ccc2c(CCNc3ccc(Nc4ccncc4)cc3)c[nH]c2c1,CEGSUKYESLWKJP-UHFFFAOYSA-N,0.09380548735761444,3.9157872199893218,0.12468114368599385,-0.08118500902837522
AZD2014,"mTORC1, mTORC2",PI3K/MTOR signaling,33,0.0647221,0.625478,0.819989,2.27048,False,False,c1ccc(-c2ccc3c(N4CCOCC4)nc(N4CCOCC4)nc3n2)cc1,JUSFANSTBFGBAF-IRXDYDNUSA-N,0.12766598410164373,1.455043111708572,0.09581596319882187,0.06344130371907292
Temozolomide,DNA alkylating agent,DNA replication,34,0.0661467,0.724481,6.02466,413.501,False,False,O=c1[nH]nnc2cncn12,BPEGJWRSRHCHSN-UHFFFAOYSA-N,0.3055120094680777,4.964015780418615,0.11350014733650929,-0.13939009916036255
"Brivanib, BMS-540215","VEGFR, PDGFR",RTK signaling,33,0.072416,0.662928,4.32146,75.2982,False,False,c1cc2c(Oc3ccc4[nH]ccc4c3)ncnn2c1,WCWUXEGQKLTGDX-LLVKDONJSA-N,0.0687669175421901,3.349916691908257,0.05672054507741758,0.0627077683548839
Idelalisib,PI3Kdelta,PI3K/MTOR signaling,33,0.0751398,0.655295,4.34887,77.3912,False,False,O=c1c2ccccc2nc(CNc2ncnc3nc[nH]c23)n1-c1ccccc1,IFSDAJWBUCMOAH-HNNXBMFYSA-N,0.1072563922052831,3.087928617818445,0.06688115334237552,-0.012168075490201102
AGI-5198,IDH1 (R132H),Metabolism,33,0.0777631,0.665481,4.7706,117.99,False,False,O=C(NC1CCCCC1)C(c1ccccc1)N(C(=O)Cn1ccnc1)c1ccccc1,FNYGWXSATBUBER-UHFFFAOYSA-N,0.2525735613043291,2.48789421561143,0.07293441917049989,0.06765156806544975
IMD-0354,IKKb,"Other, kinases",33,0.0794293,0.652806,0.473408,1.60546,False,False,O=C(Nc1ccccc1)c1ccccc1,CHILCFMQWMQVAL-UHFFFAOYSA-N,0.2184067175547171,3.6796328480184464,0.03680056848642311,-0.10822883034163683
Parthenolide,HDAC1,Chromatin histone acetylation,14,0.0798347,0.824029,3.03999,20.905,False,False,C=C1C(=O)O[C@@H]2[C@@H]3OC3CC/C=C/CC[C@@H]12,KTEXNACQROZXEV-SLXBATTESA-N,0.20739984771818523,4.317518863148098,0.03271698463732376,-0.3280804781234923
Afuresertib,"AKT1, AKT2, AKT3",PI3K/MTOR signaling,33,0.0851261,0.633955,2.5293,12.5447,False,False,O=C(NCCc1ccccc1)c1cc(-c2ccn[nH]2)cs1,AFJRDFWMXUECEW-LBPRGKRZSA-N,0.19637179232526253,3.4138408880479973,0.1205498035349274,0.018113865296934872
ARRY-520,KIF11,Mitosis,33,0.0853363,0.692986,-2.82352,0.0593968,False,True,c1ccc(C2=NNC(c3ccccc3)S2)cc1,LLXISKGBWFTGEI-FQEVSTJZSA-N,0.15649852961027177,1.9837370734918756,0.05324249241665219,-0.04907330260282261
Cytarabine,Antimetabolite,Other,33,0.0861793,0.600139,0.94719,2.57845,False,False,O=c1ncccn1[C@H]1CCCO1,UHDGCWIWMRVCDJ-CCXZUQQUSA-N,0.22268940305396306,4.037352817826045,0.03858326301311345,-0.1341910052256146
NU7441,DNAPK,Genome integrity,34,0.0896118,0.599571,2.81625,16.714,False,False,O=c1cc(N2CCOCC2)oc2c(-c3cccc4c3sc3ccccc34)cccc12,JAMULYFATHSZJM-UHFFFAOYSA-N,-0.11742965400388293,1.9890062401866673,0.13409778906594402,0.033771666455840454
BX-912,PDK1 (PDPK1),Metabolism,33,0.0934282,0.592309,2.73997,15.4866,False,False,O=C(Nc1cccc(Nc2nccc(NCCc3cnc[nH]3)n2)c1)N1CCCC1,DMMILYKXNCVKOJ-UHFFFAOYSA-N,0.1268870982908979,2.3106620904133344,0.25919163871950546,0.08795724968733748
UMI-77,MCL1,Apoptosis regulation,24,0.0938617,0.740021,3.07441,21.637,False,False,O=S(=O)(Nc1cccc2ccccc12)c1ccccc1,WUGANDSUVKXMEC-UHFFFAOYSA-N,0.13043905212083134,2.4856253385012717,0.01795681808174477,-0.08884243982538576
KIN001-244,PDK1,"Other, kinases",33,0.0942682,0.612157,3.37616,29.2581,False,False,O=C(NC(COc1ccc2[nH]c(=O)[nH]c2c1)c1ccccc1)c1cccn(Cc2ccccc2)c1=O,GCWCGSPBENFEPE-UHFFFAOYSA-N,0.29710350173500505,1.9402362850691768,0.10569404308696734,0.012943974397886138
AZD7762,"CHEK1, CHEK2",Cell cycle,34,0.0952225,0.508512,-0.0870617,0.916621,False,True,O=C(N[C@H]1CCCNC1)c1ccc(-c2ccccc2)s1,IAYGCINLNONXHY-LBPRGKRZSA-N,0.2657480019836856,3.0585596141196825,0.03497940537962133,-0.018927432617702522
AZ628,BRAF,ERK MAPK signaling,14,0.0976994,0.744801,1.7961,6.02611,False,False,O=C(Nc1cccc(Nc2ccc3nc[nH]c(=O)c3c2)c1)c1ccccc1,ZGBGPEDJXCYQPH-UHFFFAOYSA-N,0.031867256481459126,3.1296422214247626,0.24505168889394202,0.06401931595464233
JNK Inhibitor VIII,JNK,JNK and p38 signaling,34,0.0994258,0.508512,4.8165,123.532,False,False,O=C(Cc1ccccc1)Nc1ccccn1,KQMPRSZTUSSXND-UHFFFAOYSA-N,0.04042653042807727,3.2162106390431737,0.07029228662885888,-0.045297129292813876
BMS-754807,"IGF1R, IR",IGF1R signaling,34,0.101369,0.404756,1.59721,4.93924,False,False,O=C(Nc1cccnc1)C1CCCN1c1nc(Nc2cc(C3CC3)[nH]n2)c2cccn2n1,LQVXSNNAFNGRAH-QHCPKHFHSA-N,0.1653435287122282,2.176429745002381,0.11907559998332778,0.10054350217878477
HG-5-113-01,AURKA,Mitosis,18,0.102642,0.600139,1.69588,5.45145,False,False,c1ccc(Nc2cc(Nc3ccccn3)nc3[nH]ccc23)cc1,INAFQGYNNQIERK-UHFFFAOYSA-N,0.11550357148120644,1.2576838512669841,0.0620777535268517,0.05686370267211732
Bleomycin,dsDNA break induction,DNA replication,32,0.104477,0.574326,2.25249,9.51139,False,False,O=C(CCCNC(=O)[C@@H](NC(=O)c1ccncn1)[C@@H](OC1OCCCC1OC1CCCCO1)c1cnc[nH]1)NCC(=O)NCCc1nc(-c2nccs2)cs1,OYVAGSVQBOHSSS-WXFSZRTFSA-O,0.19209096618462826,-0.17463777351269838,0.2896202534140568,-4.879164626242494e-05
FTY-720,S1P,Other,33,0.104956,0.497825,2.2629,9.6109,False,False,c1ccccc1,KKGQTZUTZRNORY-UHFFFAOYSA-N,0.23059570083470357,3.326002284273811,0.03654663228554405,-0.1577395534236296
OTX015,"BRD2, BRD3, BRD4",Chromatin other,32,0.105321,0.501878,2.49859,12.1654,False,False,O=C(C[C@@H]1N=C(c2ccccc2)c2ccsc2-n2cnnc21)Nc1ccccc1,GNMUEVRJHCWKTO-FQEVSTJZSA-N,0.2107886184553558,2.4535228143468704,0.046970978821961384,0.08374489320469969
Bicalutamide,AR,Hormone-related,34,0.107268,0.536558,3.68688,39.9201,False,False,O=C(CCS(=O)(=O)c1ccccc1)Nc1ccccc1,LKJPYSCBVHEWIU-UHFFFAOYSA-N,0.12734079667952455,2.859945977677941,0.05200879374953567,-0.053455813877710256
ETP-45835,"MNK1, MNK2","Other, kinases",33,0.107615,0.592309,5.31977,204.337,False,False,c1cc(-c2cc(C3CCNCC3)[nH]n2)ccn1,VXNHTGWDWVCFSI-UHFFFAOYSA-N,0.37436026597167116,3.706592647430302,0.018311218550083396,-0.09529759512446007
AZ6102,"TNKS1, TNKS2",WNT signaling,34,0.109718,0.512085,2.79431,16.3514,False,False,O=c1[nH]c(-c2ccc(-c3ccc(N4CCNCC4)nc3)cc2)nc2[nH]ccc12,WCPTUQOMNJBIET-CALCHBBNSA-N,-0.002885263826753645,3.403265004692381,0.05588094136673268,0.058453311236739636
Sphingosine Kinase 1 Inhibitor II,Sphingosine Kinase,"Other, kinases",33,0.11516,0.592309,3.51785,33.7118,False,False,O=S(=O)(Cc1cccc(OCc2ccc(CN3CCCC3)cc2)c1)c1ccccc1,NPUXORBZRBIOMQ-RUZDIDTESA-N,0.3065466405678708,3.7241983863633528,0.05254662236118652,0.07555371437366248
Gallibiscoquinazole,,Unclassified,24,0.116847,0.634515,2.80651,16.552,False,False,O=C1NCNc2ccccc21,LZHVHZJESCMXKN-UHFFFAOYSA-N,0.037536705677731964,1.114837321922857,0.06349177811454286,-0.05061102713860749
Nutlin-3a (-),MDM2,p53 pathway,34,0.11723,0.556903,4.13237,62.3252,False,False,O=C1CN(C(=O)N2C(c3ccccc3)=N[C@@H](c3ccccc3)[C@H]2c2ccccc2)CCN1,BDUHCSBCVGXTJM-WUFINQPMSA-N,-0.03771638811295247,2.2627794699177772,0.08333890402457664,0.08492267331200132
Dinaciclib,"CDK1, CDK2, CDK5, CDK9",Cell cycle,33,0.118259,0.508512,-2.47707,0.0839892,False,True,c1c[nH+]cc(CNc2cc(N3CCCCC3)nc3ccnn23)c1,PIMQWRZWLQKKBJ-SFHVURJKSA-N,0.26897256520069096,2.2583742096912682,0.0768913830435974,0.07446619695112427
Palbociclib,"CDK4, CDK6",Cell cycle,34,0.119638,0.473481,2.82898,16.9282,False,False,O=c1ccc2cnc(Nc3ccc(N4CCNCC4)cn3)nc2n1C1CCCC1,AHJRHEGDXFFMBM-UHFFFAOYSA-N,0.16187024611737097,1.894701132026,0.13366870873535053,0.06623093280804776
OSI-930,"KIT, VEGFR2",RTK signaling,33,0.124156,0.50694,4.12544,61.8949,False,False,O=C(Nc1ccccc1)c1sccc1NCc1ccnc2ccccc12,FGTCROZDHDSNIO-UHFFFAOYSA-N,0.13530695634440373,3.020600228442855,0.10743857705501687,0.01876457101736423
A-443654,"AKT1, AKT2, AKT3",PI3K/MTOR signaling,12,0.124725,0.809039,-0.523391,0.592508,False,True,c1ccc2c(CCCOc3cncc(-c4ccc5n[nH]cc5c4)c3)c[nH]c2c1,YWTBGJGMTBHQTM-IBGZPJMESA-N,0.0024798579256894607,2.9314021855203167,0.14385583633671234,0.04842628650479247
SL0101,"RSK, AURKB, PIM1, PIM3","Other, kinases",34,0.126784,0.469094,4.46813,87.1936,False,False,O=c1c(O[C@H]2CCCCO2)c(-c2ccccc2)oc2ccccc12,SXOZSDJHGMAEGZ-IGKKHSBFSA-N,-0.012614479663848797,0.5015956474795233,0.16777904925007936,0.10113732006687853
SB52334,ALK5,RTK signaling,33,0.128341,0.578143,4.36002,78.2587,False,False,c1ccc(-c2[nH]cnc2-c2ccc3nccnc3c2)nc1,DKPQHFZUICCZHF-UHFFFAOYSA-N,0.3216049799768197,3.2897672280950734,0.05721843771190087,-0.006205029609403556
XMD13-2,MRCKB,Cytoskeleton,33,0.133412,0.467508,3.53125,34.1667,False,False,O=C(NC1CC1)c1cccc(-c2ccc3c(NC(=O)C4CC4)n[nH]c3c2)c1,WBLZCNIEEVRRTG-UHFFFAOYSA-N,0.1897367981390694,2.7933683318323776,0.04765930951740109,0.0031200131797327058
Topotecan,TOP1,DNA replication,24,0.133754,0.581283,0.385376,1.47017,False,False,O=C1Cc2cc3n(c(=O)c2CO1)Cc1cc2ccccc2nc1-3,UCFGDBYHRUNTLO-QHCPKHFHSA-N,0.09661782946595338,0.7418072997066671,0.09937917209025073,0.05787847186879125
OSU-03012,PDK1 (PDPK1),Metabolism,32,0.134213,0.462172,2.0961,8.13435,False,False,c1ccc(-n2nccc2-c2ccc3c(ccc4ccccc43)c2)cc1,YULUCECVQOCQFQ-UHFFFAOYSA-N,0.1884457076099314,2.2632995445045876,0.05812969488887667,0.010310266997879569
PLX-4720,BRAF,ERK MAPK signaling,34,0.136222,0.42801,4.17924,65.316,False,False,O=C(c1ccccc1)c1c[nH]c2ncccc12,YZDJQTHVDDOVHR-UHFFFAOYSA-N,0.23949485220179254,3.2992792556133312,0.029577441923377662,-0.0009714747905629206
Trametinib,"MEK1, MEK2",ERK MAPK signaling,34,0.138283,0.18336,-0.0577826,0.943855,False,True,O=c1cc2c(c(Nc3ccccc3)[nH]1)c(=O)n(C1CC1)c(=O)n2-c1ccccc1,LIRYPHYGHXZJBZ-UHFFFAOYSA-N,0.20997907750146574,2.9653927082123825,0.11555211814677648,0.10158136442451643
Fedratinib,JAK2,"Other, kinases",33,0.141883,0.50694,2.53107,12.567,False,False,c1ccc(Nc2ccnc(Nc3ccc(OCCN4CCCC4)cc3)n2)cc1,JOOXLOJCABQBSG-UHFFFAOYSA-N,-0.10791887258896392,2.4185668110625382,0.1190390077892617,0.07289049062756764
C-75,FAS,Apoptosis regulation,33,0.143227,0.45406,4.63182,102.701,False,False,C=C1CCOC1=O,VCWLZDVWHQVAJU-UHFFFAOYSA-N,0.1452082319323228,4.42609865694805,0.01695853613999598,-0.32046207244671276
Vinorelbine,Microtubule destabiliser,Mitosis,34,0.143925,0.251259,-3.14951,0.0428731,False,True,C1=C[C@H]2CC(c3ccc4c(c3)[C@@]35CCN6CC=CC(CC[C@@H]3N4)[C@H]65)c3[nH]c4ccccc4c3CN(C1)C2,GBABOYUKABKIAF-IELIFDKJSA-N,0.16106223119904733,0.3160977912742857,0.10903474856416936,-0.04143501482991846
BAY-61-3606,SYK,"Other, kinases",32,0.149174,0.474124,2.37697,10.7722,False,False,c1ccc(-c2cc3nccn3c(Nc3ccccn3)n2)cc1,JWQOJVOKBAAAAR-UHFFFAOYSA-N,0.4142648028530053,3.5367057767292067,0.03958163856784255,-0.03790278186928969
Alisertib,AURKA,Mitosis,34,0.149851,0.087831,1.78347,5.95046,False,False,c1ccc(Nc2ncc3c(n2)-c2ccccc2C(c2ccccc2)=NC3)cc1,ZLHFILGSQDJULK-UHFFFAOYSA-N,0.1709260715987827,2.2508800789634944,0.05228731269107961,0.051564373053653245
BMS-509744,ITK,"Other, kinases",12,0.154283,0.763781,3.1414,23.1362,False,False,O=C(Nc1ncc(Sc2cccc(C(=O)N3CCNCC3)c2)s1)c1ccccc1,ZHXNIYGJAOPMSO-UHFFFAOYSA-N,0.052246856137758195,1.9618102595495215,0.13295259748707575,-0.10119853741553736
IPA-3,PAK1,Cytoskeleton,32,0.155819,0.50694,4.27302,71.7378,False,False,c1ccc2c(SSc3cccc4ccccc34)cccc2c1,RFAXLXKIAKIUDT-UHFFFAOYSA-N,0.15658385411270115,3.15586725614127,0.02237046057003158,-0.051266697970138
PF-4708671,S6K1,PI3K/MTOR signaling,33,0.160459,0.457316,3.94278,51.5615,False,False,c1ccc2[nH]c(CN3CCN(c4ccncn4)CC3)nc2c1,FBLPQCAQRNSVHB-UHFFFAOYSA-N,0.08401199541121274,3.2627120374746035,0.11790393681193966,0.006521451450493709
Etoposide,TOP2,DNA replication,33,0.161639,0.524785,1.87731,6.53588,False,False,O=C1OC[C@H]2[C@H]1[C@H](c1ccccc1)c1cc3c(cc1[C@H]2O[C@H]1CC[C@@H]2OCOC[C@H]2O1)OCO3,VJJPUSNTGOMMGY-MRVIYFEKSA-N,0.21846250940664327,0.599199755433968,0.07880909666664215,-0.014360205021841932
BIX02189,"MEK5, ERK5",ERK MAPK signaling,33,0.162737,0.346667,4.44804,85.4591,False,False,c1ccc(N=C(c2ccccc2)c2c[nH]c3ccccc23)cc1,ZGXOBLVQIVXKEB-UHFFFAOYSA-N,0.22228290431712577,3.1355684300190476,0.048925287789692365,0.05049274350608418
Podophyllotoxin bromide,,Unclassified,24,0.164263,0.419297,-0.191971,0.825331,False,True,O=C1OC[C@@H]2Cc3cc4c(cc3[C@@H](c3ccccc3)[C@@H]12)OCO4,VNDCSULMOTZMNT-KSRYTWCQSA-N,0.23994844079589417,2.707593376738901,0.04971669029400028,0.04498828728715237
OSI-027,"MTORC1, MTORC2",PI3K/MTOR signaling,34,0.164886,0.245092,2.1393,8.49349,False,False,c1ccc2[nH]c(-c3nc(C4CCCCC4)n4ncncc34)cc2c1,JROFGZPOBKIAEW-UHFFFAOYSA-N,0.3330385784468163,2.2938155574342582,0.04932648691313299,0.10086333685916288
I-BET-151,"BRD2, BRD3, BRD4",Chromatin other,33,0.164994,0.326763,1.7843,5.95541,False,False,O=c1[nH]c2cnc3cc(-c4cnoc4)ccc3c2n1Cc1ccccn1,VUVUVNZRUGEAHB-CYBMUJFWSA-N,0.001088097470642947,3.6595734528542883,0.097669209814765,0.043809857351733206
5-azacytidine,DNA methyltransferases,Other,25,0.167232,0.41495,3.22154,25.0666,False,False,O=c1ncncn1[C@H]1CCCO1,NMUSYJAQQFHJEW-KVTDHHQDSA-N,0.2646914284327495,2.3997061681001894,0.02653629417542927,-0.3028287433147231
CZC24832,PI3Kgamma,PI3K/MTOR signaling,33,0.169472,0.41495,5.29086,198.514,False,False,c1cncc(-c2ccc3ncnn3c2)c1,RXRZPHQBTHQXSV-UHFFFAOYSA-N,0.2507219191022034,2.5651018125725944,0.11212352253328975,-0.033220000770805946
CX-5461,RNA Polymerase 1,Other,33,0.174029,0.432532,3.32954,27.9256,False,False,O=C(NCc1cnccn1)c1c(=O)c2ccc(N3CCCNCC3)nc2n2c1sc1ccccc12,XGPBJCHFROADCK-UHFFFAOYSA-N,0.11897681063935225,2.474145683696166,0.18347073325247829,0.06887574425177434
AR-42,HDAC1,Chromatin histone acetylation,33,0.175783,0.188891,0.00542612,1.00544,False,False,O=C(Cc1ccccc1)Nc1ccccc1,LAMIXXKAWNLXOC-INIZCTEOSA-N,0.24747434033560434,3.2005834973311353,0.07587361733846004,-0.05211867467895276
WYE-125132,mTOR,PI3K/MTOR signaling,33,0.176172,0.169714,0.178504,1.19543,False,False,c1ccc(-c2nc(N3CC4CCC(C3)O4)c3cnn(C4CCC5(CC4)OCCO5)c3n2)cc1,QLHHRYZMBGPBJG-UHFFFAOYSA-N,0.14007459961485594,2.0780952518841262,0.1092300259738223,0.011602199263127555
STF-62247,Autophagy inducer,Other,33,0.177403,0.346667,4.52833,92.6041,False,False,c1ccc(Nc2nc(-c3ccncc3)cs2)cc1,KATNUHQNJGNLPW-UHFFFAOYSA-N,0.23809511887851947,4.337407639711544,0.09269153034766205,-0.12445940034424624
GW-2580,CSF1R,RTK signaling,33,0.178252,0.32607,5.4085,223.297,False,False,c1ccc(COc2ccc(Cc3cncnc3)cc2)cc1,MYQAUKPBNJWPIE-UHFFFAOYSA-N,0.20178570863544526,3.474598129142221,0.04953492182104546,-0.02904469437063084
Paclitaxel,Microtubule stabiliser,Mitosis,33,0.179749,0.417719,-2.76752,0.0628177,False,True,O=C(C[C@@H](NC(=O)c1ccccc1)c1ccccc1)O[C@@H]1C=C2CC(=O)C3CC[C@H]4OCC4[C@H]3[C@H](OC(=O)c3ccccc3)C(C2)C1,RCINICONZNJXQF-MZXODVADSA-N,-0.07934258505649856,-1.3665084570918467,0.13915271417754618,-0.26695849925765336
Irinotecan,TOP1,DNA replication,33,0.180623,0.326763,2.82901,16.9287,False,False,O=C1Cc2cc3n(c(=O)c2CO1)Cc1cc2cc(OC(=O)N4CCC(N5CCCCC5)CC4)ccc2nc1-3,UWKQSNNFCGGAFS-XIFFEERXSA-N,0.16201876878009924,2.060572509736983,0.07894973721949274,0.05481199941456255
NSC-87877,"SHP-1 (PTPN6), SHP-2 (PTPN11)",Other,32,0.18409,0.42801,5.06097,157.743,False,False,c1ccc2cc(N=Nc3ccc4cccnc4c3)ccc2c1,XGMFVZOKHBRUTL-UHFFFAOYSA-N,0.14672367197249642,2.5136734652158594,0.02885668150412341,-0.03308227519761575
Amuvatinib,"KIT, PDGFRA, FLT3",RTK signaling,32,0.184385,0.471871,3.87128,48.0036,False,False,S=C(NCc1ccc2c(c1)OCO2)N1CCN(c2ncnc3c2oc2ccccc23)CC1,FOFDIMHVKGYHRU-UHFFFAOYSA-N,0.1614371737442314,2.3786384928927,0.07093343328000214,0.08588273783852779
JQ1,"BRD2, BRD3, BRD4, BRDT",Chromatin other,34,0.186428,0.121279,1.67907,5.36057,False,False,c1ccc(C2=NCc3nncn3-c3sccc32)cc1,DNVXATUJJDPFDM-KRWDZBQOSA-N,0.17624099615420738,3.196512834871432,0.03922225951488226,0.04536666258388644
Uprosertib,"AKT1, AKT2, AKT3",PI3K/MTOR signaling,34,0.186659,0.10905,3.18241,24.1048,False,False,O=C(NCCc1ccccc1)c1cc(-c2ccn[nH]2)co1,AXTAPYRUEKNRBA-JTQLQIEISA-N,0.22482861667605875,3.185944489446668,0.08735620575764712,0.018604739026731154
GSK2256098C,FAK1,Cytoskeleton,24,0.187191,0.357548,4.46027,86.5107,False,False,c1ccc(Nc2ccnc(Nc3ccn[nH]3)c2)cc1,BVAHPPKGOOJSPU-UHFFFAOYSA-N,0.1583762398797687,3.2744074647460324,0.07286629552109311,0.05246468354027467
PFI-3,"PB1, SMARCA4, SMARCA2",Chromatin other,27,0.189311,0.428976,4.66075,105.716,False,False,O=C(/C=C/N1C[C@H]2C[C@@H]1CN2c1ccccn1)c1ccccc1,INAICWLVUAKEPB-QSTFCLMHSA-N,0.15817454160471606,3.7241864507304814,0.08896843339905086,-0.007911415528529586
EHT-1864,"RAC1, RAC2, RAC3",Cytoskeleton,34,0.194344,0.165042,3.89143,48.9811,False,False,O=c1cc(CN2CCOCC2)occ1OCCCCCSc1ccnc2ccccc12,MIDUFIRTIFUTQA-UHFFFAOYSA-N,0.16290090436374838,3.6884910439789453,0.13883591091902867,-0.07950362149563561
RVX-208,BRD4,Chromatin other,33,0.197268,0.248412,4.9457,140.569,False,False,O=c1[nH]c(-c2ccccc2)nc2ccccc12,NETXMUIMUZJUTB-UHFFFAOYSA-N,0.07964766265061721,3.3312303612165066,0.045152199184346015,-0.008745658980410298
Pyridostatin,G-quadruplex stabiliser,DNA replication,33,0.19807,0.326763,3.82663,45.9074,False,False,O=C(Nc1ccc2ccccc2n1)c1cccc(C(=O)Nc2ccc3ccccc3n2)n1,VGHSATQVJCTKEF-UHFFFAOYSA-N,0.2865823428051865,1.8161004000669845,0.04954502830795081,0.017648699487159525
PFI-1,BRD4,Chromatin other,34,0.198674,0.222175,3.57924,35.8464,False,False,O=C1NCc2cc(NS(=O)(=O)c3ccccc3)ccc2N1,TXZPMHLMPKIUGK-UHFFFAOYSA-N,0.050559231362344706,3.5781092619002495,0.03615653674411741,-0.09300362627138181
GSK591,PMRT5,Chromatin histone methylation,34,0.199804,0.326763,4.61299,100.785,False,False,O=C(NCCCN1CCc2ccccc2C1)c1ccnc(NC2CCC2)c1,TWKYXZSXXXKKJU-FQEVSTJZSA-N,0.28790605817480586,2.5575468453096835,0.0829855092372277,-0.03761001087594379
N-acetyl cysteine,Metabolism,Metabolism,25,0.200501,0.331707,10.165,25978.1,False,False,,PWKSKIMOESPYIA-BYPYZUCNSA-N,0.2665886977981162,6.2056964677722215,0.03210929590701873,-0.321468305668457
kb NB 142-70,PKD,"Other, kinases",33,0.204551,0.0794082,2.79164,16.3078,False,False,O=C1NCCSc2c1sc1ccccc21,DHUAGGSHTKPOHU-UHFFFAOYSA-N,0.22597441512616975,4.451319065474605,0.059708003283231004,-0.10034788602326289
Lestaurtinib,"FLT3, JAK2, NTRK1, NTRK2, NTRK3","Other, kinases",34,0.204984,0.102636,0.076146,1.07912,False,False,O=C1NCc2c1c1c3ccccc3n3c1c1c2c2ccccc2n1C1CC[C@H]3O1,UIARLYUEJFELEN-LROUJFHJSA-N,-0.058585509777715414,0.9988910594942852,0.5188124767780358,0.017874460888027632
GSK690693,"AKT1, AKT2, AKT3",PI3K/MTOR signaling,33,0.206017,0.0794082,3.91372,50.0848,False,False,c1nonc1-c1nc2cncc(OC[C@H]3CCCNC3)c2[nH]1,KGPGFQWBCSZGEL-ZDUSSCGKSA-N,0.17329367824401345,1.6576539178444447,0.1441745851597007,0.039964910063017556
CI-1040,"MEK1, MEK2",ERK MAPK signaling,33,0.206245,0.168059,2.45741,11.6745,False,False,O=C(NOCC1CC1)c1ccccc1Nc1ccccc1,GFMMXOIFOQCCGU-UHFFFAOYSA-N,0.2741101983268103,3.892726806772476,0.0452155064535132,0.014096747351276806
AMG-319,PI3K (beta sparing),PI3K/MTOR signaling,33,0.208613,0.16405,5.03876,154.278,False,False,c1ccc(-c2nc3ccccc3cc2CNc2ncnc3nc[nH]c23)nc1,KWRYMZHCQIOOEB-LBPRGKRZSA-N,0.18737697658392402,2.4274112148288918,0.07988376560012454,-0.03666193924629041
SGC0946,DOT1L,Chromatin histone methylation,34,0.208768,0.202918,2.06171,7.85939,False,False,O=C(NCCCNC[C@@H]1CC[C@H](n2ccc3cncnc32)O1)Nc1ccccc1,IQCKJUKAQJINMK-HUBRGWSESA-N,0.2877746614721356,2.6578116033204746,0.1244761863704147,0.0573928385113312
Voxtalisib,"PI3K (class 1), DNAPK, MTOR",PI3K/MTOR signaling,33,0.209011,0.161313,4.4649,86.9122,False,False,O=c1[nH]c2ncncc2cc1-c1ccn[nH]1,RGHYDLZMTYDBDT-UHFFFAOYSA-N,0.3347469648340378,3.2397525577921957,0.08700461244006676,-0.0867837780585653
UNC0638,G9a and GLP methyltransferases,Chromatin histone methylation,33,0.209988,0.105334,3.74429,42.2788,False,False,c1cc2c(NC3CCNCC3)nc(C3CCCCC3)nc2cc1OCCCN1CCCC1,QOECJCJVIMVJGX-UHFFFAOYSA-N,0.3180250218471072,2.986454376909526,0.058509920604595145,-0.04434570780689273
GDC0810,"ESR1, ESR2",Hormone-related,33,0.210632,0.288134,5.27917,196.207,False,False,C(=C(c1ccccc1)c1ccc2[nH]ncc2c1)c1ccccc1,BURHGPHDEVGCEZ-KJGLQBJMSA-N,0.24721238563404382,2.7289828894523813,0.041127840286252146,-0.018704915032027702
Apitolisib,"mTOR, PI3K",PI3K/MTOR signaling,33,0.210855,0.077879,0.609975,1.84039,False,False,c1ncc(-c2nc(N3CCOCC3)c3sc(CN4CCNCC4)cc3n2)cn1,YOVVNQKCSKSHKT-HNNXBMFYSA-N,-0.07288681483061911,1.13461964079127,0.14829471405346925,0.06013660662893827
CUDC-101,"HDAC1-10, EGFR, ERBB2",Other,32,0.211154,0.217085,0.0650076,1.06717,False,False,c1ccc(Nc2ncnc3ccccc23)cc1,PLIVFNIUGLLCEK-UHFFFAOYSA-N,0.3573660777176397,1.8703014187406346,0.03594997426899179,0.02633411452828649
MN-64,"TNKS1, TNKS2",WNT signaling,33,0.211572,0.240235,4.88704,132.561,False,False,O=c1cc(-c2ccccc2)oc2ccccc12,PYTOHIUBXSJKQH-UHFFFAOYSA-N,0.09617891646052083,4.008776472295241,0.05195375977140703,-0.06617191941007367
L-Oxonoreleagnine,,Unclassified,24,0.211978,0.269497,3.94783,51.8227,False,False,O=C1NCCc2c1[nH]c1ccccc21,FZHZQHNKCPJTNQ-UHFFFAOYSA-N,0.10214016227391996,4.535627030977713,0.02718974295146648,-0.2543674537232461
NG-25,"TAK1, M4K2","Other, kinases",33,0.212923,0.175154,2.98048,19.6974,False,False,O=C(Nc1ccc(CN2CCNCC2)cc1)c1cccc(Oc2ccnc3[nH]ccc23)c1,SMPGEBOIKULBCT-UHFFFAOYSA-N,0.014484195558250165,2.7703918078141268,0.4001890769398262,0.08970760740351341
Ipatasertib,"AKT1, AKT, AKT3",PI3K/MTOR signaling,33,0.213681,0.169714,3.71401,41.0179,False,False,O=C(Cc1ccccc1)N1CCN(c2ncnc3c2CCC3)CC1,GRZXWCHAXNAUHY-NSISKUIASA-N,0.1727536398375121,3.3249894043809527,0.0642320043957533,0.009290429509567155
PHA-665752,MET,RTK signaling,12,0.213794,0.580391,2.92894,18.7077,False,False,O=C1Nc2ccc(S(=O)(=O)Cc3ccccc3)cc2/C1=C/c1cc(C(=O)N2CCC[C@@H]2CN2CCCC2)c[nH]1,OYONTEXKYJZFHA-SSHUPFPWSA-N,0.24769382199981313,1.959468829728094,0.07140155274233552,0.07362728396910934
Mirin,MRE11,Genome integrity,34,0.224512,0.17554,5.04882,155.839,False,False,O=C1N=CS/C1=C\c1ccccc1,YBHQCJILTOVLHD-YVMONPNESA-N,0.2043450814559035,3.9375328123022704,0.057077068093935764,-0.29225311647076985
I-BET-762,"BRD2, BRD3, BRD4",Chromatin other,34,0.225963,0.0611599,3.79122,44.3103,False,False,c1ccc(C2=NCc3nncn3-c3ccccc32)cc1,AAAQFGUYHFJNHI-SFHVURJKSA-N,0.06013722582654489,3.4219498558460284,0.05275998368256205,-0.006924286427225423
Bromosporine,"CECR2, BRD2, BRD4, BRD9",Chromatin other,24,0.226398,0.406773,2.68798,14.7019,False,False,c1ccc(-c2ccc3nncn3n2)cc1,UYBRROMMFMPJAN-UHFFFAOYSA-N,0.25379261263694064,3.72736696040714,0.08738640592031759,-0.0035669493532402563
BI-2536,"PLK1, PLK2, PLK3",Cell cycle,34,0.226643,0.134836,-0.791691,0.453078,False,True,O=C1CN(C2CCCC2)c2nc(Nc3ccc(C(=O)NC4CCNCC4)cc3)ncc2N1,XQVVPGYIWAGRNI-JOCHJYFZSA-N,0.14764341045110763,3.0018969238363065,0.08307356608844611,0.002667461415550909
Avagacestat,"Amyloid beta20, Amyloid beta40",Other,34,0.226652,0.0632261,4.55049,94.6786,False,False,O=S(=O)(NCc1ccc(-c2ncon2)cc1)c1ccccc1,XEAOPVUAMONVLA-QGZVFWFLSA-N,0.30122625213316256,3.0895780005733333,0.08235281475243632,0.05455611941229943
CAY10566,Stearoyl-CoA desaturase,Other,33,0.229001,0.0381106,3.06224,21.3754,False,False,c1ccc(OC2CCN(c3ccc(-c4nnco4)nn3)CC2)cc1,WFOFPVXMPTVOTJ-UHFFFAOYSA-N,0.23992149558169912,3.198783050422222,0.037187759461393945,-0.01697995781081446
AZD8931,"EGFR, ERBB2, ERBB3",RTK signaling,33,0.229422,0.102344,2.10575,8.21328,False,False,c1ccc(Nc2ncnc3ccc(OC4CCNCC4)cc23)cc1,DFJSJLGUIXFDJP-UHFFFAOYSA-N,0.37856119234748614,2.8011979197801593,0.016892938191243545,0.0976223496676723
MIRA-1,TP53,p53 pathway,34,0.232547,0.122671,5.51578,248.583,False,False,O=C1C=CC(=O)N1,YXEWPGYLMHXLPS-UHFFFAOYSA-N,0.29262829021209913,5.550120781088741,0.018290965620853767,-0.19112661584824928
Sorafenib,"PDGFR, KIT, VEGFR, RAF","Other, kinases",33,0.233379,0.143603,2.72559,15.2655,False,False,O=C(Nc1ccccc1)Nc1ccc(Oc2ccncc2)cc1,MLDQJTXFUGDVEO-UHFFFAOYSA-N,0.009152242407435947,3.0041947130263504,0.07679420588324648,-0.0023726571552342146
Tretinoin,Retinoic acid,Other,33,0.233702,0.143411,4.2464,69.8532,False,False,C1=CCCCC1,SHGAZHPCJJPHSC-YCNIQYBTSA-N,0.18141612135897336,3.1370086054249584,0.029890925186179407,-0.17117575641306398
FMK,RSK,"Other, kinases",32,0.23623,0.235145,5.16621,175.249,False,False,c1ccc(-c2c[nH]c3ncncc23)cc1,IKLGYJACVCXYIL-UHFFFAOYSA-N,0.18784485551103222,2.8497453860091615,0.03422516252819015,-0.018023133268992686
Mitoxantrone,TOP2,DNA replication,24,0.236946,0.122671,1.04137,2.8331,False,False,O=C1c2ccccc2C(=O)c2ccccc21,KKZJGLLVHKMTCM-UHFFFAOYSA-N,0.14090687054429166,1.1096071399807939,0.04380236657229402,-0.1871823788640765
UNC1215,L3MBTL3,Chromatin other,33,0.238208,0.20818,2.54079,12.6897,False,False,O=C(c1ccc(C(=O)N2CCC(N3CCCC3)CC2)c(Nc2ccccc2)c1)N1CCC(N2CCCC2)CC1,PQOOIERVZAXHBP-UHFFFAOYSA-N,0.17466501716974384,3.879113132327618,0.03700352742238072,-0.20044033127109592
KIN001-266,CDC7,DNA replication,33,0.240129,0.262978,3.66179,38.931,False,False,c1ccc(Nc2ccnc3ccc(NCc4cn(C5CCNCC5)nn4)cc23)cc1,PHNZIIMWDVXPGG-UHFFFAOYSA-N,0.5185963437305215,2.4493804550171454,0.07258486871700781,0.09543827035642388
GSK1059615,PI3K,PI3K/MTOR signaling,33,0.240599,0.0071051,0.297453,1.34643,False,False,O=C1NC(=O)/C(=C/c2ccc3nccc(-c4ccncc4)c3c2)S1,QDITZBLZQQZVEE-YBEGLDIGSA-N,0.17881195845297088,3.042061607016503,0.07528105915175053,-0.11281819311778979
CPI-613,"Metabo, Mitochondria",Other,33,0.240806,0.109626,5.50955,247.04,False,False,c1ccc(CSCCCSCc2ccccc2)cc1,ZYRLHJIMTROTBO-UHFFFAOYSA-N,0.1006718812137223,2.411457402201143,0.046104773556350495,-0.05262366360611204
Nilotinib,ABL,ABL signaling,34,0.240838,0.0473987,3.23653,25.4453,False,False,O=C(Nc1cccc(-n2ccnc2)c1)c1cccc(Nc2nccc(-c3cccnc3)n2)c1,HHZIURLSWUIHRB-UHFFFAOYSA-N,0.13555118128719015,3.0858029127876163,0.19873100648522438,0.027364865522019555
Cyclophosphamide,Alkylating agent,DNA replication,33,0.241836,0.168059,5.46542,236.376,False,False,O=[PH]1NCCCO1,CMSMOCZEIVJLDB-UHFFFAOYSA-N,0.22783236616362115,3.8767125029493963,0.03713944134320141,-0.31141688299919956
XMD11-50,"LRRK2, ERK5","Other, kinases",5,0.242764,0.484315,2.95632,19.2271,False,False,O=C1Nc2cnc(Nc3ccc(C(=O)N4CCC(N5CCNCC5)CC4)cc3)nc2Nc2ccccc21,IWMCPJZTADUIFX-UHFFFAOYSA-N,0.16328075343531914,1.7924724903431757,0.03777026665942088,0.057843253187811305
GSK2606414,PERK,Metabolism,33,0.243181,0.202918,4.0794,59.1101,False,False,O=C(Cc1ccccc1)N1CCc2cc(-c3c[nH]c4ncncc34)ccc21,SIXVRXARNAVBTC-UHFFFAOYSA-N,0.28700899656506906,2.8855743017146067,0.03406464944883467,0.03252658394931829
XMD11-85h,"LRRK2, ERK5","Other, kinases",17,0.245163,0.254013,4.07741,58.9925,False,False,O=C1CCN(C2CCCC2)c2nc(Nc3ccc(C(=O)NC4CCNCC4)cc3)ncc2N1,VIJIVCXRKDRGGA-UHFFFAOYSA-N,0.18084428483563117,2.164490079747617,0.0758718877123094,0.03905668959194286
GSK319347A,IKK,"Other, kinases",14,0.245405,0.587086,4.03246,56.3994,False,False,c1ccc(COc2csc(-n3cnc4ccccc43)c2)cc1,LDTAHRLHGHFHKP-UHFFFAOYSA-N,0.34211929907067257,2.549816254398254,0.02742990796114324,0.05697617345035577
Sabutoclax,"BCL2,  BCL-XL,  BFL1, MCL1",Apoptosis regulation,33,0.245833,0.0455332,-0.033625,0.966934,False,True,O=C(NCCc1ccccc1)c1cccc2cc(-c3ccc4c(C(=O)NCCc5ccccc5)cccc4c3)ccc12,RAYNZUHYMMLQQA-ZEQRLZLVSA-N,-0.005635709117149902,2.2932077876409513,0.0925057598354908,-0.10103311053334707
Z-LLNle-CHO,gamma-secretase,Other,12,0.246232,0.550797,1.13337,3.10612,False,False,c1ccccc1,RNPDUXVFGTULLP-VABKMULXSA-N,0.30281081788646663,1.8904152233937135,0.05777549087578512,-0.09020235870072063
Dihydrorotenone,,Unclassified,24,0.249396,0.35754,1.17822,3.24859,False,False,O=C1c2ccc3c(c2O[C@@H]2COc4ccccc4[C@H]12)CCO3,DTFARBHXORYQBF-HBGVWJBISA-N,0.21944038963869375,3.0566595129692056,0.09418203781435999,-0.03526838194872539
Vismodegib,SMO,Other,34,0.251394,0.167283,4.88782,132.664,False,False,O=C(Nc1cccc(-c2ccccn2)c1)c1ccccc1,BPQMGSKTAYIVFO-UHFFFAOYSA-N,0.13539690854784295,3.507693561375394,0.05162654307580572,-0.09349831607993547
HG-5-88-01,"TAK1, M4K2","Other, kinases",18,0.254117,0.169714,3.54991,34.8103,False,False,c1ccc(Nc2ccnc(Nc3ccc(N4CCCCC4)cc3)n2)cc1,IMEGLYUXMGWVQA-UHFFFAOYSA-N,0.08240255306500258,2.6039386734980936,0.06764562365916696,0.07289170392521765
Salubrinal,EIF2A,Other,14,0.256139,0.490467,3.85032,47.0081,False,False,O=C(/C=C/c1ccccc1)NCNC(=S)Nc1cccc2cccnc12,LCOIAYJMPKXARU-VAWYXSNFSA-N,0.11339644987096051,2.5764194656365094,0.04076308038217274,-0.03227864686266152
Taselisib,PI3K (beta sparing),PI3K/MTOR signaling,34,0.25625,0.0652395,2.20051,9.02959,False,False,c1n[nH]c(-c2cn3c(n2)-c2ccc(-c4cn[nH]c4)cc2OCC3)n1,BEUQXVWXFDOSAQ-UHFFFAOYSA-N,0.15033335795868932,2.437676465090633,0.10850680625736554,0.0630675372063399
PFI3,"Polybromo 1, SMARCA4, SMARCA2",Chromatin other,33,0.261579,0.226672,5.60731,272.409,False,False,O=C(/C=C/N1C[C@H]2C[C@@H]1CN2c1ccccn1)c1ccccc1,INAICWLVUAKEPB-QSTFCLMHSA-N,0.15817454160471606,3.7241864507304814,0.08896843339905086,-0.055016848712717226
Mitomycin-C,DNA crosslinker,DNA replication,32,0.265383,0.222175,-0.328353,0.720109,False,True,O=C1C=CC(=O)C2=C1CC1[C@H]3N[C@H]3CN21,NWIBSHFKIJFRCO-WUDYKRTCSA-N,0.3223347895739811,2.8329489555468252,0.11396224484401195,-0.09478339372475592
GSK-LSD1,KDM1,Chromatin histone methylation,24,0.266242,0.306115,2.87426,17.7124,False,False,c1ccc([C@@H]2C[C@H]2NC2CCNCC2)cc1,BASFYRLYJAZPPL-UONOGXRCSA-N,0.22349821844912582,4.234143640298412,0.07483071441962993,-0.137707432538064
CP466722,ATM,Genome integrity,33,0.267869,0.258323,2.71796,15.1494,False,False,c1ccc(-c2ncn(-c3ncnc4ccccc34)n2)nc1,ILBRKJBKDGCSCB-UHFFFAOYSA-N,0.28469547551070157,2.2468262933479948,0.03838302290245474,-0.026300444747728746
Veliparib,"PARP1, PARP2",Genome integrity,34,0.270444,0.0651098,4.75181,115.794,False,False,c1ccc2[nH]c(C3CCCN3)nc2c1,JNAHVYVRKWKWKQ-CYBMUJFWSA-N,0.1721441394237821,3.44285456816,0.05118030859408714,-0.06753264217270022
AGK2,"BAZ2A, BAZ2B",Chromatin histone acetylation,33,0.270662,0.118761,3.5132,33.5556,False,False,O=C(C=Cc1ccc(-c2ccccc2)o1)Nc1cccc2ncccc12,SVENPFFEMUOOGK-SDNWHVSQSA-N,0.1466428006130316,1.7423548500760646,0.08352273889668717,-0.043632856646415696
AST-1306,"EGFR, ERBB4",RTK signaling,33,0.271557,0.000825327,1.97119,7.1792,False,False,c1ccc(COc2ccc(Nc3ncnc4ccccc34)cc2)cc1,MVZGYPSXNDCANY-UHFFFAOYSA-N,0.42137846928484773,2.4864415905371424,0.0759687036050604,-0.004238475964669586
Ruxolitinib,"JAK1, JAK2","Other, kinases",34,0.273181,0.00990444,4.66075,105.716,False,False,c1nc(-c2cnn(CC3CCCC3)c2)c2cc[nH]c2n1,HFNKQEVNSGCOJV-OAHLLOKOSA-N,-0.03182291697528763,3.0792719385278082,0.046765059719595874,-0.03459203752894208
Sinularin,,Unclassified,24,0.277485,0.172915,3.91829,50.3142,False,False,C=C1C(=O)O[C@H]2CCC/C=C/CC[C@@H]3OC3CC[C@@H]1C2,YKKJETNBRNDYKN-JZZWRREUSA-N,0.1274456400179465,2.7131129189685725,0.06400021100705514,-0.1558805981128984
LJI308,"RSK2, RSK1, RSK3",PI3K/MTOR signaling,34,0.277938,0.097587,5.26984,194.385,False,False,c1ccc(-c2cnccc2-c2ccc(N3CCOCC3)cc2)cc1,YUYJEQHNWKQNBT-UHFFFAOYSA-N,-0.08390493028862286,3.3261381579523803,0.11892059996109125,-0.07022730091996643
PD0325901,"MEK1, MEK2",ERK MAPK signaling,34,0.278079,0.00369584,0.877909,2.40586,False,False,c1ccc(Nc2ccccc2)cc1,SUDAHWBOROXANE-SECBINFHSA-N,0.15843881462073056,2.4994336911994135,0.06181184365425995,-0.025144098628401945
CMK,RSK2,"Other, kinases",12,0.278199,0.475912,2.46268,11.7362,False,False,c1ccc(-c2c[nH]c3ncncc23)cc1,PELFTNQHGSITLB-UHFFFAOYSA-N,0.23963246268708155,3.633956666535197,0.05448608153218116,-0.004461375181407656
BMS-536924,"IGF1R, IR",IGF1R signaling,34,0.279692,0.0369202,2.42008,11.2468,False,False,O=c1[nH]ccc(NCCc2ccccc2)c1-c1nc2ccc(N3CCOCC3)cc2[nH]1,ZWVZORIKUNOTCS-OAQYLSRUSA-N,-0.15758165328196244,2.2608244135119517,0.17019938599055745,0.10307211552267409
GSK2578215A,LRRK2,"Other, kinases",33,0.280136,0.234859,5.19757,180.833,False,False,O=C(Nc1cccnc1)c1cc(-c2ccncc2)ccc1OCc1ccccc1,WCIGMFCFPXZRMQ-UHFFFAOYSA-N,0.3525537128156191,3.412277933861616,0.06290335752080169,-0.01116460958152643
MK-2206,"AKT1, AKT2",PI3K/MTOR signaling,34,0.282365,0.0664533,2.66109,14.3118,False,False,O=c1[nH]nc2c3cc(-c4ccccc4)c(-c4ccc(C5CCC5)cc4)nc3ccn12,ULDXWLCXEDXJGE-UHFFFAOYSA-N,0.3059760461841093,2.215724051578095,0.08575097267322977,0.03562042026270629
KIN001-260,CDC7,DNA replication,33,0.282427,0.056007,4.91543,136.378,False,False,c1ccc(-c2cc(C3CCNCC3)ccn2)c(OCC2CC2)c1,DYVFBWXIOCLHPP-UHFFFAOYSA-N,0.10993537701433209,2.3340710240118447,0.04446381975986492,-0.06931182882176468
GSK-LSD1-2HCl,LSD1,Chromatin histone methylation,25,0.282537,0.175477,2.8949,18.0817,False,False,c1ccc(C2CC2NC2CCNCC2)cc1,BASFYRLYJAZPPL-UHFFFAOYSA-N,0.22349821844912582,4.234143640298412,0.07483071441962993,-0.15724865224235218
GSK343,EZH2,Chromatin histone methylation,33,0.283107,0.0735498,3.78985,44.2496,False,False,O=C(NCc1ccc[nH]c1=O)c1cc(-c2ccnc(N3CCNCC3)c2)cc2[nH]ncc12,ULNXAWLQFZMIHX-UHFFFAOYSA-N,0.16112902936640827,2.7689785232103152,0.1694909536105392,0.08632841866848973
Ribociclib,"CDK4, CDK6",Cell cycle,34,0.283749,0.06461,3.84128,46.5849,False,False,c1cc(Nc2ncc3ccn(C4CCCC4)c3n2)ncc1N1CCNCC1,RHXHGRAEPCAFML-UHFFFAOYSA-N,0.06299784988301106,2.313054216369286,0.13110161368618833,0.04174668901965273
BIBR-1532,TERT,Genome integrity,33,0.28376,0.0706854,5.24955,190.481,False,False,O=C(C=Cc1ccc2ccccc2c1)Nc1ccccc1,PGFQXGLPJUCTOI-WYMLVPIESA-N,-0.05090399390388848,3.4452767286900654,0.08954120963245461,-0.07595512149119332
Tipifarnib,Farnesyl-transferase (FNTA),Other,31,0.284962,0.161313,2.08139,8.01559,False,False,O=c1cc(-c2ccccc2)c2cc(C(c3ccccc3)c3cnc[nH]3)ccc2[nH]1,PLHJCIYEEKOWNM-HHHXNRCGSA-N,0.21081156328563408,2.9054482641965373,0.08222610493555726,0.03412416618349273
AZD8835,"PI3Kalpha, PI3Kdelta",PI3K/MTOR signaling,32,0.284968,0.0809018,2.9496,19.0984,False,False,c1nnc(-c2cncc(-c3nc(C4CCNCC4)n[nH]3)n2)o1,ZGRDYKFVDCFJCZ-UHFFFAOYSA-N,0.17534199919118132,2.6183258920206334,0.13607496741840436,0.016751638428434024
Venetoclax,BCL2,Apoptosis regulation,33,0.286534,3.27113e-05,2.52561,12.4985,False,False,O=C(NS(=O)(=O)c1ccc(NCC2CCOCC2)cc1)c1ccc(N2CCN(CC3=C(c4ccccc4)CCCC3)CC2)cc1Oc1cnc2[nH]ccc2c1,LQBVNQSMGBZMKD-UHFFFAOYSA-N,0.20217258917669692,2.0486747734188886,0.13503831224446733,-0.07185484151452265
Doramapimod,"p38, JNK2",JNK and p38 signaling,34,0.28774,0.0656391,4.86006,129.032,False,False,O=C(Nc1ccc(OCCN2CCOCC2)c2ccccc12)Nc1ccnn1-c1ccccc1,MVCOAUNKQVWQHZ-UHFFFAOYSA-N,-0.06633579510731044,2.872950626365596,0.19244600751758736,0.06175920357831749
IWP-2,PORCN,WNT signaling,33,0.288703,0.153918,3.12137,22.6774,False,False,O=C(CSc1nc2c(c(=O)n1-c1ccccc1)SCC2)Nc1nc2ccccc2s1,WRKPZSMRWPJJDH-UHFFFAOYSA-N,0.1885168646795181,3.280426163013969,0.08330722829140033,0.07355063215290114
Sunitinib,"PDGFR, KIT, VEGFR, FLT3, RET, CSF1R",RTK signaling,12,0.289848,0.521122,2.92902,18.7092,False,False,O=C1Nc2ccccc2/C1=C/c1ccc[nH]1,WINHZLLDWRZWRT-ATVHPVEESA-N,0.1633430073299713,2.8344773098253326,0.11927581155563623,0.019637088418549997
KU-55933,ATM,Genome integrity,34,0.290319,0.0523453,4.76127,116.895,False,False,O=c1cc(-c2cccc3c2Sc2ccccc2S3)oc(N2CCOCC2)c1,XRKYMMUGXMWDAO-UHFFFAOYSA-N,-0.14993796135740836,3.2259616329809537,0.1148257827484072,-0.01556289626340307
CP724714,ERBB2,EGFR signaling,33,0.290928,0.111355,4.51646,91.5112,False,False,c1cncc(Oc2ccc(Nc3ncnc4ccccc34)cc2)c1,LLVZBTWPGQVVLW-SNAWJCMRSA-N,0.34355753279884077,2.218937988416828,0.09292594561203601,0.05385904485390969
Tamoxifen,ESR1,Hormone-related,34,0.292305,0.0845538,4.15118,63.5089,False,False,C(=C(c1ccccc1)c1ccccc1)c1ccccc1,NKANXQFJJICGDU-QPLCGJKRSA-N,0.20736573654753773,3.7256232536006384,0.05473687793820422,-0.009574315345721562
Niraparib,"PARP1, PARP2",Genome integrity,33,0.293017,0.118182,4.5541,95.0208,False,False,c1ccc2nn(-c3ccc([C@@H]4CCCNC4)cc3)cc2c1,PCHKPVIQAHNQLW-CQSZACIVSA-N,0.22165865868134663,3.6215483199702962,0.04204288063529581,-0.025910421097513958
GSK1904529A,"IGF1R, IR",IGF1R signaling,34,0.293136,0.0664533,3.58164,35.9323,False,False,O=C(Nc1ccccc1)c1cccc(-c2nc3ccccn3c2-c2ccnc(Nc3ccc(N4CCC(N5CCNCC5)CC4)cc3)n2)c1,MOSKATHMXWSZTQ-UHFFFAOYSA-N,0.13187871760421838,1.309124630870636,0.045475570138994476,-0.06268723027068085
"eEF2K Inhibitor, A-484954",eEF2K,"Other, kinases",33,0.293261,0.091357,5.74504,312.636,False,False,O=c1[nH]c(=O)n(C2CC2)c2ncccc12,HWODCHXORCTEGU-UHFFFAOYSA-N,0.2094619206052305,3.3725713771565076,0.07230611512073691,-0.1270630445467114
WZ3105,"SRC, ROCK2, NTRK2, FLT3, IRAK1, others",Other,33,0.296815,0.139822,0.795732,2.21606,False,False,c1ccc(Nc2nc(NC3CCCCC3)nc3[nH]cnc23)cc1,DGEBYERMQBTMHV-UHFFFAOYSA-N,-0.043792350524013215,2.8710385212276175,0.08197309137217708,0.08958768976718195
EPZ5676,DOT1L,Chromatin histone methylation,33,0.297073,0.0919693,5.83772,342.997,False,False,c1ccc2[nH]c(CCC3CC(NC[C@@H]4CC[C@H](n5cnc6cncnc65)O4)C3)nc2c1,LXFOLMYKSYSZQS-XKHGBIBOSA-N,0.30018208180509254,1.9765753721412704,0.10656094848454115,0.03953088469933891
QS11,ARFGAP1,Other,32,0.29965,0.176213,3.70593,40.6877,False,False,c1ccc(CCNc2nc(Oc3ccc4c(c3)CCC4)nc3c2ncn3Cc2ccc(-c3ccccc3)cc2)cc1,DOKZLKDGUQWMSX-HKBQPEDESA-N,0.33653953360807803,2.4512052753161897,0.1149804685610891,-0.050763721531666306
Venotoclax,BCL-2 selective,Apoptosis regulation,33,0.301216,1.21404e-06,1.17585,3.24089,False,False,O=C(NS(=O)(=O)c1ccc(NCC2CCOCC2)cc1)c1ccc(N2CCN(CC3=C(c4ccccc4)CCCC3)CC2)cc1Oc1cnc2[nH]ccc2c1,LQBVNQSMGBZMKD-UHFFFAOYSA-N,0.20217258917669692,2.0486747734188886,0.13503831224446733,-0.0651723042302868
AZD3514,AR,Hormone-related,33,0.301536,0.0480354,3.61527,37.1615,False,False,c1cc(C2CCN(C3=Nn4cnnc4CC3)CC2)ccc1OCCN1CCNCC1,JMEYDSHPKCSIJC-UHFFFAOYSA-N,0.02880439205633091,2.743483298801335,0.1074991794963455,0.0038790855835337257
Selumetinib,"MEK1, MEK2",ERK MAPK signaling,34,0.301967,0.00170464,3.29965,27.103,False,False,c1ccc(Nc2ccc3[nH]cnc3c2)cc1,CYOHGALHFOKKQC-UHFFFAOYSA-N,0.24060227175528726,2.551385822823365,0.023818588947838098,0.0345731364146572
Wee1 Inhibitor,"WEE1, CHEK1",Cell cycle,34,0.302235,0.0691521,2.36958,10.6929,False,False,O=C1NC(=O)c2c1c(-c1ccccc1)cc1[nH]c3ccccc3c21,DPEXRCOBPACFOO-UHFFFAOYSA-N,0.03396937103313188,0.8584785024461616,0.04478973450281215,-0.10297956535806763
CGP-082996,CDK4,Cell cycle,12,0.302465,0.470147,3.11673,22.5723,False,False,c1ccc(Cn2ccc3cc(Nc4nccc(NC5CCCCC5)n4)ccc32)cc1,YVXCDLCJCIDFHE-UHFFFAOYSA-N,0.10615994692088414,1.7839381738500015,0.05181667837248254,0.04872965095132947
Tozasertib,"AURKA, AURKB, AURKC, others",Mitosis,18,0.302868,0.208712,2.01126,7.47269,False,False,O=C(Nc1ccc(Sc2nc(Nc3cc[nH]n3)cc(N3CCNCC3)n2)cc1)C1CC1,GCIKSSRWRFVXBI-UHFFFAOYSA-N,0.17898650124604326,-0.14217482651428587,0.07747309220866104,0.11642528340306585
Teniposide,,DNA replication,24,0.303611,0.125853,1.07437,2.92815,False,False,O=C1OC[C@H]2[C@H]1[C@H](c1ccccc1)c1cc3c(cc1[C@H]2O[C@H]1CC[C@@H]2O[C@H](c4cccs4)OC[C@H]2O1)OCO3,NRUKOCRGYNPUPR-QBPJDGROSA-N,0.11638239306175237,-0.06720433354666662,0.1297227313615207,0.017601183424724554
AS605240,PI3Kgamma,PI3K/MTOR signaling,33,0.308316,0.0435666,3.46002,31.8176,False,False,O=C1NC(=O)/C(=C\c2ccc3nccnc3c2)S1,SQWZFLMPDUSYGV-UXBLZVDNSA-N,0.27416304360002985,3.6060895403333313,0.049265864289021424,-0.18395817488544625
P22077,"USP7, USP47",Protein stability and degradation,33,0.311153,0.0664533,4.87123,130.481,False,False,c1ccc(Sc2cccs2)cc1,RMAMGGNACJHXHO-UHFFFAOYSA-N,0.17445789192729438,2.684067358280764,0.03130987623586309,-0.09911985915336857
AZD8055,"MTORC1, MTORC2",PI3K/MTOR signaling,33,0.312002,0.035635,0.345745,1.41304,False,False,c1ccc(-c2ccc3c(N4CCOCC4)nc(N4CCOCC4)nc3n2)cc1,KVLFRAWTRWDEDF-IRXDYDNUSA-N,0.10971024480809985,2.0400793094623815,0.04922741236443233,0.04839848953825715
LMP744,TOP1,DNA replication,24,0.313137,0.20703,0.389808,1.4767,False,False,O=C1c2cc3c(cc2-c2[nH]c(=O)c4ccccc4c21)OCO3,QCSDJDQOJBQTDV-UHFFFAOYSA-N,0.1594655399616613,1.6029970162671416,0.06483727582404797,0.05748929641353823
GSK2110183B,"AKT1, AKT2, AKT3",PI3K/MTOR signaling,24,0.315041,0.117844,3.78384,43.9845,False,False,O=C(NCCc1ccccc1)c1cc(-c2ccn[nH]2)cs1,AFJRDFWMXUECEW-LBPRGKRZSA-N,0.19637179232526253,3.4138408880479973,0.1205498035349274,0.024052143763498735
I-CBP112,"EP300, CBP",Chromatin histone acetylation,28,0.315902,0.091357,4.70833,110.867,False,False,c1ccc(-c2cc3c(c(OC[C@H]4CCCNC4)c2)OCCNC3)cc1,YKNAKDFZAWQEEO-IBGZPJMESA-N,0.24323895143861882,3.433130254460446,0.0383618267654175,0.026925787934721113
Oxaliplatin,DNA alkylating agent,DNA replication,34,0.316378,0.0169082,4.73573,113.947,False,False,C1CCCCC1,DRMCATBEKSVAPL-BNTLRKBRSA-N,0.2992781219103058,2.1742544212114705,0.0,-0.227145868678127
UNC0642,"G9A, GLP",Chromatin histone methylation,32,0.318227,0.0455332,1.86579,6.46101,False,False,c1cc2c(NC3CCNCC3)nc(N3CCCCC3)nc2cc1OCCCN1CCCC1,RNAMYOYQYRYFQY-UHFFFAOYSA-N,0.3284756687168446,3.5287843423454515,0.04686885371954504,-0.2927032894881477
MIM1,MCL-1,Apoptosis regulation,33,0.318509,0.0403407,3.97571,53.2878,False,False,C(=N\n1ccsc1=NC1CCCCC1)/c1ccccc1,RGGFUBMUOVFZEF-CQPAABLISA-N,0.2843442495650316,1.9531119105153802,0.08480570306664222,-0.013414570601631148
Kobe2602,RAS effector,RTK signaling,33,0.323777,0.0903833,4.73963,114.392,False,False,S=C(NNc1ccccc1)Nc1ccccc1,NNPBSITXCGPXJC-UHFFFAOYSA-N,0.15086620507027113,2.333651936250435,0.032135499485737525,-0.08275990154584278
glutathione,anti-oxidant proteins,Other,24,0.324697,0.189077,9.455,12771.8,False,False,,RWSXRVCMGQZWBV-WDSKDSINSA-N,0.26733487569066317,3.5757620047240692,0.09747416949710754,-0.20098356854203722
FR-180204,"ERK1, ERK2",ERK MAPK signaling,33,0.326196,0.0538826,5.18058,177.785,False,False,c1ccc(-c2nn3ccccc3c2-c2cc3c[nH]nc3nn2)cc1,XVECMUKVOMUNLE-UHFFFAOYSA-N,0.27543933231287604,1.688162436603016,0.07350087445857365,-0.05312591804640987
NVP-BHG712,"EPHB4, RAF, SRC, ABL","Other, kinases",33,0.3266,0.0113121,3.52228,33.8616,False,False,O=C(Nc1ccccc1)c1cccc(Nc2nc(-c3cccnc3)nc3[nH]ncc23)c1,ZCCPLJOKGAACRT-UHFFFAOYSA-N,0.03283584091605833,2.577179492077461,0.23100862715871565,0.029040399864068422
Fulvestrant,ESR,Hormone-related,34,0.332882,0.0162815,4.0844,59.4062,False,False,c1ccc2c(c1)CC[C@@H]1[C@@H]2CCC2CCC[C@H]21,VWUXBMIQPBEWFH-WCCTWKNTSA-N,0.17844290764134765,1.302930562131227,0.05690730961668878,-0.3526832131474739
SB505124,"TGFBR1, ACVR1B, ACVR1C",RTK signaling,34,0.336577,0.06461,4.27864,72.1425,False,False,c1ccc(-c2[nH]cnc2-c2ccc3c(c2)OCO3)nc1,WGZOTBUYUFBEPZ-UHFFFAOYSA-N,0.05117069326685172,4.053438112119044,0.04631550901957461,-0.05099738836374884
SU11274,MET,RTK signaling,33,0.336683,0.015445,4.04825,57.2969,False,False,O=C1Nc2ccc(S(=O)(=O)Nc3ccccc3)cc2/C1=C/c1cc(C(=O)N2CCNCC2)c[nH]1,FPYJSJDOHRDAMT-KQWNVCNZSA-N,0.22591317497335509,2.434353208860633,0.08272418639340265,0.08584561154171777
MPS-1-IN-1,MPS1,Mitosis,33,0.337819,0.0706854,4.22122,68.1166,False,False,c1ccc(Nc2cc(Nc3ccc(N4CCCCC4)cc3)nc3[nH]ccc23)cc1,NMJMRSQTDLRCRQ-UHFFFAOYSA-N,0.060369586914224255,0.048854257848225044,0.05292071941429806,0.07407427227787056
YM201636,PIKFYVE,PI3K/MTOR signaling,33,0.341097,0.0304165,2.69185,14.759,False,False,O=C(Nc1cccc(-c2nc(N3CCOCC3)c3oc4ncccc4c3n2)c1)c1cccnc1,YBPIBGNBHHGLEB-UHFFFAOYSA-N,0.044676733685074715,2.1841375703119046,0.12088067258011345,0.034804102022206684
T0901317,"LXR, FXR",Other,33,0.341182,0.0212432,4.67271,106.987,False,False,O=S(=O)(Nc1ccccc1)c1ccccc1,SGIWFELWJPNFDH-UHFFFAOYSA-N,0.26078454318187505,3.4409728799318096,0.03084880325508252,-0.04590219613685809
WEHI-539,BCL-XL,Apoptosis regulation,34,0.343853,0.00142479,4.26611,71.2443,False,False,c1ccc(OCCCc2cnc(-c3ccc4c(c3)/C(=N/Nc3nc5ccccc5s3)CCC4)s2)cc1,JKMWZKPAXZBYEH-JWHWKPFMSA-N,0.16378630631063945,2.3370489080339674,0.06421096829534081,-0.0016794755896704094
AKT inhibitor VIII,"AKT1, AKT2, AKT3",PI3K/MTOR signaling,33,0.346388,0.0137272,2.88266,17.8618,False,False,O=c1[nH]c2ccccc2n1C1CCN(Cc2ccc(-c3[nH]c4cc5ncnc5cc4nc3-c3ccccc3)cc2)CC1,IWCQHVUQEFDRIW-UHFFFAOYSA-N,0.3922914871667546,0.12022282831238094,0.10140357902784078,-0.03414722290129946
Erlotinib,EGFR,EGFR signaling,33,0.346743,0.00711029,3.2003,24.5398,False,False,c1ccc(Nc2ncnc3ccccc23)cc1,AAKJLRGGTJKAMG-UHFFFAOYSA-N,0.3274960305823401,2.5480556667069827,0.06135748706622908,0.0415532624830669
OF-1,"BRPF1B, BRPF2",Chromatin histone acetylation,33,0.347752,0.10905,4.52454,92.2538,False,False,O=c1[nH]c2ccc(NS(=O)(=O)c3ccccc3)cc2[nH]1,YUNQZQREIHWDQT-UHFFFAOYSA-N,-0.047933764531371936,2.5792411039108556,0.021363362260934844,-0.020824913440245618
Picolinici-acid,Inflammatory related,Other,33,0.348405,0.101689,5.54098,254.929,False,False,c1ccncc1,SIOXPEMLGUPBBT-UHFFFAOYSA-N,0.18155502222711675,5.627082269923812,0.04027353238578869,-0.23473167182820995
AZD5153,BRD4,Chromatin other,24,0.350132,0.0642666,2.19842,9.01074,False,False,O=C1CN(CCOc2ccc(C3CCN(c4ccc5nncn5n4)CC3)cc2)CCN1,RSMYFSPOTCDHHJ-GOSISDBHSA-N,0.0789654078670679,2.190873702268255,0.08040111536617524,0.05293583216398695
Ara-G,Anti-metabolite,Other,33,0.353332,9.83406e-05,5.5431,255.468,False,False,O=c1[nH]cnc2c1ncn2[C@H]1CCCO1,NYHBQMYGNKIUIF-FJFJXFQQSA-N,0.26386326391333187,5.533510689549205,0.029914526364268737,-0.08418073764986689
Torin 2,mTOR,PI3K/MTOR signaling,31,0.356434,0.0071051,-0.333914,0.716115,False,True,O=c1ccc2cnc3ccc(-c4cccnc4)cc3c2n1-c1ccccc1,GUXXEUUYCAYESJ-UHFFFAOYSA-N,0.09454600072004608,1.2647880017569835,0.05161183483660383,-9.185373761283477e-05
GW441756,NTRK1,RTK signaling,34,0.357746,0.00441581,3.32384,27.7668,False,False,O=C1Nc2cccnc2/C1=C/c1c[nH]c2ccccc12,NXNQLECPAXXYTR-LCYFTJDESA-N,0.1260995165175916,4.193951058680954,0.07791854889879334,-0.10529483293973702
NPK76-II-72-1,PLK3,Cell cycle,33,0.362192,0.0129467,3.46391,31.9415,False,False,O=C1CCN(C2CCCC2)c2nc(Nc3ccc(C(=O)NC4CCNCC4)cc3)ncc2N1,KZLQLABUFJNPSZ-UHFFFAOYSA-N,0.19944569105027762,1.1011812387978768,0.029884688377304607,0.025523812880842767
XMD14-99,"ALK, CDK7, LTK, others","Other, kinases",33,0.363704,0.0202043,4.70939,110.985,False,False,O=C(c1ccccc1)c1cnc(Nc2ccc(N3CCNCC3)cc2)s1,UISRWLSAXIOCND-UHFFFAOYSA-N,0.024805610965768873,2.985015898136192,0.025967442615263892,0.08427139823400182
Ispinesib Mesylate,KSP,Mitosis,33,0.364617,0.0664533,-1.33458,0.263269,False,True,O=C(NCc1nc2ccccc2c(=O)n1Cc1ccccc1)c1ccccc1,QJZRFPJCWMNVAV-HHHXNRCGSA-N,0.2051300077814676,1.4641731011095225,0.10767092622116858,0.0031420246098506355
Lenalidomide,CRBN,Protein stability and degradation,34,0.368794,0.00690145,4.87428,130.88,False,False,O=C1CCC(N2Cc3ccccc3C2=O)C(=O)N1,GOTYRUGSSMKFNF-UHFFFAOYSA-N,0.20006154407553695,2.7365564683661847,0.05138200766373549,-0.1746635040123914
WHI-P97,JAK3,"Other, kinases",33,0.369441,0.0129467,4.36611,78.7366,False,False,c1ccc(Nc2ncnc3ccccc23)cc1,YVCXQRVVNQMZEI-UHFFFAOYSA-N,0.34307964092553234,3.404285122806983,0.054740902185000176,-0.054596116933411765
CPI-637,EP300,Chromatin histone methylation,25,0.369864,0.0655187,4.68086,107.863,False,False,O=C1CCNc2c(cccc2-c2ccc3[nH]nc(-c4cn[nH]c4)c3c2)N1,BFTKDWYIRJGJCA-CYBMUJFWSA-N,0.15894775621495297,1.9989807488476197,0.08198513731174437,0.050395831594719775
PRIMA-1MET,TP53 activation,p53 pathway,33,0.372518,0.0909601,5.08715,161.928,False,False,O=C1CN2CCC1CC2,BGBNULCRKBVAKL-UHFFFAOYSA-N,0.3422259565474267,5.543236216012698,0.012178229487517634,-0.35387779206991193
Acetalax,,Unclassified,24,0.373704,0.0813554,5.51939,249.482,False,False,O=C1Nc2ccccc2C1(c1ccccc1)c1ccccc1,PHPUXYRXPHEJDF-UHFFFAOYSA-N,0.26984860996256893,2.8114614960175235,0.02921442066658275,0.022840203152020122
Fludarabine,Antimetabolite,DNA replication,24,0.374752,0.114336,5.49345,243.094,False,False,c1ncc2ncn([C@H]3CCCO3)c2n1,HBUBKKRHXORPQB-FJFJXFQQSA-N,0.28845673339596084,4.145908116829335,0.03563749390688382,-0.07364907120751507
Flavopiridol,CDK,Cell cycle,33,0.374882,0.0262327,-0.74869,0.472986,False,True,O=c1cc(-c2ccccc2)oc2c(C3CCNCC3)cccc12,BIIVYFLTOXDAOV-YVEFUNNKSA-N,0.08807849716859631,1.428437761448569,0.07447157911360754,0.03445016124109379
GNF-2,BCR-ABL,ABL signaling,12,0.376853,0.223952,2.69685,14.8329,False,False,c1ccc(Nc2cc(-c3ccccc3)ncn2)cc1,WEVYNIUIFUYDGI-UHFFFAOYSA-N,0.24144378031622232,3.1800339312247616,0.06401839793376654,-0.08963027091886533
ACY-1215,HDAC6,Chromatin histone acetylation,33,0.377723,0.00722645,2.20895,9.10611,False,False,c1ccc(N(c2ccccc2)c2ncccn2)cc1,QGZYDVAGYRLSKP-UHFFFAOYSA-N,0.14656379521600377,1.1194035980054438,0.037998415691890955,0.02330379371995267
Zoledronate, ,Other,24,0.383172,0.0381106,4.21489,67.6869,False,False,c1c[nH]cn1,XRASPMIURGNCCH-UHFFFAOYSA-N,0.30638794916248396,4.041604523488413,0.02711818048154621,-0.15676006947326537
alpha-lipoic acid,Metabolism,Metabolism,25,0.384203,0.0716473,8.02088,3043.84,False,False,C1CSSC1,AGBQKNBQESQNJD-UHFFFAOYSA-N,0.25454573361361543,5.088034635765777,0.036149262894563106,-0.2881668196656739
Lapatinib,"EGFR, ERBB2",EGFR signaling,34,0.386547,0.0127134,3.68341,39.7817,False,False,c1ccc(COc2ccc(Nc3ncnc4ccc(-c5ccco5)cc34)cc2)cc1,BCFGMOOMADDAQU-UHFFFAOYSA-N,0.4187631633441667,2.47634688973746,0.042069249397200185,-0.019666784400235948
GSK626616AC,DYRK1A,"Other, kinases",24,0.387659,0.0471741,1.29867,3.66442,False,False,O=C1NC(=Nc2ccccc2)S/C1=C\c1ccc2nccnc2c1,RJPNRXFBYZVRIB-DHDCSXOGSA-N,0.21817788352476308,3.3932740843939695,0.0703992998021101,-0.0723769092003384
Panobinostat,HDAC,Chromatin histone acetylation,33,0.388917,0.00231785,-2.49587,0.0824246,False,True,c1ccc(CNCCc2c[nH]c3ccccc23)cc1,FPOHNWQLNRZRFC-ZHACJKMWSA-N,0.2577414240573559,0.7635475555859043,0.044091140842716155,-0.07306741816623236
EPZ004777,DOT1L,Chromatin histone methylation,33,0.390909,0.0113121,5.52749,251.512,False,False,O=C(NCCCNC[C@@H]1CC[C@H](n2ccc3cncnc32)O1)Nc1ccccc1,WXRGFPHDRFQODR-ICLZECGLSA-N,0.30576534217992607,3.2678319413634913,0.10168358372270236,0.07920942695115041
Trichostatin A,HDAC,Chromatin histone acetylation,33,0.392899,0.0152633,-0.918744,0.39902,False,True,c1ccccc1,RTKIYFITIVXBLE-QEQCGCAPSA-N,0.09866165025119455,2.5859889861166363,0.06379382245645336,-0.11634809102006705
Wnt-C59,PORCN,WNT signaling,34,0.393239,0.00518193,3.79925,44.6674,False,False,O=C(Cc1ccc(-c2ccncc2)cc1)Nc1ccc(-c2cccnc2)cc1,KHZOJCQBHJUJFY-UHFFFAOYSA-N,0.18424039939344508,3.659807729788253,0.07983007418189457,-0.003608072124755557
KRAS (G12C) Inhibitor-12,KRAS (G12C),ERK MAPK signaling,33,0.393539,0.06461,5.04937,155.924,False,False,O=C(CNc1ccccc1)N1CCNCC1,JFIFBWVNHLXJFY-UHFFFAOYSA-N,0.20396897900248054,1.393609251785556,0.05476631767793792,-0.03019811475837919
SGC-CBP30,"EP300, CBP",Chromatin histone acetylation,24,0.394027,0.146296,4.56828,96.3781,False,False,c1ccc(CCc2nc3cc(-c4cnoc4)ccc3n2CCN2CCOCC2)cc1,GEPYBHCJBORHCE-SFHVURJKSA-N,0.1365197057843056,2.7891227359769513,0.18530690320720475,0.0665905084127022
GSK2830371,WIP1,Other,24,0.397285,0.0149501,5.87661,356.598,False,False,O=C(N[C@@H](CC1CCCC1)C(=O)NC1CC1)c1ccc(CNc2cccnc2)s1,IVDUVEGCMXCMSO-FQEVSTJZSA-N,0.13606642670017077,3.085351540073109,0.09839759295203719,-0.10882330535879398
Crizotinib,"MET, ALK, ROS1",RTK signaling,34,0.398571,0.0169082,3.12262,22.7059,False,False,c1ccc(COc2cncc(-c3cnn(C4CCNCC4)c3)c2)cc1,KTEIFNKAUNYNJU-GFCCVEGCSA-N,0.07990223892336472,3.170429753730161,0.02922942965838059,0.047464723169748035
Enzastaurin,PKCB,"Other, kinases",33,0.398739,0.0406516,3.86211,47.5658,False,False,O=C1NC(=O)C(c2cn(C3CCN(Cc4ccccn4)CC3)c3ccccc23)=C1c1c[nH]c2ccccc12,AXRCEOKUDYDWLF-UHFFFAOYSA-N,0.16636875169645202,2.0603643056633327,0.061060121191371164,0.0718496962119971
Dabrafenib,BRAF,ERK MAPK signaling,34,0.40171,0.00129595,4.54772,94.4171,False,False,O=S(=O)(Nc1cccc(-c2ncsc2-c2ccncn2)c1)c1ccccc1,BFSMGDJOXZAERB-UHFFFAOYSA-N,0.17094958344243627,2.364113167610475,0.04079177390787306,0.05203348652376755
PHA-793887,"CDK2, CDK7, CDK5",Cell cycle,33,0.40912,0.0117914,3.22423,25.1342,False,False,O=C(C1CCNCC1)N1Cc2cn[nH]c2C1,HUXYBQXJVXOMKX-UHFFFAOYSA-N,0.19604680485213513,2.675068549567401,0.0939201877488685,-0.19040281397401157
Alectinib,ALK,RTK signaling,32,0.410359,5.18791e-05,4.09691,60.1541,False,False,O=C1c2ccc(N3CCC(N4CCOCC4)CC3)cc2Cc2[nH]c3ccccc3c21,KDGFLJKFZUIJMX-UHFFFAOYSA-N,0.12547605523448782,2.3244213416526978,0.07522799060436466,0.04445197085039038
ZSTK474,PI3K (class 1),PI3K/MTOR signaling,33,0.412764,0.0164522,1.52693,4.60401,False,False,c1ccc2c(c1)ncn2-c1nc(N2CCOCC2)nc(N2CCOCC2)n1,HGVNLRPZOWWDKD-UHFFFAOYSA-N,-0.20954964777548465,1.6373329851253973,0.1509462725675819,0.020892831615008378
GW843682X,PLK1,Cell cycle,12,0.416402,0.361533,-1.67159,0.187948,False,True,c1ccc(COc2csc(-n3cnc4ccccc43)c2)cc1,JSKUWFIZUALZLX-UHFFFAOYSA-N,0.10310601758447929,3.020890006769526,0.1252933511914404,0.05842215493516445
A-83-01,TGFB,Other,33,0.417044,0.0137214,4.46791,87.1741,False,False,S=C(Nc1ccccc1)n1cc(-c2ccnc3ccccc23)c(-c2ccccn2)n1,HIJMSZGHKQPPJS-UHFFFAOYSA-N,0.19457247733197597,2.1570264898104785,0.07781308115768401,-0.006505781219700191
Nelarabine,,DNA replication,24,0.42073,0.00990444,6.45812,637.862,False,False,c1ncc2ncn([C@H]3CCCO3)c2n1,IXOXBSCIXZEQEQ-UHTZMRCNSA-N,0.26518244442598143,4.281148967791592,0.034758356148360724,-0.06846751733511863
MK-8776,"CHEK1, CHEK2, CDK2",Cell cycle,33,0.42545,0.00342984,3.74717,42.4008,False,False,c1n[nH]cc1-c1cnn2ccc([C@@H]3CCCNC3)nc12,GMIZZEXBPRLVIV-SECBINFHSA-N,0.09988069053794743,2.158658368028411,0.05517636514067856,0.007289047662802417
VE821,ATR,Genome integrity,34,0.431479,0.00342984,4.61778,101.269,False,False,O=C(Nc1ccccc1)c1cncc(-c2ccccc2)n1,DUIHHZKTCSNTGM-UHFFFAOYSA-N,0.3401069642296059,3.8522105636225974,0.0923748974505792,-0.0997947265658265
Osimertinib,EGFR,EGFR signaling,33,0.437166,0.00105242,2.20937,9.10995,False,False,c1ccc(Nc2nccc(-c3c[nH]c4ccccc34)n2)cc1,DUYJMQONPNNFPI-UHFFFAOYSA-N,-0.061354821315796275,2.9916141569135353,0.08004983026908405,0.07859044075142513
AZD3759,EGFR,EGFR signaling,34,0.437414,0.000704475,2.98,19.6878,False,False,O=C(Oc1ccc2ncnc(Nc3ccccc3)c2c1)N1CCNCC1,MXDSJQHFFDGFDK-CYBMUJFWSA-N,0.3828435281428175,3.221331803545713,0.03132242196352939,0.06758843554857469
AGI-6780,IDH2 R140Q mutant,Metabolism,34,0.440553,0.00285587,3.29027,26.8501,False,False,O=C(Nc1ccccc1)Nc1cc(S(=O)(=O)NC2CC2)ccc1-c1ccsc1,CCAWRGNYALGPQH-UHFFFAOYSA-N,0.26647047073544833,2.6071245813520654,0.07006676069236846,0.05523107920063525
PAC-1,"Procaspase-3, Procaspase-7",Apoptosis regulation,30,0.447213,0.00704911,2.72237,15.2163,False,False,O=C(CN1CCN(Cc2ccccc2)CC1)N/N=C/c1ccccc1,YQNRVGJCPCNMKT-LFVJCYFKSA-N,0.3345165144109063,1.3075307352175316,0.1254419089097614,0.035698787206134674
5-Fluorouracil,Antimetabolite (DNA & RNA),Other,34,0.447218,0.00342984,4.75888,116.616,False,False,O=c1cc[nH]c(=O)[nH]1,GHASVSINZRGABV-UHFFFAOYSA-N,0.09136144505354016,5.892519527015875,0.007302556272091104,-0.26531701627295523
GSK1070916,"AURKA, AURKC",Mitosis,31,0.44781,0.000560273,2.50246,12.2125,False,False,c1ccc(-c2cc3c(-c4c[nH]nc4-c4ccccc4)ccnc3[nH]2)cc1,QTBWCSQGBMPECM-UHFFFAOYSA-N,0.17611837558587637,-0.11265455205145734,0.11353709481535865,0.05228908840165525
Tubastatin A,"HDAC1, HDAC6, HDAC8",Chromatin histone acetylation,33,0.448188,0.00408154,4.98078,145.588,False,False,c1ccc(Cn2c3c(c4ccccc42)CNCC3)cc1,GOVYBPLHWIEHEJ-UHFFFAOYSA-N,0.23685692121347296,3.487558191027609,0.04780943793657657,0.04330050565564719
SB590885,BRAF,ERK MAPK signaling,34,0.449356,9.63876e-05,4.53087,92.8388,False,False,N=C1CCc2cc(-c3nc(-c4ccccc4)[nH]c3-c3ccncc3)ccc21,MLSAQOINCGAULQ-UHFFFAOYSA-N,0.250105622241434,2.84551643997016,0.0749129558532295,0.0831418707236739
NVP-ADW742,IGF1R,IGF1R signaling,33,0.450716,0.0137272,3.54494,34.6376,False,False,c1ccc(COc2cccc(-c3cn(C4CC(CN5CCCC5)C4)c4ncncc34)c2)cc1,LSFLAQVDISHMNB-UHFFFAOYSA-N,0.13029658723333357,3.035830851564792,0.05279371012036842,0.08769913967398996
Imatinib,"ABL, KIT, PDGFR","Other, kinases",12,0.45376,0.00335776,3.2139,24.8758,False,False,O=C(Nc1cccc(Nc2nccc(-c3cccnc3)n2)c1)c1ccc(CN2CCNCC2)cc1,KTUFNOKKBVMGRW-UHFFFAOYSA-N,0.07170742687912474,3.2315746913749193,0.15441674273485176,0.056869909679943154
AICA Ribonucleotide,AMPK agonist,Metabolism,33,0.455183,0.0169082,8.3717,4322.99,False,False,c1cn([C@H]2CCCO2)cn1,NOTGFIUVDGNKRI-UUOKFMHZSA-N,0.28500001962346533,3.7550489256046005,0.07204179677469172,-0.11933984510102214
Pilaralisib,PI3K,PI3K/MTOR signaling,33,0.459821,0.013858,3.7491,42.4826,False,False,O=S(=O)(Nc1nc2ccccc2nc1Nc1ccccc1)c1ccccc1,QINPEPAQOBZPOF-UHFFFAOYSA-N,0.24187309375071417,2.449067259466189,0.12900976752372953,-0.010710101044820286
LGK974,PORCN,WNT signaling,34,0.461552,0.000560273,3.852,47.0872,False,False,O=C(Cc1ccc(-c2ccncc2)nc1)Nc1ccc(-c2cnccn2)cn1,XXYGTCZJJLTAGH-UHFFFAOYSA-N,0.3075200090568633,3.527099603103865,0.0914856732986725,0.010545937003102968
Pelitinib,EGFR,EGFR signaling,33,0.462096,0.00456896,2.55861,12.9179,False,False,c1ccc(Nc2ccnc3ccccc23)cc1,WVUNYSQLFKLYNI-AATRIKPKSA-N,0.43294940418563765,3.2332529489184125,0.048486461433207347,-0.005523643248411092
GSK2830371A,PPM1D,Other,24,0.469382,0.0173829,5.68208,293.558,False,False,O=C(N[C@@H](CC1CCCC1)C(=O)NC1CC1)c1ccc(CNc2cccnc2)s1,IVDUVEGCMXCMSO-FQEVSTJZSA-N,0.13606642670017077,3.085351540073109,0.09839759295203719,0.05033123352492347
SCH772984,"ERK1, ERK2",ERK MAPK signaling,33,0.470959,0.00205074,3.30125,27.1467,False,False,O=C(Nc1ccc2[nH]nc(-c3ccncc3)c2c1)[C@@H]1CCN(CC(=O)N2CCN(c3ccc(-c4ncccn4)cc3)CC2)C1,HDAJDNHIBCDLQF-RUZDIDTESA-N,0.23333925836806702,2.437467730060316,0.08753235222484805,0.05236796632663965
VX-11e,ERK2,ERK MAPK signaling,34,0.471032,0.0027636,3.40718,30.18,False,False,O=C(NCc1ccccc1)c1cc(-c2ccnc(Nc3ccccc3)n2)c[nH]1,WUTVMXLIGHTZJC-OAQYLSRUSA-N,0.3010263361050865,2.8609303494417015,0.06521933094122383,0.03241278515343243
GSK2801,,Chromatin other,24,0.472034,0.0511818,5.40058,221.535,False,False,c1ccc(-c2ccn3ccccc23)cc1,KHWCPNJRJCNVRI-UHFFFAOYSA-N,0.24435977973300896,3.618468373766465,0.046013044217573,-0.019242209238049257
A-366,"EHMT1, EHMT2",Chromatin histone methylation,25,0.473992,0.00205758,5.35704,212.097,False,False,C1=Nc2cc(OCCCN3CCCC3)ccc2C12CCC2,BKCDJTRMYWSXMC-UHFFFAOYSA-N,0.2648534300716579,3.7786756637470744,0.06218791379501109,-0.10342154292277317
AZD5582,IAP,Other,33,0.474683,0.0134737,2.9985,20.0555,False,False,O=C(N[C@H]1c2ccccc2C[C@H]1OCC#CC#CCO[C@@H]1Cc2ccccc2[C@@H]1NC(=O)[C@@H]1CCCN1C(=O)CC1CCCCC1)[C@@H]1CCCN1C(=O)CC1CCCCC1,WLMCRYCCYXHPQF-ZVMUOSSASA-N,0.2365462923071322,0.6969962265907141,0.10506189160073719,-0.06628707970308506
Pemetrexed,TYMS,DNA replication,33,0.477553,8.97155e-05,3.61619,37.1956,False,False,O=c1[nH]cnc2[nH]cc(CCc3ccccc3)c12,WBXPDJSOTKVWSJ-ZDUSSCGKSA-N,0.12695078222032916,0.7834532655961899,0.07293935843966118,0.01954781408429923
VX-702,p38,JNK and p38 signaling,33,0.479615,0.000743588,3.24811,25.7417,False,False,c1ccc(Nc2cccc(-c3ccccc3)n2)cc1,FYSRKRZDBHOFAY-UHFFFAOYSA-N,0.3031454000334995,2.5999151854096514,0.06083309332391457,-0.14487035779459595
PF-00299804,"EGFR, ERBB2, ERBB4",RTK signaling,33,0.481892,1.3569e-06,2.45004,11.5888,False,False,O=C(/C=C/CN1CCCCC1)Nc1ccc2ncnc(Nc3ccccc3)c2c1,LVXJQMNHJWSHET-AATRIKPKSA-N,0.4763334149589956,3.2994827341507937,0.03318373868508234,0.07054765004059171
Dacarbazine,CP11A,Other,24,0.486177,0.0278765,6.05167,424.823,False,False,c1c[nH]cn1,FDKXTQMXEQVLRF-ZHACJKMWSA-N,0.21710896619418468,5.443878809232123,0.03067533217326369,-0.22677745179758166
I-BRD9,BRD9,Chromatin other,33,0.49705,0.00204181,4.98628,146.391,False,False,O=c1[nH]cc(-c2ccccc2)c2sc(C=NC3CCS(=O)(=O)CC3)cc12,WRUWGLUCNBMGPS-UHFFFAOYSA-N,0.2217336849113508,2.421151292111587,0.07550208004725481,0.06131381637347538
WZ4003,"NUAK1, NUAK2","Other, kinases",33,0.498525,0.00704711,4.83836,126.262,False,False,c1ccc(Oc2ccnc(Nc3ccc(N4CCNCC4)cc3)n2)cc1,SDGJBAUIGHSMRI-UHFFFAOYSA-N,-0.08738580273441299,2.7092323181209546,0.1268418095623207,0.06427863642063886
PRT062607,SYK,"Other, kinases",33,0.501052,0.00582538,3.8706,47.9711,False,False,c1cc(Nc2ccnc(NC3CCCCC3)n2)cc(-n2nccn2)c1,TXGKRVFSSHPBAJ-JKSUJKDBSA-N,0.1775146113087872,2.957325713026191,0.09311989569332299,0.047988108222537185
Gefitinib,EGFR,EGFR signaling,34,0.502947,1.21404e-06,2.5907,13.3391,False,False,c1ccc(Nc2ncnc3ccc(OCCCN4CCOCC4)cc23)cc1,XGALLCVXEZPNRQ-UHFFFAOYSA-N,0.34707859692914705,3.4627642630526996,0.04630867339477045,0.05293609905765373
TPCA-1,IKK2,"Other, kinases",33,0.503201,0.00250776,3.81209,45.2448,False,False,c1ccc(-c2cccs2)cc1,SAYGKHKXGCPTLX-UHFFFAOYSA-N,0.13540417440206404,3.691517937475363,0.03646151994423467,-0.18114579724273966
NSC-207895,MDM4,p53 pathway,33,0.505952,0.0278253,4.68114,107.893,False,False,c1cc(N2CCNCC2)c2[nH+]onc2c1,MWFZDJLPWDCQIL-UHFFFAOYSA-N,0.16318937765428318,3.431813142325685,0.012089905875245098,-0.052276185477856396
Methotrexate,Antimetabolite,DNA replication,34,0.506598,0.001053,0.955125,2.59899,False,False,c1ccc(NCc2cnc3ncncc3n2)cc1,FBOZXECLQNJBKD-ZDUSSCGKSA-N,0.13199959588867335,0.8200975007828567,0.10946900104480296,0.03333501837972819
UNC0379,SETD8,Chromatin histone methylation,25,0.511221,0.0154755,4.23944,69.3691,False,False,c1ccc2c(NCCCCCN3CCCC3)nc(N3CCCC3)nc2c1,WEXCGGWTIDNVNT-UHFFFAOYSA-N,0.29248961357360104,2.910460042146665,0.06239757301078453,-0.028103291309618306
Alpelisib,PI3Kalpha,PI3K/MTOR signaling,33,0.512878,0.00929477,4.09971,60.3231,False,False,O=C(Nc1ncc(-c2ccncc2)s1)N1CCCC1,STUWGJZDJHPWGZ-LBPRGKRZSA-N,0.2629413358167538,2.570147412193811,0.1265162324608445,-0.025862063881674946
Ibrutinib,BTK,"Other, kinases",33,0.515827,0.00100086,4.98432,146.104,False,False,c1ccc(Oc2ccc(-c3nn([C@@H]4CCCNC4)c4ncncc34)cc2)cc1,XYFPWWZEPKGCCK-GOSISDBHSA-N,0.11207732558058509,2.9452780227298456,0.08434397108586167,0.09056073755777677
Dacinostat,HDAC1,Chromatin histone acetylation,32,0.523449,0.00582149,-2.15264,0.116177,False,True,c1ccc(CNCCc2c[nH]c3ccccc23)cc1,BWDQBBCUWLSASG-MDZDMXLPSA-N,0.24696423988876054,1.380522791442446,0.1173234947529717,-0.04344481056638505
Elephantin,,Unclassified,24,0.531182,0.0500542,4.35945,78.2141,False,False,C=C1C(=O)O[C@H]2[C@H]1CCC1=C[C@@H](CC3O[C@@H]32)OC1=O,HSTUUCOYVIWGLJ-DXUAHVLSSA-N,0.026748387577949135,0.4818688209944447,0.07278917208632764,-0.07210364334817909
Vorinostat,"HDAC inhibitor Class I, IIa, IIb, IV",Chromatin histone acetylation,34,0.532511,0.000689186,1.86181,6.43534,False,False,c1ccccc1,WAEXFXRVDQXREF-UHFFFAOYSA-N,0.12067615831518987,4.831031734504835,0.02054720972701691,-0.12923313004842318
Leflunomide,Pyrimidine synthesis inhibitor,DNA replication,33,0.534542,0.00163627,5.52613,251.171,False,False,O=C(Nc1ccccc1)c1cnoc1,VHOGYURTWQBHIL-UHFFFAOYSA-N,0.08113462400971089,3.788822653950796,0.0904412797911604,-0.2103284892914486
Sapitinib,"EGFR, ERBB2, ERBB3",EGFR signaling,34,0.534973,9.36798e-05,4.66266,105.917,False,False,c1ccc(Nc2ncnc3ccc(OC4CCNCC4)cc23)cc1,DFJSJLGUIXFDJP-UHFFFAOYSA-N,0.37856119234748614,2.7680135679706357,0.016892938191243545,0.05945313784724343
PCI-34051,"HDAC8, HDAC6, HDAC1",Chromatin histone acetylation,33,0.538626,0.00129595,5.08285,161.232,False,False,c1ccc(Cn2ccc3ccccc32)cc1,AJRGHIGYPXNABY-UHFFFAOYSA-N,0.16756426972568292,3.0456629779400344,0.04417522648773733,-0.07915521669367137
ABT737,"BCL2, BCL-XL,  BCL-W, BCL-B, BFL1",Apoptosis regulation,33,0.561881,9.36798e-05,3.02986,20.6942,False,False,O=C(NS(=O)(=O)c1ccc(NCCSc2ccccc2)cc1)c1ccc(N2CCN(Cc3ccccc3-c3ccccc3)CC2)cc1,HPLNQCPCUACXLM-PGUFJCEWSA-N,0.26988193226414847,2.4521504113739696,0.11930884827047193,-0.056837729700639605
NSC319726,P53 Mut specific,p53 pathway,33,0.566841,0.00342984,-1.95157,0.142051,False,True,S=C(NN=Cc1ccccn1)N1CCC1,XDHBUMNIQRLHGO-UKTHLTGXSA-N,0.15480426160988087,4.4424132279704125,0.06518949547387808,-0.20172213766808927
ICL-SIRT078,SIR2,Other,24,0.568997,0.0173829,5.07665,160.237,False,False,O=c1c2c3c(sc2ncn1Cc1cccc2ccccc12)CC(NCc1cccnc1)CC3,UEJBOCXPGHSONP-UHFFFAOYSA-N,0.3437875142186946,2.898660336904129,0.09114007770930702,0.06960735852755817
Afatinib,"EGFR, ERBB2",EGFR signaling,34,0.570467,1.60004e-09,2.76114,15.8179,False,False,c1ccc(Nc2ncnc3cc(O[C@H]4CCOC4)ccc23)cc1,ULXXDDBFHOBEHA-CWDCEQMOSA-N,0.4592916976451328,3.3499338586590497,0.05975140448279884,0.10408419051540357
AZD1208,"PIM1, PIM2, PIM3","Other, kinases",33,0.573653,0.00100086,4.67636,107.379,False,False,O=C1NC(=O)/C(=C/c2cccc(-c3ccccc3)c2N2CCCCC2)S1,MCUJKPPARUPFJM-UWCCDQBKSA-N,0.2852122246002674,3.430591066144475,0.06556694673621988,-0.09255474939437713
HKMTI-1-005,,Unclassified,24,0.575922,0.0191127,4.68489,108.298,False,False,c1ccc(CN2CCC(Nc3nc(N4CCNCC4)nc4ccccc34)CC2)cc1,LDFAJFPHFKEJOI-UHFFFAOYSA-N,0.32080966218213985,2.4332930886090467,0.03538195256898742,0.05999317522514991
AT-7519,"CDK1, CDK2, CDK4, CDK6, CDK9",Cell cycle,31,0.578814,0.00529108,1.99924,7.38343,False,False,O=C(Nc1cn[nH]c1C(=O)NC1CCNCC1)c1ccccc1,OVPNQJVDAFNBDN-UHFFFAOYSA-N,0.1015813333800799,2.3908973973618015,0.10184776327150917,-0.012683561221625783
VE-822,ATR,Genome integrity,33,0.579361,0.00142479,4.16366,64.3062,False,False,c1ccc(-c2cc(-c3cncc(-c4ccccc4)n3)on2)cc1,JZCWLJDSIRUGIN-UHFFFAOYSA-N,0.28578751736953245,3.112307530857937,0.06693262274863249,0.06102275732096213
Entinostat,"HDAC1, HDAC3",Chromatin histone acetylation,33,0.587153,0.000454417,2.69476,14.8019,False,False,O=C(NCc1ccc(C(=O)Nc2ccccc2)cc1)OCc1cccnc1,INVTYAOGFAGBOE-UHFFFAOYSA-N,0.019751510371541634,1.9129477565036321,0.08373353001166177,-0.06299415062838781
AZD5991,MCL1,Apoptosis regulation,24,0.591389,0.000329146,5.40021,221.453,False,False,c1ccc2c3cc(cc2c1)SCc1cc(n[nH]1)CSCc1n[nH]cc1-c1cccc2c(c[nH]c12)CCCO3,KBQCEQAXHPIRTF-UHFFFAOYSA-N,0.07592323301694846,-0.1788629192690188,0.13980433064088443,-0.112014806127408
ML323,"USP1, UAF1",Protein stability and degradation,33,0.594887,0.00488062,5.16066,174.279,False,False,c1ccc(-c2nccc(NCc3ccc(-n4ccnn4)cc3)n2)cc1,VUIRVWPJNKZOSS-UHFFFAOYSA-N,0.34393893332709574,0.6257037654131745,0.081202281683471,0.05810341802627028
Ulixertinib,"ERK1, ERK2",ERK MAPK signaling,33,0.598978,0.000230496,3.46247,31.8955,False,False,O=C(NCc1ccccc1)c1cc(-c2ccncc2)c[nH]1,KSERXGMCDHOLSS-LJQANCHMSA-N,0.23183653946315294,3.149766014065937,0.025300560817828624,0.022253531736130483
BMS-345541,"IKK-1, IKK-2",Other,34,0.604878,0.00104356,3.82993,46.0595,False,False,c1ccc2c(c1)ncc1nccn12,PSPFQEBFYXJZEV-UHFFFAOYSA-N,0.2370465364057299,3.828566516902395,0.07695194764561337,-0.05763423211606755
Bosutinib,"SRC, ABL, TEC","Other, kinases",34,0.606633,1.34971e-05,3.06474,21.4288,False,False,c1ccc(Nc2ccnc3cc(OCCCN4CCNCC4)ccc23)cc1,UBPYILGKFZZVDX-UHFFFAOYSA-N,0.27712441196691556,3.1771330959711146,0.028501686544933635,0.0813094011804909
CD532,AURKA,Mitosis,33,0.612644,9.29276e-06,0.798421,2.22203,False,False,O=C(Nc1ccccc1)Nc1ccc(Nc2nccc(Nc3cc(C4CCCC4)[nH]n3)n2)cc1,GBMIFBVLJSCVJT-UHFFFAOYSA-N,0.19951979769486786,1.9327301579325415,0.09094272272416118,0.05010176862858806
RU-SKI 43,Shh,Other,33,0.625827,7.20688e-05,5.15037,172.496,False,False,c1ccc(OCC2NCCc3sccc32)cc1,AEENEMOEBJOKGN-UHFFFAOYSA-N,0.2246051940385403,3.0535478225752377,0.09889934320220668,-0.08926334241146533
Linsitinib,IGF1R,IGF1R signaling,34,0.645904,7.59563e-05,3.96112,52.5159,False,False,c1ccc(-c2ccc3ccc(-c4nc(C5CCC5)n5ccncc45)cc3n2)cc1,PKCDDUHJAFVJJB-UHFFFAOYSA-N,0.137089785774639,3.3660380013847613,0.07252062955183568,0.022472667567858984
CI-1033,"EGFR, ERBB2, ERBB4",RTK signaling,33,0.647414,0.000612711,3.12725,22.8111,False,False,c1ccc(Nc2ncnc3cc(OCCCN4CCOCC4)ccc23)cc1,OMZCMEYTWSXEPZ-UHFFFAOYSA-N,0.4014147772355751,2.37290001923762,0.09098771061021929,0.07934287716348798
S-Trityl-L-cysteine,KIF11,Mitosis,12,0.654866,0.212107,2.30309,10.005,False,False,c1ccc(C(c2ccccc2)c2ccccc2)cc1,DLMYFMLKORXJPO-FQEVSTJZSA-N,0.13651003356907557,1.2203776843347183,0.07134719495439253,-0.07611499002014382
Navitoclax,"BCL2, BCL-XL, BCL-W",Apoptosis regulation,34,0.663243,6.92634e-07,2.7878,16.2453,False,False,O=C(NS(=O)(=O)c1ccc(N[C@H](CCN2CCOCC2)CSc2ccccc2)cc1)c1ccc(N2CCN(CC3=C(c4ccccc4)CCCC3)CC2)cc1,JLYAXFNOILIKPP-KXQOOQHDSA-N,0.13758669972268614,1.9817198065949204,0.1942742980765989,-0.11919125588602941
MK-1775,"WEE1, PLK1",Cell cycle,34,0.667095,0.0002165,1.58317,4.87035,False,False,O=c1[nH]n(-c2ccccn2)c2nc(Nc3ccc(N4CCNCC4)cc3)ncc12,BKWJAKQVGHWELA-UHFFFAOYSA-N,-0.09296448367359134,2.1322196919195235,0.1268386294735979,0.11230045535026051
Pyrimethamine,Dihydrofolate reductase (DHFR),Other,14,0.712679,0.0435275,4.66862,106.551,False,False,c1ccc(-c2cncnc2)cc1,WKSAUQYGYAYLPV-UHFFFAOYSA-N,0.08693824980189034,4.021017666971744,0.016794446441168138,-0.1818646487258147
TAK-715,"p38alpha, p38beta",JNK and p38 signaling,33,0.762053,2.8492e-05,5.02174,151.675,False,False,O=C(Nc1cc(-c2scnc2-c2ccccc2)ccn1)c1ccccc1,HEKAIDKUDLCBRU-UHFFFAOYSA-N,0.15469076674726445,3.4890903275727285,0.05598393262526417,0.01886962942821996
Remodelin,,Unclassified,16,0.783367,0.0169082,5.72214,305.559,False,False,c1ccc(-c2csc(NN=C3CCCC3)n2)cc1,XAEJIFARBQJLML-UHFFFAOYSA-N,0.1848697244947238,4.244840750052378,0.02941265257511095,-0.1538069443517105
POMHEX,,Unclassified,25,1.02025,0.000642764,2.62264,13.772,False,False,O=C1CCCCN1,TVFIFFUSHZDTKT-UHFFFAOYSA-N,0.2655485548636733,1.5995211643946012,0.024024353998377494,-0.18754441733282134
