Model,RMSE,MAE,R2_Score,Task
GNN,9.617041576223059,7.52855449630989,-0.251981784700563,regression
