drug_name,true_IC50,predicted_IC50,error
Afatinib,11.877743852136962,2.986753051391544,8.890990800745419
Sorafenib,0.5181795592716453,3.9739239981397145,3.455744438868069
Nilotinib,22.739848905550755,6.074194332520045,16.66565457303071
Bevacizumab,3.66630875141292,4.7681369240082825,1.1018281725953627
