drug_name,smiles,inchikey,smiles_parent,inchikey_parent,pubchem_cid,pubchem_title,molecular_formula,mol_weight,heavy_atoms,n_fragments,has_metal,is_small_molecule,source,query_used,resolved_at
(5Z)-7-Oxozeaenol,COc1cc(O)c2c(c1)/C=C/C[C@H](O)[C@H](O)C(=O)/C=C\C[C@H](C)OC2=O,NEQZWEXWOFPKOT-BYRRXHGESA-N,COc1cc(O)c2c(c1)/C=C/C[C@H](O)[C@H](O)C(=O)/C=C\C[C@H](C)OC2=O,NEQZWEXWOFPKOT-BYRRXHGESA-N,9863776,(5Z)-7-Oxozeaenol,C19H22O7,362.378,26,1,False,True,pubchem_name,(5Z)-7-Oxozeaenol,2026-09-26
5-Fluorouracil,O=c1[nH]cc(F)c(=O)[nH]1,GHASVSINZRGABV-UHFFFAOYSA-N,O=c1[nH]cc(F)c(=O)[nH]1,GHASVSINZRGABV-UHFFFAOYSA-N,3385,5-Fluorouracil,C4H3FN2O2,130.078,9,1,False,True,pubchem_name,5-Fluorouracil,2026-09-26
5-azacytidine,Nc1ncn([C@@H]2O[C@H](CO)[C@@H](O)[C@H]2O)c(=O)n1,NMUSYJAQQFHJEW-KVTDHHQDSA-N,Nc1ncn([C@@H]2O[C@H](CO)[C@@H](O)[C@H]2O)c(=O)n1,NMUSYJAQQFHJEW-KVTDHHQDSA-N,9444,Azacytidine,C8H12N4O5,244.207,17,1,False,True,pubchem_name,5-azacytidine,2026-09-26
A-366,COc1cc2c(cc1OCCCN1CCCC1)N=C(N)C21CCC1,BKCDJTRMYWSXMC-UHFFFAOYSA-N,COc1cc2c(cc1OCCCN1CCCC1)N=C(N)C21CCC1,BKCDJTRMYWSXMC-UHFFFAOYSA-N,76285486,"5'-Methoxy-6'-(3-(pyrrolidin-1-yl)propoxy)spiro(cyclobutane-1,3'-indol)-2'-amine",C19H27N3O2,329.444,24,1,False,True,pubchem_name,A-366,2026-09-26
A-443654,Cc1[nH]nc2ccc(-c3cncc(OC[C@@H](N)Cc4c[nH]c5ccccc45)c3)cc12,YWTBGJGMTBHQTM-IBGZPJMESA-N,Cc1[nH]nc2ccc(-c3cncc(OC[C@@H](N)Cc4c[nH]c5ccccc45)c3)cc12,YWTBGJGMTBHQTM-IBGZPJMESA-N,10172943,A-443654,C24H23N5O,397.482,30,1,False,True,pubchem_name,A-443654,2026-09-26
A-770041,COc1cc(-c2nn(C3CCC(N4CCN(C(C)=O)CC4)CC3)c3ncnc(N)c23)ccc1NC(=O)c1cc2ccccc2n1C,ZMNWFTYYYCSSTF-UHFFFAOYSA-N,COc1cc(-c2nn(C3CCC(N4CCN(C(C)=O)CC4)CC3)c3ncnc(N)c23)ccc1NC(=O)c1cc2ccccc2n1C,ZMNWFTYYYCSSTF-UHFFFAOYSA-N,9549184,"1H-Indole-2-carboxamide, N-(4-(1-(trans-4-(4-acetyl-1-piperazinyl)cyclohexyl)-4-amino-1H-pyrazolo(3,4-d)pyrimidin-3-yl)-2-methoxyphenyl)-1-methyl-",C34H39N9O3,621.746,46,1,False,True,pubchem_name,A-770041,2026-09-26
A-83-01,Cc1cccc(-c2nn(C(=S)Nc3ccccc3)cc2-c2ccnc3ccccc23)n1,HIJMSZGHKQPPJS-UHFFFAOYSA-N,Cc1cccc(-c2nn(C(=S)Nc3ccccc3)cc2-c2ccnc3ccccc23)n1,HIJMSZGHKQPPJS-UHFFFAOYSA-N,16218924,A-83-01,C25H19N5S,421.529,31,1,False,True,pubchem_name,A-83-01,2026-09-26
ABT737,CN(C)CC[C@H](CSc1ccccc1)Nc1ccc(S(=O)(=O)NC(=O)c2ccc(N3CCN(Cc4ccccc4-c4ccc(Cl)cc4)CC3)cc2)cc1[N+](=O)[O-],HPLNQCPCUACXLM-PGUFJCEWSA-N,CN(C)CC[C@H](CSc1ccccc1)Nc1ccc(S(=O)(=O)NC(=O)c2ccc(N3CCN(Cc4ccccc4-c4ccc(Cl)cc4)CC3)cc2)cc1[N+](=O)[O-],HPLNQCPCUACXLM-PGUFJCEWSA-N,11228183,"4-(4-((4'-Chloro(1,1'-biphenyl)-2-yl)methyl)-1-piperazinyl)-N-((4-(((1R)-3-(dimethylamino)-1-((phenylthio)methyl)propyl)amino)-3-nitrophenyl)sulfonyl)benzamide",C42H45ClN6O5S2,813.446,56,1,False,True,pubchem_name,ABT737,2026-09-26
ACY-1215,O=C(CCCCCCNC(=O)c1cnc(N(c2ccccc2)c2ccccc2)nc1)NO,QGZYDVAGYRLSKP-UHFFFAOYSA-N,O=C(CCCCCCNC(=O)c1cnc(N(c2ccccc2)c2ccccc2)nc1)NO,QGZYDVAGYRLSKP-UHFFFAOYSA-N,53340666,Ricolinostat,C24H27N5O3,433.512,32,1,False,True,pubchem_name,ACY-1215,2026-09-26
AGI-5198,Cc1ccccc1C(C(=O)NC1CCCCC1)N(C(=O)Cn1ccnc1C)c1cccc(F)c1,FNYGWXSATBUBER-UHFFFAOYSA-N,Cc1ccccc1C(C(=O)NC1CCCCC1)N(C(=O)Cn1ccnc1C)c1cccc(F)c1,FNYGWXSATBUBER-UHFFFAOYSA-N,56645356,Agi-5198,C27H31FN4O2,462.569,34,1,False,True,pubchem_name,AGI-5198,2026-09-26
AGI-6780,O=C(Nc1cccc(C(F)(F)F)c1)Nc1cc(S(=O)(=O)NC2CC2)ccc1-c1ccsc1,CCAWRGNYALGPQH-UHFFFAOYSA-N,O=C(Nc1cccc(C(F)(F)F)c1)Nc1cc(S(=O)(=O)NC2CC2)ccc1-c1ccsc1,CCAWRGNYALGPQH-UHFFFAOYSA-N,71299339,Agi-6780,C21H18F3N3O3S2,481.521,32,1,False,True,pubchem_name,AGI-6780,2026-09-26
AGK2,N#C/C(=C\c1ccc(-c2cc(Cl)ccc2Cl)o1)C(=O)Nc1cccc2ncccc12,SVENPFFEMUOOGK-SDNWHVSQSA-N,N#C/C(=C\c1ccc(-c2cc(Cl)ccc2Cl)o1)C(=O)Nc1cccc2ncccc12,SVENPFFEMUOOGK-SDNWHVSQSA-N,2130404,Agk-2,C23H13Cl2N3O2,434.282,30,1,False,True,pubchem_name,AGK2,2026-09-26
AICA Ribonucleotide,NC(=O)c1ncn([C@@H]2O[C@H](COP(=O)(O)O)[C@@H](O)[C@H]2O)c1N,NOTGFIUVDGNKRI-UUOKFMHZSA-N,NC(=O)c1ncn([C@@H]2O[C@H](COP(=O)(O)O)[C@@H](O)[C@H]2O)c1N,NOTGFIUVDGNKRI-UUOKFMHZSA-N,65110,AICA Ribotide,C9H15N4O8P,338.213,22,1,False,True,pubchem_name,AICA Ribonucleotide,2026-09-26
AKT inhibitor VIII,O=c1[nH]c2ccccc2n1C1CCN(Cc2ccc(-c3[nH]c4cc5ncnc5cc4nc3-c3ccccc3)cc2)CC1,IWCQHVUQEFDRIW-UHFFFAOYSA-N,O=c1[nH]c2ccccc2n1C1CCN(Cc2ccc(-c3[nH]c4cc5ncnc5cc4nc3-c3ccccc3)cc2)CC1,IWCQHVUQEFDRIW-UHFFFAOYSA-N,135398501,Akt inhibitor VIII,C34H29N7O,551.654,42,1,False,True,pubchem_name,AKT inhibitor VIII,2026-09-26
AMG-319,C[C@H](Nc1ncnc2nc[nH]c12)c1cc2ccc(F)cc2nc1-c1ccccn1,KWRYMZHCQIOOEB-LBPRGKRZSA-N,C[C@H](Nc1ncnc2nc[nH]c12)c1cc2ccc(F)cc2nc1-c1ccccn1,KWRYMZHCQIOOEB-LBPRGKRZSA-N,68947304,(alphaS)-7-Fluoro-alpha-methyl-N-9H-purin-6-yl-2-(2-pyridinyl)-3-quinolinemethanamine,C21H16FN7,385.406,29,1,False,True,pubchem_name,AMG-319,2026-09-26
AR-42,CC(C)[C@H](C(=O)Nc1ccc(C(=O)NO)cc1)c1ccccc1,LAMIXXKAWNLXOC-INIZCTEOSA-N,CC(C)[C@H](C(=O)Nc1ccc(C(=O)NO)cc1)c1ccccc1,LAMIXXKAWNLXOC-INIZCTEOSA-N,6918848,Ar-42,C18H20N2O3,312.369,23,1,False,True,pubchem_name,AR-42,2026-09-26
ARRY-520,CON(C)C(=O)N1N=C(c2cc(F)ccc2F)S[C@@]1(CCCN)c1ccccc1,LLXISKGBWFTGEI-FQEVSTJZSA-N,CON(C)C(=O)N1N=C(c2cc(F)ccc2F)S[C@@]1(CCCN)c1ccccc1,LLXISKGBWFTGEI-FQEVSTJZSA-N,44224257,Filanesib,C20H22F2N4O2S,420.485,29,1,False,True,pubchem_name,ARRY-520,2026-09-26
AS601245,N#CC(c1ccnc(NCCc2cccnc2)n1)c1nc2ccccc2s1,RCYPVQCPYKNSTG-UHFFFAOYSA-N,N#CC(c1ccnc(NCCc2cccnc2)n1)c1nc2ccccc2s1,RCYPVQCPYKNSTG-UHFFFAOYSA-N,10109823,"1,3-Benzothiazol-2-yl(2-((2-(3-pyridinyl)ethyl)amino)-4-pyrimidinyl)acetonitrile",C20H16N6S,372.457,27,1,False,True,pubchem_name,AS601245,2026-09-26
AS605240,O=C1NC(=O)/C(=C\c2ccc3nccnc3c2)S1,SQWZFLMPDUSYGV-UXBLZVDNSA-N,O=C1NC(=O)/C(=C\c2ccc3nccnc3c2)S1,SQWZFLMPDUSYGV-UXBLZVDNSA-N,10377751,AS-605240,C12H7N3O2S,257.274,18,1,False,True,pubchem_name,AS605240,2026-09-26
AST-1306,C=CC(=O)Nc1ccc2ncnc(Nc3ccc(OCc4cccc(F)c4)c(Cl)c3)c2c1,MVZGYPSXNDCANY-UHFFFAOYSA-N,C=CC(=O)Nc1ccc2ncnc(Nc3ccc(OCc4cccc(F)c4)c(Cl)c3)c2c1,MVZGYPSXNDCANY-UHFFFAOYSA-N,24739943,Allitinib,C24H18ClFN4O2,448.885,32,1,False,True,pubchem_name,AST-1306,2026-09-26
AT-7519,O=C(NC1CCNCC1)c1[nH]ncc1NC(=O)c1c(Cl)cccc1Cl,OVPNQJVDAFNBDN-UHFFFAOYSA-N,O=C(NC1CCNCC1)c1[nH]ncc1NC(=O)c1c(Cl)cccc1Cl,OVPNQJVDAFNBDN-UHFFFAOYSA-N,11338033,"4-(2,6-dichlorobenzoylamino)-1H-pyrazole-3-carboxylic acid piperidin-4-ylamide",C16H17Cl2N5O2,382.251,25,1,False,True,pubchem_name,AT-7519,2026-09-26
AT13148,NC[C@@](O)(c1ccc(Cl)cc1)c1ccc(-c2cn[nH]c2)cc1,IIRWNGPLJQXWFJ-KRWDZBQOSA-N,NC[C@@](O)(c1ccc(Cl)cc1)c1ccc(-c2cn[nH]c2)cc1,IIRWNGPLJQXWFJ-KRWDZBQOSA-N,24905401,At-13148,C17H16ClN3O,313.788,22,1,False,True,pubchem_name,AT13148,2026-09-26
AT7867,Clc1ccc(C2(c3ccc(-c4cn[nH]c4)cc3)CCNCC2)cc1,LZMOSYUFVYJEPY-UHFFFAOYSA-N,Clc1ccc(C2(c3ccc(-c4cn[nH]c4)cc3)CCNCC2)cc1,LZMOSYUFVYJEPY-UHFFFAOYSA-N,11175137,AT-7867,C20H20ClN3,337.854,24,1,False,True,pubchem_name,AT7867,2026-09-26
AZ20,C[C@@H]1COCCN1c1cc(C2(S(C)(=O)=O)CC2)nc(-c2cccc3[nH]ccc23)n1,SCGCBAAYLFTIJU-CQSZACIVSA-N,C[C@@H]1COCCN1c1cc(C2(S(C)(=O)=O)CC2)nc(-c2cccc3[nH]ccc23)n1,SCGCBAAYLFTIJU-CQSZACIVSA-N,46244454,(3R)-4-(2-(1H-indol-4-yl)-6-(1-methylsulfonylcyclopropyl)pyrimidin-4-yl)-3-methylmorpholine,C21H24N4O3S,412.515,29,1,False,True,pubchem_name,AZ20,2026-09-26
AZ6102,Cc1cc(N2C[C@@H](C)N[C@@H](C)C2)ncc1-c1ccc(-c2nc3c(ccn3C)c(=O)[nH]2)cc1,WCPTUQOMNJBIET-CALCHBBNSA-N,Cc1cc(N2C[C@@H](C)N[C@@H](C)C2)ncc1-c1ccc(-c2nc3c(ccn3C)c(=O)[nH]2)cc1,WCPTUQOMNJBIET-CALCHBBNSA-N,135905416,"2-(4-(6-((3R,5S)-3,5-dimethylpiperazin-1-yl)-4-methylpyridin-3-yl)phenyl)-7-methyl-3,7-dihydro-4H-pyrrolo[2,3-d]pyrimidin-4-one",C25H28N6O,428.54,32,1,False,True,pubchem_name,AZ6102,2026-09-26
AZ628,Cc1ccc(NC(=O)c2cccc(C(C)(C)C#N)c2)cc1Nc1ccc2ncn(C)c(=O)c2c1,ZGBGPEDJXCYQPH-UHFFFAOYSA-N,Cc1ccc(NC(=O)c2cccc(C(C)(C)C#N)c2)cc1Nc1ccc2ncn(C)c(=O)c2c1,ZGBGPEDJXCYQPH-UHFFFAOYSA-N,11676786,AZ-628,C27H25N5O2,451.53,34,1,False,True,pubchem_name,AZ628,2026-09-26
AZ960,Cc1cc(Nc2nc(N[C@@H](C)c3ccc(F)cc3)c(C#N)cc2F)n[nH]1,SUNXHXDJOIXABJ-NSHDSACASA-N,Cc1cc(Nc2nc(N[C@@H](C)c3ccc(F)cc3)c(C#N)cc2F)n[nH]1,SUNXHXDJOIXABJ-NSHDSACASA-N,25099184,AZ-960,C18H16F2N6,354.364,26,1,False,True,pubchem_name,AZ960,2026-09-26
AZD1208,N[C@@H]1CCCN(c2c(/C=C3\SC(=O)NC3=O)cccc2-c2ccccc2)C1,MCUJKPPARUPFJM-UWCCDQBKSA-N,N[C@@H]1CCCN(c2c(/C=C3\SC(=O)NC3=O)cccc2-c2ccccc2)C1,MCUJKPPARUPFJM-UWCCDQBKSA-N,58423153,Azd-1208,C21H21N3O2S,379.485,27,1,False,True,pubchem_name,AZD1208,2026-09-26
AZD1332,CC(C)Oc1cc(Nc2nc(NC(C)c3ccc(F)cn3)ncc2Cl)[nH]n1,LBVKEEFIPBQIMD-UHFFFAOYSA-N,CC(C)Oc1cc(Nc2nc(NC(C)c3ccc(F)cn3)ncc2Cl)[nH]n1,LBVKEEFIPBQIMD-UHFFFAOYSA-N,49831044,"5-chloro-N2-(1-(5-fluoropyridin-2-yl)ethyl)-N4-(5-isopropoxy-1H-pyrazol-3-yl)pyrimidine-2,4-diamine",C17H19ClFN7O,391.838,27,1,False,True,pubchem_name,AZD1332,2026-09-26
AZD1480,Cc1cc(Nc2nc(N[C@@H](C)c3ncc(F)cn3)ncc2Cl)n[nH]1,PDOQBOJDRPLBQU-QMMMGPOBSA-N,Cc1cc(Nc2nc(N[C@@H](C)c3ncc(F)cn3)ncc2Cl)n[nH]1,PDOQBOJDRPLBQU-QMMMGPOBSA-N,16659841,Azd-1480,C14H14ClFN8,348.773,24,1,False,True,pubchem_name,AZD1480,2026-09-26
AZD2014,CNC(=O)c1cccc(-c2ccc3c(N4CCOC[C@@H]4C)nc(N4CCOC[C@@H]4C)nc3n2)c1,JUSFANSTBFGBAF-IRXDYDNUSA-N,CNC(=O)c1cccc(-c2ccc3c(N4CCOC[C@@H]4C)nc(N4CCOC[C@@H]4C)nc3n2)c1,JUSFANSTBFGBAF-IRXDYDNUSA-N,25262792,Vistusertib,C25H30N6O3,462.554,34,1,False,True,pubchem_name,AZD2014,2026-09-26
AZD3514,CC(=O)N1CCN(CCOc2ccc(C3CCN(C4=Nn5c(nnc5C(F)(F)F)CC4)CC3)cc2)CC1,JMEYDSHPKCSIJC-UHFFFAOYSA-N,CC(=O)N1CCN(CCOc2ccc(C3CCN(C4=Nn5c(nnc5C(F)(F)F)CC4)CC3)cc2)CC1,JMEYDSHPKCSIJC-UHFFFAOYSA-N,46893585,Azd 3514,C25H32F3N7O2,519.572,37,1,False,True,pubchem_name,AZD3514,2026-09-26
AZD3759,COc1cc2ncnc(Nc3cccc(Cl)c3F)c2cc1OC(=O)N1CCN(C)C[C@H]1C,MXDSJQHFFDGFDK-CYBMUJFWSA-N,COc1cc2ncnc(Nc3cccc(Cl)c3F)c2cc1OC(=O)N1CCN(C)C[C@H]1C,MXDSJQHFFDGFDK-CYBMUJFWSA-N,78209992,Zorifertinib,C22H23ClFN5O3,459.909,32,1,False,True,pubchem_name,AZD3759,2026-09-26
AZD4547,COc1cc(CCc2cc(NC(=O)c3ccc(N4C[C@@H](C)N[C@@H](C)C4)cc3)n[nH]2)cc(OC)c1,VRQMAABPASPXMW-HDICACEKSA-N,COc1cc(CCc2cc(NC(=O)c3ccc(N4C[C@@H](C)N[C@@H](C)C4)cc3)n[nH]2)cc(OC)c1,VRQMAABPASPXMW-HDICACEKSA-N,51039095,Azd-4547,C26H33N5O3,463.582,34,1,False,True,pubchem_name,AZD4547,2026-09-26
AZD4877,Cc1ccc(C(=O)N(CCCN)C(c2nc3snc(C)c3c(=O)n2Cc2ccccc2)C(C)C)cc1,SMFXSYMLJDHGIE-UHFFFAOYSA-N,Cc1ccc(C(=O)N(CCCN)C(c2nc3snc(C)c3c(=O)n2Cc2ccccc2)C(C)C)cc1,SMFXSYMLJDHGIE-UHFFFAOYSA-N,10368812,Azd-4877,C28H33N5O2S,503.672,36,1,False,True,pubchem_name,AZD4877,2026-09-26
AZD5153,COc1nnc2ccc(N3CCC(c4ccc(OCCN5CCN(C)C(=O)[C@H]5C)cc4)CC3)nn12,RSMYFSPOTCDHHJ-GOSISDBHSA-N,COc1nnc2ccc(N3CCC(c4ccc(OCCN5CCN(C)C(=O)[C@H]5C)cc4)CC3)nn12,RSMYFSPOTCDHHJ-GOSISDBHSA-N,118693659,Azd-5153,C25H33N7O3,479.585,35,1,False,True,pubchem_name,AZD5153,2026-09-26
AZD5363,NC1(C(=O)N[C@@H](CCO)c2ccc(Cl)cc2)CCN(c2ncnc3[nH]ccc23)CC1,JDUBGYFRJFOXQC-KRWDZBQOSA-N,NC1(C(=O)N[C@@H](CCO)c2ccc(Cl)cc2)CCN(c2ncnc3[nH]ccc23)CC1,JDUBGYFRJFOXQC-KRWDZBQOSA-N,25227436,Capivasertib,C21H25ClN6O2,428.924,30,1,False,True,pubchem_name,AZD5363,2026-09-26
AZD5438,Cc1ncc(-c2ccnc(Nc3ccc(S(C)(=O)=O)cc3)n2)n1C(C)C,WJRRGYBTGDJBFX-UHFFFAOYSA-N,Cc1ncc(-c2ccnc(Nc3ccc(S(C)(=O)=O)cc3)n2)n1C(C)C,WJRRGYBTGDJBFX-UHFFFAOYSA-N,16747683,4-(2-Methyl-1-(1-methylethyl)-1H-imidazol-5-yl)-N-(4-(methylsulfonyl)phenyl)-2-pyrimidinamine,C18H21N5O2S,371.466,26,1,False,True,pubchem_name,AZD5438,2026-09-26
AZD5582,CN[C@@H](C)C(=O)N[C@H](C(=O)N1CCC[C@H]1C(=O)N[C@H]1c2ccccc2C[C@H]1OCC#CC#CCO[C@@H]1Cc2ccccc2[C@@H]1NC(=O)[C@@H]1CCCN1C(=O)[C@@H](NC(=O)[C@H](C)NC)C1CCCCC1)C1CCCCC1,WLMCRYCCYXHPQF-ZVMUOSSASA-N,CN[C@@H](C)C(=O)N[C@H](C(=O)N1CCC[C@H]1C(=O)N[C@H]1c2ccccc2C[C@H]1OCC#CC#CCO[C@@H]1Cc2ccccc2[C@@H]1NC(=O)[C@@H]1CCCN1C(=O)[C@@H](NC(=O)[C@H](C)NC)C1CCCCC1)C1CCCCC1,WLMCRYCCYXHPQF-ZVMUOSSASA-N,49847690,Azd5582,C58H78N8O8,1015.31,74,1,False,True,pubchem_name,AZD5582,2026-09-26
AZD5991,Cc1c2c(nn1C)CSCc1cc(n(C)n1)CSc1cc(c3ccccc3c1)OCCCc1c(C(=O)O)n(C)c3c-2c(Cl)ccc13,KBQCEQAXHPIRTF-UHFFFAOYSA-N,Cc1c2c(nn1C)CSCc1cc(n(C)n1)CSc1cc(c3ccccc3c1)OCCCc1c(C(=O)O)n(C)c3c-2c(Cl)ccc13,KBQCEQAXHPIRTF-UHFFFAOYSA-N,131634760,"17-Chloro-5,13,14,22-tetramethyl-28-oxa-2,9-dithia-5,6,12,13,22-pentaazaheptacyclo(27.7.1.14,7.011,15.016,21.020,24.030,35)octatriaconta-1(36),4(38),6,11,14,16,18,20,23,29(37),30(35),31,33-tridecaene-23-carboxylic acid",C35H34ClN5O3S2,672.276,46,1,False,True,pubchem_name,AZD5991,2026-09-26
AZD6094,C[C@@H](c1ccc2nccn2c1)n1nnc2ncc(-c3cnn(C)c3)nc21,XYDNMOZJKOGZLS-NSHDSACASA-N,C[C@@H](c1ccc2nccn2c1)n1nnc2ncc(-c3cnn(C)c3)nc21,XYDNMOZJKOGZLS-NSHDSACASA-N,68289010,Savolitinib,C17H15N9,345.37,26,1,False,True,pubchem_name,AZD6094,2026-09-26
AZD6482,Cc1cc([C@@H](C)Nc2ccccc2C(=O)O)c2nc(N3CCOCC3)cc(=O)n2c1,IRTDIKMSKMREGO-OAHLLOKOSA-N,Cc1cc([C@@H](C)Nc2ccccc2C(=O)O)c2nc(N3CCOCC3)cc(=O)n2c1,IRTDIKMSKMREGO-OAHLLOKOSA-N,44137675,Azd-6482,C22H24N4O4,408.458,30,1,False,True,pubchem_name,AZD6482,2026-09-26
AZD6738,C[C@@H]1COCCN1c1cc(C2([S@](C)(=N)=O)CC2)nc(-c2cncc3[nH]ccc23)n1,DTTJKLNXNZAVSM-JYCIKRDWSA-N,C[C@@H]1COCCN1c1cc(C2([S@](C)(=N)=O)CC2)nc(-c2cncc3[nH]ccc23)n1,DTTJKLNXNZAVSM-JYCIKRDWSA-N,121596701,Ceralasertib,C20H24N6O2S,412.519,29,1,False,True,pubchem_name,AZD6738,2026-09-26
AZD7762,NC(=O)Nc1cc(-c2cccc(F)c2)sc1C(=O)N[C@H]1CCCNC1,IAYGCINLNONXHY-LBPRGKRZSA-N,NC(=O)Nc1cc(-c2cccc(F)c2)sc1C(=O)N[C@H]1CCCNC1,IAYGCINLNONXHY-LBPRGKRZSA-N,11152667,Azd7762,C17H19FN4O2S,362.43,25,1,False,True,pubchem_name,AZD7762,2026-09-26
AZD8055,COc1ccc(-c2ccc3c(N4CCOC[C@@H]4C)nc(N4CCOC[C@@H]4C)nc3n2)cc1CO,KVLFRAWTRWDEDF-IRXDYDNUSA-N,COc1ccc(-c2ccc3c(N4CCOC[C@@H]4C)nc(N4CCOC[C@@H]4C)nc3n2)cc1CO,KVLFRAWTRWDEDF-IRXDYDNUSA-N,25262965,Azd8055,C25H31N5O4,465.554,34,1,False,True,pubchem_name,AZD8055,2026-09-26
AZD8186,C[C@@H](Nc1cc(F)cc(F)c1)c1cc(C(=O)N(C)C)cc2c(=O)cc(N3CCOCC3)oc12,LMJFJIDLEAWOQJ-CQSZACIVSA-N,C[C@@H](Nc1cc(F)cc(F)c1)c1cc(C(=O)N(C)C)cc2c(=O)cc(N3CCOCC3)oc12,LMJFJIDLEAWOQJ-CQSZACIVSA-N,52913813,Azd-8186,C24H25F2N3O4,457.477,33,1,False,True,pubchem_name,AZD8186,2026-09-26
AZD8835,CCn1nc(C2CCN(C(=O)CCO)CC2)nc1-c1cnc(N)c(-c2nnc(C(C)(C)C)o2)n1,ZGRDYKFVDCFJCZ-UHFFFAOYSA-N,CCn1nc(C2CCN(C(=O)CCO)CC2)nc1-c1cnc(N)c(-c2nnc(C(C)(C)C)o2)n1,ZGRDYKFVDCFJCZ-UHFFFAOYSA-N,76685059,Azd-8835,C22H31N9O3,469.55,34,1,False,True,pubchem_name,AZD8835,2026-09-26
AZD8931,CNC(=O)CN1CCC(Oc2cc3c(Nc4cccc(Cl)c4F)ncnc3cc2OC)CC1,DFJSJLGUIXFDJP-UHFFFAOYSA-N,CNC(=O)CN1CCC(Oc2cc3c(Nc4cccc(Cl)c4F)ncnc3cc2OC)CC1,DFJSJLGUIXFDJP-UHFFFAOYSA-N,11488320,Sapitinib,C23H25ClFN5O3,473.936,33,1,False,True,pubchem_name,AZD8931,2026-09-26
Acetalax,CC(=O)Oc1ccc(C2(c3ccc(OC(C)=O)cc3)C(=O)Nc3ccccc32)cc1,PHPUXYRXPHEJDF-UHFFFAOYSA-N,CC(=O)Oc1ccc(C2(c3ccc(OC(C)=O)cc3)C(=O)Nc3ccccc32)cc1,PHPUXYRXPHEJDF-UHFFFAOYSA-N,8269,Oxyphenisatin Acetate,C24H19NO5,401.418,30,1,False,True,pubchem_name,Acetalax,2026-09-26
Afatinib,CN(C)C/C=C/C(=O)Nc1cc2c(Nc3ccc(F)c(Cl)c3)ncnc2cc1O[C@H]1CCOC1,ULXXDDBFHOBEHA-CWDCEQMOSA-N,CN(C)C/C=C/C(=O)Nc1cc2c(Nc3ccc(F)c(Cl)c3)ncnc2cc1O[C@H]1CCOC1,ULXXDDBFHOBEHA-CWDCEQMOSA-N,10184653,Afatinib,C24H25ClFN5O3,485.947,34,1,False,True,pubchem_name,Afatinib,2026-09-26
Afuresertib,Cn1ncc(Cl)c1-c1cc(C(=O)N[C@H](CN)Cc2cccc(F)c2)sc1Cl,AFJRDFWMXUECEW-LBPRGKRZSA-N,Cn1ncc(Cl)c1-c1cc(C(=O)N[C@H](CN)Cc2cccc(F)c2)sc1Cl,AFJRDFWMXUECEW-LBPRGKRZSA-N,46843057,Afuresertib,C18H17Cl2FN4OS,427.332,27,1,False,True,pubchem_name,Afuresertib,2026-09-26
Alectinib,CCc1cc2c(cc1N1CCC(N3CCOCC3)CC1)C(C)(C)c1[nH]c3cc(C#N)ccc3c1C2=O,KDGFLJKFZUIJMX-UHFFFAOYSA-N,CCc1cc2c(cc1N1CCC(N3CCOCC3)CC1)C(C)(C)c1[nH]c3cc(C#N)ccc3c1C2=O,KDGFLJKFZUIJMX-UHFFFAOYSA-N,49806720,Alectinib,C30H34N4O2,482.628,36,1,False,True,pubchem_name,Alectinib,2026-09-26
Alisertib,COc1cc(Nc2ncc3c(n2)-c2ccc(Cl)cc2C(c2c(F)cccc2OC)=NC3)ccc1C(=O)O,ZLHFILGSQDJULK-UHFFFAOYSA-N,COc1cc(Nc2ncc3c(n2)-c2ccc(Cl)cc2C(c2c(F)cccc2OC)=NC3)ccc1C(=O)O,ZLHFILGSQDJULK-UHFFFAOYSA-N,24771867,Alisertib,C27H20ClFN4O4,518.932,37,1,False,True,pubchem_name,Alisertib,2026-09-26
Alpelisib,Cc1nc(NC(=O)N2CCC[C@H]2C(N)=O)sc1-c1ccnc(C(C)(C)C(F)(F)F)c1,STUWGJZDJHPWGZ-LBPRGKRZSA-N,Cc1nc(NC(=O)N2CCC[C@H]2C(N)=O)sc1-c1ccnc(C(C)(C)C(F)(F)F)c1,STUWGJZDJHPWGZ-LBPRGKRZSA-N,56649450,Alpelisib,C19H22F3N5O2S,441.479,30,1,False,True,pubchem_name,Alpelisib,2026-09-26
Amuvatinib,S=C(NCc1ccc2c(c1)OCO2)N1CCN(c2ncnc3c2oc2ccccc23)CC1,FOFDIMHVKGYHRU-UHFFFAOYSA-N,S=C(NCc1ccc2c(c1)OCO2)N1CCN(c2ncnc3c2oc2ccccc23)CC1,FOFDIMHVKGYHRU-UHFFFAOYSA-N,11282283,Amuvatinib,C23H21N5O3S,447.52,32,1,False,True,pubchem_name,Amuvatinib,2026-09-26
Apitolisib,Cc1c(CN2CCN(C(=O)[C@H](C)O)CC2)sc2c(N3CCOCC3)nc(-c3cnc(N)nc3)nc12,YOVVNQKCSKSHKT-HNNXBMFYSA-N,Cc1c(CN2CCN(C(=O)[C@H](C)O)CC2)sc2c(N3CCOCC3)nc(-c3cnc(N)nc3)nc12,YOVVNQKCSKSHKT-HNNXBMFYSA-N,25254071,Apitolisib,C23H30N8O3S,498.613,35,1,False,True,pubchem_name,Apitolisib,2026-09-26
Ara-G,Nc1nc2c(ncn2[C@@H]2O[C@H](CO)[C@@H](O)[C@@H]2O)c(=O)[nH]1,NYHBQMYGNKIUIF-FJFJXFQQSA-N,Nc1nc2c(ncn2[C@@H]2O[C@H](CO)[C@@H](O)[C@@H]2O)c(=O)[nH]1,NYHBQMYGNKIUIF-FJFJXFQQSA-N,135499520,9-beta-D-arabinofuranosylguanine,C10H13N5O5,283.244,20,1,False,True,pubchem_name,Ara-G,2026-09-26
Avagacestat,NC(=O)[C@@H](CCC(F)(F)F)N(Cc1ccc(-c2ncon2)cc1F)S(=O)(=O)c1ccc(Cl)cc1,XEAOPVUAMONVLA-QGZVFWFLSA-N,NC(=O)[C@@H](CCC(F)(F)F)N(Cc1ccc(-c2ncon2)cc1F)S(=O)(=O)c1ccc(Cl)cc1,XEAOPVUAMONVLA-QGZVFWFLSA-N,46883536,Avagacestat,C20H17ClF4N4O4S,520.892,34,1,False,True,pubchem_name,Avagacestat,2026-09-26
Axitinib,CNC(=O)c1ccccc1Sc1ccc2c(/C=C/c3ccccn3)n[nH]c2c1,RITAVMQDGBJQJZ-FMIVXFBMSA-N,CNC(=O)c1ccccc1Sc1ccc2c(/C=C/c3ccccn3)n[nH]c2c1,RITAVMQDGBJQJZ-FMIVXFBMSA-N,6450551,Axitinib,C22H18N4OS,386.48,28,1,False,True,pubchem_name,Axitinib,2026-09-26
BAM7,CCOc1ccccc1N=Nc1c(C)[nH]n(-c2nc(-c3ccccc3)cs2)c1=O,WRLVHADVOGFZOZ-UHFFFAOYSA-N,CCOc1ccccc1N=Nc1c(C)[nH]n(-c2nc(-c3ccccc3)cs2)c1=O,WRLVHADVOGFZOZ-UHFFFAOYSA-N,3101542,(E)-4-(2-(2-Ethoxyphenyl)hydrazono)-3-methyl-1-(4-phenylthiazol-2-yl)-1H-pyrazol-5(4H)-one,C21H19N5O2S,405.483,29,1,False,True,pubchem_name,BAM7,2026-09-26
BAY-61-3606,COc1ccc(-c2cc3nccn3c(Nc3ncccc3C(N)=O)n2)cc1OC.Cl.Cl,SPMFEULFGGPQLN-UHFFFAOYSA-N,COc1ccc(-c2cc3nccn3c(Nc3ncccc3C(N)=O)n2)cc1OC,JWQOJVOKBAAAAR-UHFFFAOYSA-N,11784504,BAY 61-3606 dihydrochloride,C20H20Cl2N6O3,463.325,31,3,False,True,pubchem_name,BAY-61-3606,2026-09-26
BI-2536,CC[C@@H]1C(=O)N(C)c2cnc(Nc3ccc(C(=O)NC4CCN(C)CC4)cc3OC)nc2N1C1CCCC1,XQVVPGYIWAGRNI-JOCHJYFZSA-N,CC[C@@H]1C(=O)N(C)c2cnc(Nc3ccc(C(=O)NC4CCN(C)CC4)cc3OC)nc2N1C1CCCC1,XQVVPGYIWAGRNI-JOCHJYFZSA-N,11364421,Bi 2536,C28H39N7O3,521.666,38,1,False,True,pubchem_name,BI-2536,2026-09-26
BIBF-1120,COC(=O)c1ccc2c(C(=Nc3ccc(N(C)C(=O)CN4CCN(C)CC4)cc3)c3ccccc3)c(O)[nH]c2c1,CPMDPSXJELVGJG-UHFFFAOYSA-N,COC(=O)c1ccc2c(C(=Nc3ccc(N(C)C(=O)CN4CCN(C)CC4)cc3)c3ccccc3)c(O)[nH]c2c1,CPMDPSXJELVGJG-UHFFFAOYSA-N,135423438,Nintedanib,C31H33N5O4,539.636,40,1,False,True,pubchem_name,BIBF-1120,2026-09-26
BIBR-1532,C/C(=C\C(=O)Nc1ccccc1C(=O)O)c1ccc2ccccc2c1,PGFQXGLPJUCTOI-WYMLVPIESA-N,C/C(=C\C(=O)Nc1ccccc1C(=O)O)c1ccc2ccccc2c1,PGFQXGLPJUCTOI-WYMLVPIESA-N,9927531,Bibr 1532,C21H17NO3,331.371,25,1,False,True,pubchem_name,BIBR-1532,2026-09-26
BIX02189,CN(C)Cc1cccc(N=C(c2ccccc2)c2c(O)[nH]c3cc(C(=O)N(C)C)ccc23)c1,ZGXOBLVQIVXKEB-UHFFFAOYSA-N,CN(C)Cc1cccc(N=C(c2ccccc2)c2c(O)[nH]c3cc(C(=O)N(C)C)ccc23)c1,ZGXOBLVQIVXKEB-UHFFFAOYSA-N,135659062,"(Z)-3-((3-((dimethylamino)methyl)phenylamino)(phenyl)methylene)-N,N-dimethyl-2-oxoindoline-6-carboxamide",C27H28N4O2,440.547,33,1,False,True,pubchem_name,BIX02189,2026-09-26
BMS-345541,Cc1ccc2nc(NCCN)c3ncc(C)n3c2c1.Cl,MIDKPVLYXNLFGZ-UHFFFAOYSA-N,Cc1ccc2nc(NCCN)c3ncc(C)n3c2c1,PSPFQEBFYXJZEV-UHFFFAOYSA-N,9926054,Bms 345541,C14H18ClN5,291.786,20,2,False,True,pubchem_name,BMS-345541,2026-09-26
BMS-509744,COc1cc(C)c(Sc2cnc(NC(=O)c3ccc(CNC(C)C(C)(C)C)cc3)s2)cc1C(=O)N1CCN(C(C)=O)CC1,ZHXNIYGJAOPMSO-UHFFFAOYSA-N,COc1cc(C)c(Sc2cnc(NC(=O)c3ccc(CNC(C)C(C)(C)C)cc3)s2)cc1C(=O)N1CCN(C(C)=O)CC1,ZHXNIYGJAOPMSO-UHFFFAOYSA-N,11467730,Bms-509744,C32H41N5O4S2,623.845,43,1,False,True,pubchem_name,BMS-509744,2026-09-26
BMS-536924,Cc1cc(N2CCOCC2)cc2[nH]c(-c3c(NC[C@@H](O)c4cccc(Cl)c4)cc[nH]c3=O)nc12,ZWVZORIKUNOTCS-OAQYLSRUSA-N,Cc1cc(N2CCOCC2)cc2[nH]c(-c3c(NC[C@@H](O)c4cccc(Cl)c4)cc[nH]c3=O)nc12,ZWVZORIKUNOTCS-OAQYLSRUSA-N,135440466,Bms-536924,C25H26ClN5O3,479.968,34,1,False,True,pubchem_name,BMS-536924,2026-09-26
BMS-754807,C[C@@]1(C(=O)Nc2ccc(F)nc2)CCCN1c1nc(Nc2cc(C3CC3)[nH]n2)c2cccn2n1,LQVXSNNAFNGRAH-QHCPKHFHSA-N,C[C@@]1(C(=O)Nc2ccc(F)nc2)CCCN1c1nc(Nc2cc(C3CC3)[nH]n2)c2cccn2n1,LQVXSNNAFNGRAH-QHCPKHFHSA-N,24785538,Bms-754807,C23H24FN9O,461.505,34,1,False,True,pubchem_name,BMS-754807,2026-09-26
BPTES,O=C(Cc1ccccc1)Nc1nnc(CCSCCc2nnc(NC(=O)Cc3ccccc3)s2)s1,MDJIPXYRSZHCFS-UHFFFAOYSA-N,O=C(Cc1ccccc1)Nc1nnc(CCSCCc2nnc(NC(=O)Cc3ccccc3)s2)s1,MDJIPXYRSZHCFS-UHFFFAOYSA-N,3372016,"N,N'-[sulfanediylbis(Ethane-2,1-Diyl-1,3,4-Thiadiazole-5,2-Diyl)]bis(2-Phenylacetamide)",C24H24N6O2S3,524.697,35,1,False,True,pubchem_name,BPTES,2026-09-26
BX-912,O=C(Nc1cccc(Nc2ncc(Br)c(NCCc3cnc[nH]3)n2)c1)N1CCCC1,DMMILYKXNCVKOJ-UHFFFAOYSA-N,O=C(Nc1cccc(Nc2ncc(Br)c(NCCc3cnc[nH]3)n2)c1)N1CCCC1,DMMILYKXNCVKOJ-UHFFFAOYSA-N,11754511,BX-912,C20H23BrN8O,471.363,30,1,False,True,pubchem_name,BX-912,2026-09-26
BX795,O=C(NCCCNc1nc(Nc2cccc(NC(=O)N3CCCC3)c2)ncc1I)c1cccs1,VAVXGGRQQJZYBL-UHFFFAOYSA-N,O=C(NCCCNc1nc(Nc2cccc(NC(=O)N3CCCC3)c2)ncc1I)c1cccs1,VAVXGGRQQJZYBL-UHFFFAOYSA-N,10077147,N-(3-((5-Iodo-4-((3-((2-thienylcarbonyl)amino)propyl)amino)-2-pyrimidinyl)amino)phenyl)-1-pyrrolidinecarboxamide,C23H26IN7O2S,591.479,34,1,False,True,pubchem_name,BX795,2026-09-26
Belinostat,O=C(/C=C/c1cccc(S(=O)(=O)Nc2ccccc2)c1)NO,NCNRHFGMJRPRSK-MDZDMXLPSA-N,O=C(/C=C/c1cccc(S(=O)(=O)Nc2ccccc2)c1)NO,NCNRHFGMJRPRSK-MDZDMXLPSA-N,6918638,Belinostat,C15H14N2O4S,318.354,22,1,False,True,pubchem_name,Belinostat,2026-09-26
Bexarotene,C=C(c1ccc(C(=O)O)cc1)c1cc2c(cc1C)C(C)(C)CCC2(C)C,NAVMQTYZDKMPEU-UHFFFAOYSA-N,C=C(c1ccc(C(=O)O)cc1)c1cc2c(cc1C)C(C)(C)CCC2(C)C,NAVMQTYZDKMPEU-UHFFFAOYSA-N,82146,Bexarotene,C24H28O2,348.486,26,1,False,True,pubchem_name,Bexarotene,2026-09-26
Bicalutamide,CC(O)(CS(=O)(=O)c1ccc(F)cc1)C(=O)Nc1ccc(C#N)c(C(F)(F)F)c1,LKJPYSCBVHEWIU-UHFFFAOYSA-N,CC(O)(CS(=O)(=O)c1ccc(F)cc1)C(=O)Nc1ccc(C#N)c(C(F)(F)F)c1,LKJPYSCBVHEWIU-UHFFFAOYSA-N,2375,Bicalutamide,C18H14F4N2O4S,430.379,29,1,False,True,pubchem_name,Bicalutamide,2026-09-26
Bleomycin,Cc1c(N)nc([C@H](CC(N)=O)NC[C@H](N)C(N)=O)nc1C(=O)N[C@H](C(=O)N[C@H](C)[C@@H](O)[C@H](C)C(=O)N[C@H](C(=O)NCCc1nc(-c2nc(C(=O)NCCC[S+](C)C)cs2)cs1)[C@@H](C)O)[C@@H](OC1OC(CO)C(O)C(O)C1OC1OC(CO)C(O)C(OC(N)=O)C1O)c1cnc[nH]1,OYVAGSVQBOHSSS-WXFSZRTFSA-O,Cc1c(N)nc([C@H](CC(N)=O)NC[C@H](N)C(N)=O)nc1C(=O)N[C@H](C(=O)N[C@H](C)[C@@H](O)[C@H](C)C(=O)N[C@H](C(=O)NCCc1nc(-c2nc(C(=O)NCCC[S+](C)C)cs2)cs1)[C@@H](C)O)[C@@H](OC1OC(CO)C(O)C(O)C1OC1OC(CO)C(O)C(OC(N)=O)C1O)c1cnc[nH]1,OYVAGSVQBOHSSS-WXFSZRTFSA-O,5360373,Bleomycin,C55H84N17O21S3+,1415.576,96,1,False,True,pubchem_name,Bleomycin,2026-09-26
Bleomycin (10 uM),Cc1c(N)nc([C@H](CC(N)=O)NC[C@H](N)C(N)=O)nc1C(=O)N[C@H](C(=O)N[C@H](C)[C@@H](O)[C@H](C)C(=O)N[C@H](C(=O)NCCc1nc(-c2nc(C(=O)NCCC[S+](C)C)cs2)cs1)[C@@H](C)O)[C@@H](OC1OC(CO)C(O)C(O)C1OC1OC(CO)C(O)C(OC(N)=O)C1O)c1cnc[nH]1,OYVAGSVQBOHSSS-WXFSZRTFSA-O,Cc1c(N)nc([C@H](CC(N)=O)NC[C@H](N)C(N)=O)nc1C(=O)N[C@H](C(=O)N[C@H](C)[C@@H](O)[C@H](C)C(=O)N[C@H](C(=O)NCCc1nc(-c2nc(C(=O)NCCC[S+](C)C)cs2)cs1)[C@@H](C)O)[C@@H](OC1OC(CO)C(O)C(O)C1OC1OC(CO)C(O)C(OC(N)=O)C1O)c1cnc[nH]1,OYVAGSVQBOHSSS-WXFSZRTFSA-O,5360373,Bleomycin,C55H84N17O21S3+,1415.576,96,1,False,True,pubchem_name,Bleomycin,2026-09-26
Bleomycin (50 uM),Cc1c(N)nc([C@H](CC(N)=O)NC[C@H](N)C(N)=O)nc1C(=O)N[C@H](C(=O)N[C@H](C)[C@@H](O)[C@H](C)C(=O)N[C@H](C(=O)NCCc1nc(-c2nc(C(=O)NCCC[S+](C)C)cs2)cs1)[C@@H](C)O)[C@@H](OC1OC(CO)C(O)C(O)C1OC1OC(CO)C(O)C(OC(N)=O)C1O)c1cnc[nH]1,OYVAGSVQBOHSSS-WXFSZRTFSA-O,Cc1c(N)nc([C@H](CC(N)=O)NC[C@H](N)C(N)=O)nc1C(=O)N[C@H](C(=O)N[C@H](C)[C@@H](O)[C@H](C)C(=O)N[C@H](C(=O)NCCc1nc(-c2nc(C(=O)NCCC[S+](C)C)cs2)cs1)[C@@H](C)O)[C@@H](OC1OC(CO)C(O)C(O)C1OC1OC(CO)C(O)C(OC(N)=O)C1O)c1cnc[nH]1,OYVAGSVQBOHSSS-WXFSZRTFSA-O,5360373,Bleomycin,C55H84N17O21S3+,1415.576,96,1,False,True,pubchem_name,Bleomycin,2026-09-26
Bortezomib,CC(C)C[C@H](NC(=O)[C@H](Cc1ccccc1)NC(=O)c1cnccn1)B(O)O,GXJABQQUPOEUTA-RDJZCZTQSA-N,CC(C)C[C@H](NC(=O)[C@H](Cc1ccccc1)NC(=O)c1cnccn1)B(O)O,GXJABQQUPOEUTA-RDJZCZTQSA-N,387447,Bortezomib,C19H25BN4O4,384.245,28,1,False,True,pubchem_name,Bortezomib,2026-09-26
Bosutinib,COc1cc(Nc2c(C#N)cnc3cc(OCCCN4CCN(C)CC4)c(OC)cc23)c(Cl)cc1Cl,UBPYILGKFZZVDX-UHFFFAOYSA-N,COc1cc(Nc2c(C#N)cnc3cc(OCCCN4CCN(C)CC4)c(OC)cc23)c(Cl)cc1Cl,UBPYILGKFZZVDX-UHFFFAOYSA-N,5328940,Bosutinib,C26H29Cl2N5O3,530.456,36,1,False,True,pubchem_name,Bosutinib,2026-09-26
"Brivanib, BMS-540215",Cc1cc2c(F)c(Oc3ncnn4cc(OC[C@@H](C)O)c(C)c34)ccc2[nH]1,WCWUXEGQKLTGDX-LLVKDONJSA-N,Cc1cc2c(F)c(Oc3ncnn4cc(OC[C@@H](C)O)c(C)c34)ccc2[nH]1,WCWUXEGQKLTGDX-LLVKDONJSA-N,11234052,Brivanib,C19H19FN4O3,370.384,27,1,False,True,pubchem_alias,Brivanib,2026-09-26
Bromosporine,CCOC(=O)Nc1cc(-c2ccc(C)c(NS(C)(=O)=O)c2)nn2c(C)nnc12,UYBRROMMFMPJAN-UHFFFAOYSA-N,CCOC(=O)Nc1cc(-c2ccc(C)c(NS(C)(=O)=O)c2)nn2c(C)nnc12,UYBRROMMFMPJAN-UHFFFAOYSA-N,72943187,Bromosporine,C17H20N6O4S,404.452,28,1,False,True,pubchem_name,Bromosporine,2026-09-26
Bryostatin 1,CCC/C=C/C=C/C(=O)O[C@H]1/C(=C/C(=O)OC)C[C@H]2C[C@H]([C@@H](C)O)OC(=O)C[C@H](O)C[C@@H]3C[C@H](OC(C)=O)C(C)(C)[C@](O)(C[C@@H]4C/C(=C/C(=O)OC)C[C@H](/C=C/C(C)(C)[C@]1(O)O2)O4)O3,MJQUEDHRCUIRLF-TVIXENOKSA-N,CCC/C=C/C=C/C(=O)O[C@H]1/C(=C/C(=O)OC)C[C@H]2C[C@H]([C@@H](C)O)OC(=O)C[C@H](O)C[C@@H]3C[C@H](OC(C)=O)C(C)(C)[C@](O)(C[C@@H]4C/C(=C/C(=O)OC)C[C@H](/C=C/C(C)(C)[C@]1(O)O2)O4)O3,MJQUEDHRCUIRLF-TVIXENOKSA-N,5280757,Bryostatin 1,C47H68O17,905.044,64,1,False,True,pubchem_name,Bryostatin 1,2026-09-26
Buparlisib,Nc1cc(C(F)(F)F)c(-c2cc(N3CCOCC3)nc(N3CCOCC3)n2)cn1,CWHUFRVAEUJCEF-UHFFFAOYSA-N,Nc1cc(C(F)(F)F)c(-c2cc(N3CCOCC3)nc(N3CCOCC3)n2)cn1,CWHUFRVAEUJCEF-UHFFFAOYSA-N,16654980,Buparlisib,C18H21F3N6O2,410.4,29,1,False,True,pubchem_name,Buparlisib,2026-09-26
C-75,C=C1C(=O)OC(CCCCCCCC)C1C(=O)O,VCWLZDVWHQVAJU-UHFFFAOYSA-N,C=C1C(=O)OC(CCCCCCCC)C1C(=O)O,VCWLZDVWHQVAJU-UHFFFAOYSA-N,4248455,Tetrahydro-4-methylene-2-octyl-5-oxo-3-furancarboxylic acid,C14H22O4,254.326,18,1,False,True,pubchem_name,C-75,2026-09-26
"CAP-232, TT-232, TLN-232",C[C@@H](O)[C@H](NC(=O)[C@@H]1CSSC[C@H](NC(=O)[C@H](N)Cc2ccccc2)C(=O)N[C@@H](Cc2ccc(O)cc2)C(=O)N[C@H](Cc2c[nH]c3ccccc23)C(=O)N[C@@H](CCCCN)C(=O)N1)C(N)=O,SNAJPQVDGYDQSW-DYCFWDQMSA-N,C[C@@H](O)[C@H](NC(=O)[C@@H]1CSSC[C@H](NC(=O)[C@H](N)Cc2ccccc2)C(=O)N[C@@H](Cc2ccc(O)cc2)C(=O)N[C@H](Cc2c[nH]c3ccccc23)C(=O)N[C@@H](CCCCN)C(=O)N1)C(N)=O,SNAJPQVDGYDQSW-DYCFWDQMSA-N,6918265,Tt-232,C45H58N10O9S2,947.154,66,1,False,True,pubchem_alias,TT-232,2026-09-26
CAY10566,Cc1nnc(-c2ccc(N3CCC(Oc4cc(F)ccc4Cl)CC3)nn2)o1,WFOFPVXMPTVOTJ-UHFFFAOYSA-N,Cc1nnc(-c2ccc(N3CCC(Oc4cc(F)ccc4Cl)CC3)nn2)o1,WFOFPVXMPTVOTJ-UHFFFAOYSA-N,16732433,"2-(6-(4-(2-Chloro-5-fluorophenoxy)piperidin-1-yl)pyridazin-3-yl)-5-methyl-1,3,4-oxadiazole",C18H17ClFN5O2,389.818,27,1,False,True,pubchem_name,CAY10566,2026-09-26
CAY10603,CC(C)(C)OC(=O)Nc1ccc(-c2cc(C(=O)NCCCCCCC(=O)NO)no2)cc1,WWGBHDIHIVGYLZ-UHFFFAOYSA-N,CC(C)(C)OC(=O)Nc1ccc(-c2cc(C(=O)NCCCCCCC(=O)NO)no2)cc1,WWGBHDIHIVGYLZ-UHFFFAOYSA-N,24951314,Bml-281,C22H30N4O6,446.504,32,1,False,True,pubchem_name,CAY10603,2026-09-26
CCT-018159,CCc1cc(-c2n[nH]c(C)c2-c2ccc3c(c2)OCCO3)c(O)cc1O,OWPMENVYXDJDOW-UHFFFAOYSA-N,CCc1cc(-c2n[nH]c(C)c2-c2ccc3c(c2)OCCO3)c(O)cc1O,OWPMENVYXDJDOW-UHFFFAOYSA-N,984170,Cct-018159,C20H20N2O4,352.39,26,1,False,True,pubchem_name,CCT-018159,2026-09-26
CCT007093,O=C1/C(=C/c2cccs2)CC/C1=C\c1cccs1,KPFZCKDPBMGECB-WGDLNXRISA-N,O=C1/C(=C/c2cccs2)CC/C1=C\c1cccs1,KPFZCKDPBMGECB-WGDLNXRISA-N,2314623,Cct007093,C15H12OS2,272.394,18,1,False,True,pubchem_name,CCT007093,2026-09-26
CCT245232,Cc1ccc2cc(C(=O)Nc3cc(NC(=O)c4ccc5c(c4)OCCO5)ccc3C)ccc2n1,RZQWMJAOUJLEAM-UHFFFAOYSA-N,Cc1ccc2cc(C(=O)Nc3cc(NC(=O)c4ccc5c(c4)OCCO5)ccc3C)ccc2n1,RZQWMJAOUJLEAM-UHFFFAOYSA-N,117996541,CID 117996541,C27H23N3O4,453.498,34,1,False,True,pubchem_name,CCT245232,2026-09-26
CD532,O=C(Nc1ccc(Nc2nccc(Nc3cc(C4CCCC4)[nH]n3)n2)cc1)Nc1cccc(C(F)(F)F)c1,GBMIFBVLJSCVJT-UHFFFAOYSA-N,O=C(Nc1ccc(Nc2nccc(Nc3cc(C4CCCC4)[nH]n3)n2)cc1)Nc1cccc(C(F)(F)F)c1,GBMIFBVLJSCVJT-UHFFFAOYSA-N,77232197,"1-[4-({4-[(5-cyclopentyl-1H-pyrazol-3-yl)imino]-1,4-dihydropyrimidin-2-yl}amino)phenyl]-3-[3-(trifluoromethyl)phenyl]urea",C26H25F3N8O,522.535,38,1,False,True,pubchem_name,CD532,2026-09-26
CGP-082996,CCNc1cc(NC2CCC(O)CC2)nc(Nc2ccc3c(ccn3Cc3ccccc3)c2)n1,YVXCDLCJCIDFHE-UHFFFAOYSA-N,CCNc1cc(NC2CCC(O)CC2)nc(Nc2ccc3c(ccn3Cc3ccccc3)c2)n1,YVXCDLCJCIDFHE-UHFFFAOYSA-N,24825971,Cdk4/6 Inhibitor IV,C27H32N6O,456.594,34,1,False,True,pubchem_synonym,CINK4,2026-09-26
CGP-60474,OCCCNc1cc(-c2ccnc(Nc3cccc(Cl)c3)n2)ccn1,IYNDTACKOAXKBJ-UHFFFAOYSA-N,OCCCNc1cc(-c2ccnc(Nc3cccc(Cl)c3)n2)ccn1,IYNDTACKOAXKBJ-UHFFFAOYSA-N,644215,Cgp-60474,C18H18ClN5O,355.829,25,1,False,True,pubchem_name,CGP-60474,2026-09-26
CHIR-99021,Cc1cnc(-c2cnc(NCCNc3ccc(C#N)cn3)nc2-c2ccc(Cl)cc2Cl)[nH]1,AQGNHMOJWBZFQQ-UHFFFAOYSA-N,Cc1cnc(-c2cnc(NCCNc3ccc(C#N)cn3)nc2-c2ccc(Cl)cc2Cl)[nH]1,AQGNHMOJWBZFQQ-UHFFFAOYSA-N,9956119,Laduviglusib,C22H18Cl2N8,465.348,32,1,False,True,pubchem_name,CHIR-99021,2026-09-26
CI-1033,C=CC(=O)Nc1cc2c(Nc3ccc(F)c(Cl)c3)ncnc2cc1OCCCN1CCOCC1,OMZCMEYTWSXEPZ-UHFFFAOYSA-N,C=CC(=O)Nc1cc2c(Nc3ccc(F)c(Cl)c3)ncnc2cc1OCCCN1CCOCC1,OMZCMEYTWSXEPZ-UHFFFAOYSA-N,156414,Canertinib,C24H25ClFN5O3,485.947,34,1,False,True,pubchem_name,CI-1033,2026-09-26
CI-1040,O=C(NOCC1CC1)c1ccc(F)c(F)c1Nc1ccc(I)cc1Cl,GFMMXOIFOQCCGU-UHFFFAOYSA-N,O=C(NOCC1CC1)c1ccc(F)c(F)c1Nc1ccc(I)cc1Cl,GFMMXOIFOQCCGU-UHFFFAOYSA-N,6918454,Ci-1040,C17H14ClF2IN2O2,478.664,25,1,False,True,pubchem_name,CI-1040,2026-09-26
CMK,Cc1ccc(-c2c(C(=O)CCl)n(CCCO)c3ncnc(N)c23)cc1,PELFTNQHGSITLB-UHFFFAOYSA-N,Cc1ccc(-c2c(C(=O)CCl)n(CCCO)c3ncnc(N)c23)cc1,PELFTNQHGSITLB-UHFFFAOYSA-N,16663089,"1-(4-Amino-7-(3-hydroxypropyl)-5-(p-tolyl)-7h-pyrrolo[2,3-d]pyrimidin-6-yl)-2-chloroethanone",C18H19ClN4O2,358.829,25,1,False,True,pubchem_name,CMK,2026-09-26
CP466722,COc1cc2ncnc(-n3nc(-c4ccccn4)nc3N)c2cc1OC,ILBRKJBKDGCSCB-UHFFFAOYSA-N,COc1cc2ncnc(-n3nc(-c4ccccn4)nc3N)c2cc1OC,ILBRKJBKDGCSCB-UHFFFAOYSA-N,44551660,CP466722,C17H15N7O2,349.354,26,1,False,True,pubchem_name,CP466722,2026-09-26
CP724714,COCC(=O)NC/C=C/c1ccc2ncnc(Nc3ccc(Oc4ccc(C)nc4)c(C)c3)c2c1,LLVZBTWPGQVVLW-SNAWJCMRSA-N,COCC(=O)NC/C=C/c1ccc2ncnc(Nc3ccc(Oc4ccc(C)nc4)c(C)c3)c2c1,LLVZBTWPGQVVLW-SNAWJCMRSA-N,9874913,Cp-724714,C27H27N5O3,469.545,35,1,False,True,pubchem_name,CP724714,2026-09-26
CPI-613,O=C(O)CCCCC(CCSCc1ccccc1)SCc1ccccc1,ZYRLHJIMTROTBO-UHFFFAOYSA-N,O=C(O)CCCCC(CCSCc1ccccc1)SCc1ccccc1,ZYRLHJIMTROTBO-UHFFFAOYSA-N,24770514,"6,8-Bis((phenylmethyl)thio)octanoic acid",C22H28O2S2,388.598,26,1,False,True,pubchem_name,CPI-613,2026-09-26
CPI-637,C[C@@H]1CC(=O)Nc2cccc(-c3ccc4c(c3)c(-c3cnn(C)c3)nn4C)c2N1,BFTKDWYIRJGJCA-CYBMUJFWSA-N,C[C@@H]1CC(=O)Nc2cccc(-c3ccc4c(c3)c(-c3cnn(C)c3)nn4C)c2N1,BFTKDWYIRJGJCA-CYBMUJFWSA-N,121271792,"(R)-4-methyl-6-(1-methyl-3-(1-methyl-1H-pyrazol-4-yl)-1H-indazol-5-yl)-4,5-dihydro-1H-benzo[b][1,4]diazepin-2(3H)-one",C22H22N6O,386.459,29,1,False,True,pubchem_name,CPI-637,2026-09-26
CRT0105446,COc1ccc(-c2cnccc2-c2cnc(NC(=O)C(C)C)s2)c(C(F)(F)F)c1,UIQNMIISGRIHIY-UHFFFAOYSA-N,COc1ccc(-c2cnccc2-c2cnc(NC(=O)C(C)C)s2)c(C(F)(F)F)c1,UIQNMIISGRIHIY-UHFFFAOYSA-N,117918919,N-(5-(3-(2-Trifluoromethyl-4-methoxyphenyl)-4-pyridyl)thiazole-2-yl)-2-methylpropanamide,C20H18F3N3O2S,421.444,29,1,False,True,pubchem_code_variant,CRT-0105446,2026-09-26
CRT0105950,Cc1ccc(-c2cnccc2-c2cnc(Nc3ccc(O)cc3)s2)c(Cl)c1,QYDBOFPHPMYWDO-UHFFFAOYSA-N,Cc1ccc(-c2cnccc2-c2cnc(Nc3ccc(O)cc3)s2)c(Cl)c1,QYDBOFPHPMYWDO-UHFFFAOYSA-N,117918970,4-((5-(3-(2-Chloro-4-methylphenyl)pyridin-4-yl)thiazol-2-yl)amino)phenol,C21H16ClN3OS,393.899,27,1,False,True,pubchem_name,CRT0105950,2026-09-26
CUDC-101,C#Cc1cccc(Nc2ncnc3cc(OC)c(OCCCCCCC(=O)NO)cc23)c1,PLIVFNIUGLLCEK-UHFFFAOYSA-N,C#Cc1cccc(Nc2ncnc3cc(OC)c(OCCCCCCC(=O)NO)cc23)c1,PLIVFNIUGLLCEK-UHFFFAOYSA-N,24756910,Cudc-101,C24H26N4O4,434.496,32,1,False,True,pubchem_name,CUDC-101,2026-09-26
CX-5461,Cc1cnc(CNC(=O)c2c(=O)c3ccc(N4CCCN(C)CC4)nc3n3c2sc2ccccc23)cn1,XGPBJCHFROADCK-UHFFFAOYSA-N,Cc1cnc(CNC(=O)c2c(=O)c3ccc(N4CCCN(C)CC4)nc3n3c2sc2ccccc23)cn1,XGPBJCHFROADCK-UHFFFAOYSA-N,25257557,Cx-5461,C27H27N7O2S,513.627,37,1,False,True,pubchem_name,CX-5461,2026-09-26
CZC24832,CC(C)(C)NS(=O)(=O)c1cncc(-c2cc(F)c3nc(N)nn3c2)c1,RXRZPHQBTHQXSV-UHFFFAOYSA-N,CC(C)(C)NS(=O)(=O)c1cncc(-c2cc(F)c3nc(N)nn3c2)c1,RXRZPHQBTHQXSV-UHFFFAOYSA-N,42623951,Czc-24832,C15H17FN6O2S,364.406,25,1,False,True,pubchem_name,CZC24832,2026-09-26
Cabozantinib,COc1cc2nccc(Oc3ccc(NC(=O)C4(C(=O)Nc5ccc(F)cc5)CC4)cc3)c2cc1OC,ONIQOQHATWINJY-UHFFFAOYSA-N,COc1cc2nccc(Oc3ccc(NC(=O)C4(C(=O)Nc5ccc(F)cc5)CC4)cc3)c2cc1OC,ONIQOQHATWINJY-UHFFFAOYSA-N,25102847,Cabozantinib,C28H24FN3O5,501.514,37,1,False,True,pubchem_name,Cabozantinib,2026-09-26
Camptothecin,CC[C@@]1(O)C(=O)OCc2c1cc1n(c2=O)Cc2cc3ccccc3nc2-1,VSJKWCGYPAHWDS-FQEVSTJZSA-N,CC[C@@]1(O)C(=O)OCc2c1cc1n(c2=O)Cc2cc3ccccc3nc2-1,VSJKWCGYPAHWDS-FQEVSTJZSA-N,24360,Camptothecin,C20H16N2O4,348.358,26,1,False,True,pubchem_name,Camptothecin,2026-09-26
Capivasertib,NC1(C(=O)N[C@@H](CCO)c2ccc(Cl)cc2)CCN(c2ncnc3[nH]ccc23)CC1,JDUBGYFRJFOXQC-KRWDZBQOSA-N,NC1(C(=O)N[C@@H](CCO)c2ccc(Cl)cc2)CCN(c2ncnc3[nH]ccc23)CC1,JDUBGYFRJFOXQC-KRWDZBQOSA-N,25227436,Capivasertib,C21H25ClN6O2,428.924,30,1,False,True,pubchem_name,Capivasertib,2026-09-26
Cediranib,COc1cc2c(Oc3ccc4[nH]c(C)cc4c3F)ncnc2cc1OCCCN1CCCC1,XXJWYDDUDKYVKI-UHFFFAOYSA-N,COc1cc2c(Oc3ccc4[nH]c(C)cc4c3F)ncnc2cc1OCCCN1CCCC1,XXJWYDDUDKYVKI-UHFFFAOYSA-N,9933475,Cediranib,C25H27FN4O3,450.514,33,1,False,True,pubchem_name,Cediranib,2026-09-26
Cisplatin,N.N.[Cl][Pt][Cl],LXZZYRPGZAFOLE-UHFFFAOYSA-L,N.N.[Cl][Pt][Cl],LXZZYRPGZAFOLE-UHFFFAOYSA-L,5702198,azane;dichloroplatinum,Cl2H6N2Pt,300.046,5,3,True,True,pubchem_name,Cisplatin,2026-09-26
Crizotinib,C[C@@H](Oc1cc(-c2cnn(C3CCNCC3)c2)cnc1N)c1c(Cl)ccc(F)c1Cl,KTEIFNKAUNYNJU-GFCCVEGCSA-N,C[C@@H](Oc1cc(-c2cnn(C3CCNCC3)c2)cnc1N)c1c(Cl)ccc(F)c1Cl,KTEIFNKAUNYNJU-GFCCVEGCSA-N,11626560,Crizotinib,C21H22Cl2FN5O,450.345,30,1,False,True,pubchem_name,Crizotinib,2026-09-26
Cyclopamine,CC1=C2C[C@H]3[C@@H](CC=C4C[C@@H](O)CC[C@@]43C)[C@@H]2CC[C@]12O[C@@H]1C[C@H](C)CN[C@H]1[C@H]2C,QASFUMOKHFSJGL-LAFRSMQTSA-N,CC1=C2C[C@H]3[C@@H](CC=C4C[C@@H](O)CC[C@@]43C)[C@@H]2CC[C@]12O[C@@H]1C[C@H](C)CN[C@H]1[C@H]2C,QASFUMOKHFSJGL-LAFRSMQTSA-N,442972,Cyclopamine,C27H41NO2,411.63,30,1,False,True,pubchem_name,Cyclopamine,2026-09-26
Cyclophosphamide,O=P1(N(CCCl)CCCl)NCCCO1,CMSMOCZEIVJLDB-UHFFFAOYSA-N,O=P1(N(CCCl)CCCl)NCCCO1,CMSMOCZEIVJLDB-UHFFFAOYSA-N,2907,Cyclophosphamide,C7H15Cl2N2O2P,261.089,14,1,False,True,pubchem_name,Cyclophosphamide,2026-09-26
Cytarabine,Nc1ccn([C@@H]2O[C@H](CO)[C@@H](O)[C@@H]2O)c(=O)n1,UHDGCWIWMRVCDJ-CCXZUQQUSA-N,Nc1ccn([C@@H]2O[C@H](CO)[C@@H](O)[C@@H]2O)c(=O)n1,UHDGCWIWMRVCDJ-CCXZUQQUSA-N,6253,Cytarabine,C9H13N3O5,243.219,17,1,False,True,pubchem_name,Cytarabine,2026-09-26
DMOG,COC(=O)CNC(=O)C(=O)OC,BNJOZDZCRHCODO-UHFFFAOYSA-N,COC(=O)CNC(=O)C(=O)OC,BNJOZDZCRHCODO-UHFFFAOYSA-N,560326,Dimethyloxalylglycine,C6H9NO5,175.14,12,1,False,True,pubchem_name,DMOG,2026-09-26
Dabrafenib,CC(C)(C)c1nc(-c2cccc(NS(=O)(=O)c3c(F)cccc3F)c2F)c(-c2ccnc(N)n2)s1,BFSMGDJOXZAERB-UHFFFAOYSA-N,CC(C)(C)c1nc(-c2cccc(NS(=O)(=O)c3c(F)cccc3F)c2F)c(-c2ccnc(N)n2)s1,BFSMGDJOXZAERB-UHFFFAOYSA-N,44462760,Dabrafenib,C23H20F3N5O2S2,519.574,35,1,False,True,pubchem_name,Dabrafenib,2026-09-26
Dacarbazine,CN(C)/N=N/c1nc[nH]c1C(N)=O,FDKXTQMXEQVLRF-ZHACJKMWSA-N,CN(C)/N=N/c1nc[nH]c1C(N)=O,FDKXTQMXEQVLRF-ZHACJKMWSA-N,135398738,Dacarbazine,C6H10N6O,182.187,13,1,False,True,pubchem_name,Dacarbazine,2026-09-26
Dacinostat,O=C(/C=C/c1ccc(CN(CCO)CCc2c[nH]c3ccccc23)cc1)NO,BWDQBBCUWLSASG-MDZDMXLPSA-N,O=C(/C=C/c1ccc(CN(CCO)CCc2c[nH]c3ccccc23)cc1)NO,BWDQBBCUWLSASG-MDZDMXLPSA-N,6445533,Dacinostat,C22H25N3O3,379.46,28,1,False,True,pubchem_name,Dacinostat,2026-09-26
Dactinomycin,Cc1c2oc3c(C)ccc(C(=O)N[C@@H]4C(=O)N[C@H](C(C)C)C(=O)N5CCC[C@H]5C(=O)N(C)CC(=O)N(C)[C@@H](C(C)C)C(=O)O[C@@H]4C)c3nc-2c(C(=O)N[C@@H]2C(=O)N[C@H](C(C)C)C(=O)N3CCC[C@H]3C(=O)N(C)CC(=O)N(C)[C@@H](C(C)C)C(=O)O[C@@H]2C)c(N)c1=O,RJURFGZVJUQBHK-IIXSONLDSA-N,Cc1c2oc3c(C)ccc(C(=O)N[C@@H]4C(=O)N[C@H](C(C)C)C(=O)N5CCC[C@H]5C(=O)N(C)CC(=O)N(C)[C@@H](C(C)C)C(=O)O[C@@H]4C)c3nc-2c(C(=O)N[C@@H]2C(=O)N[C@H](C(C)C)C(=O)N3CCC[C@H]3C(=O)N(C)CC(=O)N(C)[C@@H](C(C)C)C(=O)O[C@@H]2C)c(N)c1=O,RJURFGZVJUQBHK-IIXSONLDSA-N,457193,Dactinomycin,C62H86N12O16,1255.438,90,1,False,True,pubchem_name,Dactinomycin,2026-09-26
Dactolisib,Cn1c(=O)n(-c2ccc(C(C)(C)C#N)cc2)c2c3cc(-c4cnc5ccccc5c4)ccc3ncc21,JOGKUKXHTYWRGZ-UHFFFAOYSA-N,Cn1c(=O)n(-c2ccc(C(C)(C)C#N)cc2)c2c3cc(-c4cnc5ccccc5c4)ccc3ncc21,JOGKUKXHTYWRGZ-UHFFFAOYSA-N,11977753,Dactolisib,C30H23N5O,469.548,36,1,False,True,pubchem_name,Dactolisib,2026-09-26
Daporinad,O=C(/C=C/c1cccnc1)NCCCCC1CCN(C(=O)c2ccccc2)CC1,KPBNHDGDUADAGP-VAWYXSNFSA-N,O=C(/C=C/c1cccnc1)NCCCCC1CCN(C(=O)c2ccccc2)CC1,KPBNHDGDUADAGP-VAWYXSNFSA-N,6914657,Daporinad,C24H29N3O2,391.515,29,1,False,True,pubchem_name,Daporinad,2026-09-26
Dasatinib,Cc1nc(Nc2ncc(C(=O)Nc3c(C)cccc3Cl)s2)cc(N2CCN(CCO)CC2)n1,ZBNZXTGUTAYRHI-UHFFFAOYSA-N,Cc1nc(Nc2ncc(C(=O)Nc3c(C)cccc3Cl)s2)cc(N2CCN(CCO)CC2)n1,ZBNZXTGUTAYRHI-UHFFFAOYSA-N,3062316,Dasatinib,C22H26ClN7O2S,488.017,33,1,False,True,pubchem_name,Dasatinib,2026-09-26
Dihydrorotenone,COc1cc2c(cc1OC)[C@@H]1C(=O)c3ccc4c(c3O[C@@H]1CO2)C[C@H](C(C)C)O4,DTFARBHXORYQBF-HBGVWJBISA-N,COc1cc2c(cc1OC)[C@@H]1C(=O)c3ccc4c(c3O[C@@H]1CO2)C[C@H](C(C)C)O4,DTFARBHXORYQBF-HBGVWJBISA-N,243725,Dihydrorotenone,C23H24O6,396.439,29,1,False,True,pubchem_name,Dihydrorotenone,2026-09-26
Dinaciclib,CCc1cnn2c(NCc3ccc[n+]([O-])c3)cc(N3CCCC[C@H]3CCO)nc12,PIMQWRZWLQKKBJ-SFHVURJKSA-N,CCc1cnn2c(NCc3ccc[n+]([O-])c3)cc(N3CCCC[C@H]3CCO)nc12,PIMQWRZWLQKKBJ-SFHVURJKSA-N,46926350,Dinaciclib,C21H28N6O2,396.495,29,1,False,True,pubchem_name,Dinaciclib,2026-09-26
Docetaxel,CC(=O)O[C@@]12CO[C@@H]1C[C@H](O)[C@@]1(C)C(=O)[C@H](O)C3=C(C)[C@@H](OC(=O)[C@H](O)[C@@H](NC(=O)OC(C)(C)C)c4ccccc4)C[C@@](O)([C@@H](OC(=O)c4ccccc4)[C@H]21)C3(C)C,ZDZOTLJHXYCWBA-VCVYQWHSSA-N,CC(=O)O[C@@]12CO[C@@H]1C[C@H](O)[C@@]1(C)C(=O)[C@H](O)C3=C(C)[C@@H](OC(=O)[C@H](O)[C@@H](NC(=O)OC(C)(C)C)c4ccccc4)C[C@@](O)([C@@H](OC(=O)c4ccccc4)[C@H]21)C3(C)C,ZDZOTLJHXYCWBA-VCVYQWHSSA-N,148124,Docetaxel,C43H53NO14,807.89,58,1,False,True,pubchem_name,Docetaxel,2026-09-26
Doramapimod,Cc1ccc(-n2nc(C(C)(C)C)cc2NC(=O)Nc2ccc(OCCN3CCOCC3)c3ccccc23)cc1,MVCOAUNKQVWQHZ-UHFFFAOYSA-N,Cc1ccc(-n2nc(C(C)(C)C)cc2NC(=O)Nc2ccc(OCCN3CCOCC3)c3ccccc23)cc1,MVCOAUNKQVWQHZ-UHFFFAOYSA-N,156422,Doramapimod,C31H37N5O3,527.669,39,1,False,True,pubchem_name,Doramapimod,2026-09-26
Doxorubicin,COc1cccc2c1C(=O)c1c(O)c3c(c(O)c1C2=O)C[C@@](O)(C(=O)CO)C[C@@H]3O[C@H]1C[C@H](N)[C@H](O)[C@H](C)O1,AOJJSUZBOXZQNB-TZSSRYMLSA-N,COc1cccc2c1C(=O)c1c(O)c3c(c(O)c1C2=O)C[C@@](O)(C(=O)CO)C[C@@H]3O[C@H]1C[C@H](N)[C@H](O)[C@H](C)O1,AOJJSUZBOXZQNB-TZSSRYMLSA-N,31703,Doxorubicin,C27H29NO11,543.525,39,1,False,True,pubchem_name,Doxorubicin,2026-09-26
EHT-1864,Cl.Cl.O=c1cc(CN2CCOCC2)occ1OCCCCCSc1ccnc2cc(C(F)(F)F)ccc12,LSECOAJFCKFQJG-UHFFFAOYSA-N,O=c1cc(CN2CCOCC2)occ1OCCCCCSc1ccnc2cc(C(F)(F)F)ccc12,MIDUFIRTIFUTQA-UHFFFAOYSA-N,9938202,Eht-1864,C25H29Cl2F3N2O4S,581.484,37,3,False,True,pubchem_name,EHT-1864,2026-09-26
EPZ004777,CC(C)N(CCCNC(=O)Nc1ccc(C(C)(C)C)cc1)C[C@H]1O[C@@H](n2ccc3c(N)ncnc32)[C@H](O)[C@@H]1O,WXRGFPHDRFQODR-ICLZECGLSA-N,CC(C)N(CCCNC(=O)Nc1ccc(C(C)(C)C)cc1)C[C@H]1O[C@@H](n2ccc3c(N)ncnc32)[C@H](O)[C@@H]1O,WXRGFPHDRFQODR-ICLZECGLSA-N,56962336,Epz004777,C28H41N7O4,539.681,39,1,False,True,pubchem_name,EPZ004777,2026-09-26
EPZ5676,CC(C)N(C[C@H]1O[C@@H](n2cnc3c(N)ncnc32)[C@H](O)[C@@H]1O)C1CC(CCc2nc3ccc(C(C)(C)C)cc3[nH]2)C1,LXFOLMYKSYSZQS-XKHGBIBOSA-N,CC(C)N(C[C@H]1O[C@@H](n2cnc3c(N)ncnc32)[C@H](O)[C@@H]1O)C1CC(CCc2nc3ccc(C(C)(C)C)cc3[nH]2)C1,LXFOLMYKSYSZQS-XKHGBIBOSA-N,57345410,Pinometostat,C30H42N8O3,562.719,41,1,False,True,pubchem_name,EPZ5676,2026-09-26
ETP-45835,c1cc(-c2cc(C3CCNCC3)[nH]n2)ccn1,VXNHTGWDWVCFSI-UHFFFAOYSA-N,c1cc(-c2cc(C3CCNCC3)[nH]n2)ccn1,VXNHTGWDWVCFSI-UHFFFAOYSA-N,46937430,4-[3-(Piperidin-4-yl)-1H-pyrazol-5-yl]pyridine,C13H16N4,228.299,17,1,False,True,pubchem_name,ETP-45835,2026-09-26
Elephantin,C=C1C(=O)O[C@H]2[C@H]1[C@@H](OC(=O)C=C(C)C)CC1=C[C@@H](C[C@@]3(C)O[C@H]23)OC1=O,HSTUUCOYVIWGLJ-DXUAHVLSSA-N,C=C1C(=O)O[C@H]2[C@H]1[C@@H](OC(=O)C=C(C)C)CC1=C[C@@H](C[C@@]3(C)O[C@H]23)OC1=O,HSTUUCOYVIWGLJ-DXUAHVLSSA-N,442205,Elephantin,C20H22O7,374.389,27,1,False,True,pubchem_name,Elephantin,2026-09-26
Elesclomol,CN(NC(=O)CC(=O)NN(C)C(=S)c1ccccc1)C(=S)c1ccccc1,BKJIXTWSNXCKJH-UHFFFAOYSA-N,CN(NC(=O)CC(=O)NN(C)C(=S)c1ccccc1)C(=S)c1ccccc1,BKJIXTWSNXCKJH-UHFFFAOYSA-N,300471,Elesclomol,C19H20N4O2S2,400.529,27,1,False,True,pubchem_name,Elesclomol,2026-09-26
Embelin,CCCCCCCCCCCC1=C(O)C(=O)C=C(O)C1=O,IRSFLDGTOHBADP-UHFFFAOYSA-N,CCCCCCCCCCCC1=C(O)C(=O)C=C(O)C1=O,IRSFLDGTOHBADP-UHFFFAOYSA-N,3218,Embelin,C17H26O4,294.391,21,1,False,True,pubchem_name,Embelin,2026-09-26
Entinostat,Nc1ccccc1NC(=O)c1ccc(CNC(=O)OCc2cccnc2)cc1,INVTYAOGFAGBOE-UHFFFAOYSA-N,Nc1ccccc1NC(=O)c1ccc(CNC(=O)OCc2cccnc2)cc1,INVTYAOGFAGBOE-UHFFFAOYSA-N,4261,Entinostat,C21H20N4O3,376.416,28,1,False,True,pubchem_name,Entinostat,2026-09-26
Entospletinib,c1cn2cc(-c3ccc4cn[nH]c4c3)nc(Nc3ccc(N4CCOCC4)cc3)c2n1,XSMSNFMDVXXHGJ-UHFFFAOYSA-N,c1cn2cc(-c3ccc4cn[nH]c4c3)nc(Nc3ccc(N4CCOCC4)cc3)c2n1,XSMSNFMDVXXHGJ-UHFFFAOYSA-N,59473233,Entospletinib,C23H21N7O,411.469,31,1,False,True,pubchem_name,Entospletinib,2026-09-26
Enzastaurin,Cn1cc(C2=C(c3cn(C4CCN(Cc5ccccn5)CC4)c4ccccc34)C(=O)NC2=O)c2ccccc21,AXRCEOKUDYDWLF-UHFFFAOYSA-N,Cn1cc(C2=C(c3cn(C4CCN(Cc5ccccn5)CC4)c4ccccc34)C(=O)NC2=O)c2ccccc21,AXRCEOKUDYDWLF-UHFFFAOYSA-N,176167,Enzastaurin,C32H29N5O2,515.617,39,1,False,True,pubchem_name,Enzastaurin,2026-09-26
Epirubicin,COc1cccc2c1C(=O)c1c(O)c3c(c(O)c1C2=O)C[C@@](O)(C(=O)CO)C[C@@H]3O[C@H]1C[C@H](N)[C@@H](O)[C@H](C)O1,AOJJSUZBOXZQNB-VTZDEGQISA-N,COc1cccc2c1C(=O)c1c(O)c3c(c(O)c1C2=O)C[C@@](O)(C(=O)CO)C[C@@H]3O[C@H]1C[C@H](N)[C@@H](O)[C@H](C)O1,AOJJSUZBOXZQNB-VTZDEGQISA-N,41867,Epirubicin,C27H29NO11,543.525,39,1,False,True,pubchem_name,Epirubicin,2026-09-26
Epothilone B,C/C(=C\c1csc(C)n1)[C@@H]1C[C@@H]2O[C@]2(C)CCC[C@H](C)[C@H](O)[C@@H](C)C(=O)C(C)(C)[C@@H](O)CC(=O)O1,QXRSDHAAWVKZLJ-PVYNADRNSA-N,C/C(=C\c1csc(C)n1)[C@@H]1C[C@@H]2O[C@]2(C)CCC[C@H](C)[C@H](O)[C@@H](C)C(=O)C(C)(C)[C@@H](O)CC(=O)O1,QXRSDHAAWVKZLJ-PVYNADRNSA-N,448013,Epothilone B,C27H41NO6S,507.693,35,1,False,True,pubchem_name,Epothilone B,2026-09-26
Erlotinib,C#Cc1cccc(Nc2ncnc3cc(OCCOC)c(OCCOC)cc23)c1,AAKJLRGGTJKAMG-UHFFFAOYSA-N,C#Cc1cccc(Nc2ncnc3cc(OCCOC)c(OCCOC)cc23)c1,AAKJLRGGTJKAMG-UHFFFAOYSA-N,176870,Erlotinib,C22H23N3O4,393.443,29,1,False,True,pubchem_name,Erlotinib,2026-09-26
Etoposide,COc1cc([C@@H]2c3cc4c(cc3[C@@H](O[C@@H]3O[C@@H]5CO[C@@H](C)O[C@H]5[C@H](O)[C@H]3O)[C@H]3COC(=O)[C@H]23)OCO4)cc(OC)c1O,VJJPUSNTGOMMGY-MRVIYFEKSA-N,COc1cc([C@@H]2c3cc4c(cc3[C@@H](O[C@@H]3O[C@@H]5CO[C@@H](C)O[C@H]5[C@H](O)[C@H]3O)[C@H]3COC(=O)[C@H]23)OCO4)cc(OC)c1O,VJJPUSNTGOMMGY-MRVIYFEKSA-N,36462,Etoposide,C29H32O13,588.562,42,1,False,True,pubchem_name,Etoposide,2026-09-26
FH535,Cc1cc([N+](=O)[O-])ccc1NS(=O)(=O)c1cc(Cl)ccc1Cl,AXNUEXXEQGQWPA-UHFFFAOYSA-N,Cc1cc([N+](=O)[O-])ccc1NS(=O)(=O)c1cc(Cl)ccc1Cl,AXNUEXXEQGQWPA-UHFFFAOYSA-N,3463933,FH535,C13H10Cl2N2O4S,361.206,22,1,False,True,pubchem_name,FH535,2026-09-26
FMK,Cc1ccc(-c2c(C(=O)CF)n(CCCO)c3ncnc(N)c23)cc1,IKLGYJACVCXYIL-UHFFFAOYSA-N,Cc1ccc(-c2c(C(=O)CF)n(CCCO)c3ncnc(N)c23)cc1,IKLGYJACVCXYIL-UHFFFAOYSA-N,644243,"1-(4-amino-7-(3-hydroxypropyl)-5-p-tolyl-7H-pyrrolo(2,3-d)pyrimidin-6-yl)-2-fluoroethanone",C18H19FN4O2,342.374,25,1,False,True,pubchem_name,FMK,2026-09-26
FR-180204,Nc1[nH]nc2nnc(-c3c(-c4ccccc4)nn4ccccc34)cc12,XVECMUKVOMUNLE-UHFFFAOYSA-N,Nc1[nH]nc2nnc(-c3c(-c4ccccc4)nn4ccccc34)cc12,XVECMUKVOMUNLE-UHFFFAOYSA-N,11493598,FR-180204,C18H13N7,327.351,25,1,False,True,pubchem_name,FR-180204,2026-09-26
FTI-277,COC(=O)[C@H](CCSC)NC(=O)c1ccc(NC[C@@H](N)CS)cc1-c1ccccc1,GKFPROVOIQKYTO-UZLBHIALSA-N,COC(=O)[C@H](CCSC)NC(=O)c1ccc(NC[C@@H](N)CS)cc1-c1ccccc1,GKFPROVOIQKYTO-UZLBHIALSA-N,3005532,Fti 277,C22H29N3O3S2,447.626,30,1,False,True,pubchem_name,FTI-277,2026-09-26
FTY-720,CCCCCCCCc1ccc(CCC(N)(CO)CO)cc1.Cl,SWZTYAVBMYWFGS-UHFFFAOYSA-N,CCCCCCCCc1ccc(CCC(N)(CO)CO)cc1,KKGQTZUTZRNORY-UHFFFAOYSA-N,107969,Fingolimod Hydrochloride,C19H34ClNO2,343.939,23,2,False,True,pubchem_name,FTY-720,2026-09-26
Fedratinib,Cc1cnc(Nc2ccc(OCCN3CCCC3)cc2)nc1Nc1cccc(S(=O)(=O)NC(C)(C)C)c1,JOOXLOJCABQBSG-UHFFFAOYSA-N,Cc1cnc(Nc2ccc(OCCN3CCCC3)cc2)nc1Nc1cccc(S(=O)(=O)NC(C)(C)C)c1,JOOXLOJCABQBSG-UHFFFAOYSA-N,16722836,Fedratinib,C27H36N6O3S,524.691,37,1,False,True,pubchem_name,Fedratinib,2026-09-26
Flavopiridol,CN1CC[C@H](c2c(O)cc(O)c3c(=O)cc(-c4ccccc4Cl)oc23)[C@H](O)C1,BIIVYFLTOXDAOV-YVEFUNNKSA-N,CN1CC[C@H](c2c(O)cc(O)c3c(=O)cc(-c4ccccc4Cl)oc23)[C@H](O)C1,BIIVYFLTOXDAOV-YVEFUNNKSA-N,5287969,Alvocidib,C21H20ClNO5,401.846,28,1,False,True,pubchem_name,Flavopiridol,2026-09-26
Fludarabine,Nc1nc(F)nc2c1ncn2[C@@H]1O[C@H](CO)[C@@H](O)[C@@H]1O,HBUBKKRHXORPQB-FJFJXFQQSA-N,Nc1nc(F)nc2c1ncn2[C@@H]1O[C@H](CO)[C@@H](O)[C@@H]1O,HBUBKKRHXORPQB-FJFJXFQQSA-N,657237,Fludarabine,C10H12FN5O4,285.235,20,1,False,True,pubchem_name,Fludarabine,2026-09-26
Foretinib,COc1cc2c(Oc3ccc(NC(=O)C4(C(=O)Nc5ccc(F)cc5)CC4)cc3F)ccnc2cc1OCCCN1CCOCC1,CXQHYVUVSFXTMY-UHFFFAOYSA-N,COc1cc2c(Oc3ccc(NC(=O)C4(C(=O)Nc5ccc(F)cc5)CC4)cc3F)ccnc2cc1OCCCN1CCOCC1,CXQHYVUVSFXTMY-UHFFFAOYSA-N,42642645,Foretinib,C34H34F2N4O6,632.664,46,1,False,True,pubchem_name,Foretinib,2026-09-26
Fulvestrant,C[C@]12CC[C@@H]3c4ccc(O)cc4C[C@@H](CCCCCCCCCS(=O)CCCC(F)(F)C(F)(F)F)[C@H]3[C@@H]1CC[C@@H]2O,VWUXBMIQPBEWFH-WCCTWKNTSA-N,C[C@]12CC[C@@H]3c4ccc(O)cc4C[C@@H](CCCCCCCCCS(=O)CCCC(F)(F)C(F)(F)F)[C@H]3[C@@H]1CC[C@@H]2O,VWUXBMIQPBEWFH-WCCTWKNTSA-N,104741,Fulvestrant,C32H47F5O3S,606.782,41,1,False,True,pubchem_name,Fulvestrant,2026-09-26
GDC0810,CC/C(=C(/c1ccc(/C=C/C(=O)O)cc1)c1ccc2[nH]ncc2c1)c1ccc(F)cc1Cl,BURHGPHDEVGCEZ-KJGLQBJMSA-N,CC/C(=C(/c1ccc(/C=C/C(=O)O)cc1)c1ccc2[nH]ncc2c1)c1ccc(F)cc1Cl,BURHGPHDEVGCEZ-KJGLQBJMSA-N,56941241,Brilanestrant,C26H20ClFN2O2,446.909,32,1,False,True,pubchem_name,GDC0810,2026-09-26
GNE-317,COC1(c2sc3c(N4CCOCC4)nc(-c4cnc(N)nc4)nc3c2C)COC1,XOZLHJMDLKDZAL-UHFFFAOYSA-N,COC1(c2sc3c(N4CCOCC4)nc(-c4cnc(N)nc4)nc3c2C)COC1,XOZLHJMDLKDZAL-UHFFFAOYSA-N,70676303,"5-(6-(3-Methoxyoxetan-3-yl)-4-morpholinothieno[3,2-d]pyrimidin-2-yl)pyrimidin-2-amine",C19H22N6O3S,414.491,29,1,False,True,pubchem_name,GNE-317,2026-09-26
GNF-2,NC(=O)c1cccc(-c2cc(Nc3ccc(OC(F)(F)F)cc3)ncn2)c1,WEVYNIUIFUYDGI-UHFFFAOYSA-N,NC(=O)c1cccc(-c2cc(Nc3ccc(OC(F)(F)F)cc3)ncn2)c1,WEVYNIUIFUYDGI-UHFFFAOYSA-N,5311510,Gnf-2,C18H13F3N4O2,374.322,27,1,False,True,pubchem_name,GNF-2,2026-09-26
GSK-J4,CCOC(=O)CCNc1cc(N2CCc3ccccc3CC2)nc(-c2ccccn2)n1,WBKCKEHGXNWYMO-UHFFFAOYSA-N,CCOC(=O)CCNc1cc(N2CCc3ccccc3CC2)nc(-c2ccccn2)n1,WBKCKEHGXNWYMO-UHFFFAOYSA-N,71729975,Gsk-J4,C24H27N5O2,417.513,31,1,False,True,pubchem_name,GSK-J4,2026-09-26
GSK-LSD1,c1ccc([C@@H]2C[C@H]2NC2CCNCC2)cc1,BASFYRLYJAZPPL-UONOGXRCSA-N,c1ccc([C@@H]2C[C@H]2NC2CCNCC2)cc1,BASFYRLYJAZPPL-UONOGXRCSA-N,71522234,Gsk-lsd1,C14H20N2,216.328,16,1,False,True,pubchem_name,GSK-LSD1,2026-09-26
GSK-LSD1-2HCl,Cl.Cl.c1ccc(C2CC2NC2CCNCC2)cc1,PJFZOGMSPBHPNS-UHFFFAOYSA-N,c1ccc(C2CC2NC2CCNCC2)cc1,BASFYRLYJAZPPL-UHFFFAOYSA-N,91826516,GSK-LSD1 2HCl,C14H22Cl2N2,289.25,18,3,False,True,pubchem_name,GSK-LSD1-2HCl,2026-09-26
GSK1059615,O=C1NC(=O)/C(=C/c2ccc3nccc(-c4ccncc4)c3c2)S1,QDITZBLZQQZVEE-YBEGLDIGSA-N,O=C1NC(=O)/C(=C/c2ccc3nccc(-c4ccncc4)c3c2)S1,QDITZBLZQQZVEE-YBEGLDIGSA-N,23582824,Gsk-1059615,C18H11N3O2S,333.372,24,1,False,True,pubchem_name,GSK1059615,2026-09-26
GSK1070916,CCn1cc(-c2ccnc3[nH]c(-c4cccc(CN(C)C)c4)cc23)c(-c2ccc(NC(=O)N(C)C)cc2)n1,QTBWCSQGBMPECM-UHFFFAOYSA-N,CCn1cc(-c2ccnc3[nH]c(-c4cccc(CN(C)C)c4)cc23)c(-c2ccc(NC(=O)N(C)C)cc2)n1,QTBWCSQGBMPECM-UHFFFAOYSA-N,46885626,Gsk-1070916,C30H33N7O,507.642,38,1,False,True,pubchem_name,GSK1070916,2026-09-26
GSK1904529A,CCc1cc(Nc2nccc(-c3c(-c4ccc(OC)c(C(=O)Nc5c(F)cccc5F)c4)nc4ccccn34)n2)c(OC)cc1N1CCC(N2CCN(S(C)(=O)=O)CC2)CC1,MOSKATHMXWSZTQ-UHFFFAOYSA-N,CCc1cc(Nc2nccc(-c3c(-c4ccc(OC)c(C(=O)Nc5c(F)cccc5F)c4)nc4ccccn34)n2)c(OC)cc1N1CCC(N2CCN(S(C)(=O)=O)CC2)CC1,MOSKATHMXWSZTQ-UHFFFAOYSA-N,25124816,"N-(2,6-Difluorophenyl)-5-(3-(2-(5-ethyl-4-(4-(4-(methanesulfonyl)piperazin-1-yl)piperidin-1-yl)-2-methoxyanilino)pyrimidin-4-yl)imidazo(1,2-a)pyridin-2-yl)-2-methoxybenzamide",C44H47F2N9O5S,851.981,61,1,False,True,pubchem_name,GSK1904529A,2026-09-26
GSK2110183B,Cl.Cn1ncc(Cl)c1-c1cc(C(=O)N[C@H](CN)Cc2cccc(F)c2)sc1Cl,YFQJOPFTGMHYNV-YDALLXLXSA-N,Cn1ncc(Cl)c1-c1cc(C(=O)N[C@H](CN)Cc2cccc(F)c2)sc1Cl,AFJRDFWMXUECEW-LBPRGKRZSA-N,46843056,Afuresertib Hydrochloride,C18H18Cl3FN4OS,463.793,28,2,False,True,pubchem_name,GSK2110183B,2026-09-26
GSK2256098C,CONC(=O)c1ccccc1Nc1cc(Nc2cc(C)nn2C(C)C)ncc1Cl,BVAHPPKGOOJSPU-UHFFFAOYSA-N,CONC(=O)c1ccccc1Nc1cc(Nc2cc(C)nn2C(C)C)ncc1Cl,BVAHPPKGOOJSPU-UHFFFAOYSA-N,46214930,Gsk-2256098,C20H23ClN6O2,414.897,29,1,False,True,pubchem_code_variant,GSK2256098,2026-09-26
GSK2578215A,O=C(Nc1cccnc1)c1cc(-c2ccnc(F)c2)ccc1OCc1ccccc1,WCIGMFCFPXZRMQ-UHFFFAOYSA-N,O=C(Nc1cccnc1)c1cc(-c2ccnc(F)c2)ccc1OCc1ccccc1,WCIGMFCFPXZRMQ-UHFFFAOYSA-N,68107965,2-(benzyloxy)-5-(2-fluoropyridin-4-yl)-N-(pyridin-3-yl)benzamide,C24H18FN3O2,399.425,30,1,False,True,pubchem_name,GSK2578215A,2026-09-26
GSK2606414,Cn1cc(-c2ccc3c(c2)CCN3C(=O)Cc2cccc(C(F)(F)F)c2)c2c(N)ncnc21,SIXVRXARNAVBTC-UHFFFAOYSA-N,Cn1cc(-c2ccc3c(c2)CCN3C(=O)Cc2cccc(C(F)(F)F)c2)c2c(N)ncnc21,SIXVRXARNAVBTC-UHFFFAOYSA-N,53469448,Gsk-2606414,C24H20F3N5O,451.452,33,1,False,True,pubchem_name,GSK2606414,2026-09-26
GSK269962A,CCn1c(-c2nonc2N)nc2cnc(Oc3cccc(NC(=O)c4ccc(OCCN5CCOCC5)cc4)c3)cc21,YOVNFNXUCOWYSG-UHFFFAOYSA-N,CCn1c(-c2nonc2N)nc2cnc(Oc3cccc(NC(=O)c4ccc(OCCN5CCOCC5)cc4)c3)cc21,YOVNFNXUCOWYSG-UHFFFAOYSA-N,16095342,Gsk-269962A,C29H30N8O5,570.61,42,1,False,True,pubchem_name,GSK269962A,2026-09-26
GSK2801,CCCOc1ccn2c(C(C)=O)cc(-c3ccccc3S(C)(=O)=O)c2c1,KHWCPNJRJCNVRI-UHFFFAOYSA-N,CCCOc1ccn2c(C(C)=O)cc(-c3ccccc3S(C)(=O)=O)c2c1,KHWCPNJRJCNVRI-UHFFFAOYSA-N,73010930,Gsk2801,C20H21NO4S,371.458,26,1,False,True,pubchem_name,GSK2801,2026-09-26
GSK2830371,Cc1ncc(Cl)cc1NCc1ccc(C(=O)N[C@@H](CC2CCCC2)C(=O)NC2CC2)s1,IVDUVEGCMXCMSO-FQEVSTJZSA-N,Cc1ncc(Cl)cc1NCc1ccc(C(=O)N[C@@H](CC2CCCC2)C(=O)NC2CC2)s1,IVDUVEGCMXCMSO-FQEVSTJZSA-N,70983932,Gsk2830371,C23H29ClN4O2S,461.031,31,1,False,True,pubchem_name,GSK2830371,2026-09-26
GSK2830371A,Cc1ncc(Cl)cc1NCc1ccc(C(=O)N[C@@H](CC2CCCC2)C(=O)NC2CC2)s1,IVDUVEGCMXCMSO-FQEVSTJZSA-N,Cc1ncc(Cl)cc1NCc1ccc(C(=O)N[C@@H](CC2CCCC2)C(=O)NC2CC2)s1,IVDUVEGCMXCMSO-FQEVSTJZSA-N,70983932,Gsk2830371,C23H29ClN4O2S,461.031,31,1,False,True,pubchem_code_variant,GSK2830371,2026-09-26
GSK319347A,COc1cc2ncn(-c3cc(OCc4ccccc4S(C)(=O)=O)c(C#N)s3)c2cc1OC,LDTAHRLHGHFHKP-UHFFFAOYSA-N,COc1cc2ncn(-c3cc(OCc4ccccc4S(C)(=O)=O)c(C#N)s3)c2cc1OC,LDTAHRLHGHFHKP-UHFFFAOYSA-N,11626927,Gsk-319347A,C22H19N3O5S2,469.544,32,1,False,True,pubchem_name,GSK319347A,2026-09-26
GSK343,CCCc1cc(C)[nH]c(=O)c1CNC(=O)c1cc(-c2ccnc(N3CCN(C)CC3)c2)cc2c1cnn2C(C)C,ULNXAWLQFZMIHX-UHFFFAOYSA-N,CCCc1cc(C)[nH]c(=O)c1CNC(=O)c1cc(-c2ccnc(N3CCN(C)CC3)c2)cc2c1cnn2C(C)C,ULNXAWLQFZMIHX-UHFFFAOYSA-N,71268957,Gsk 343,C31H39N7O2,541.7,40,1,False,True,pubchem_name,GSK343,2026-09-26
GSK429286A,CC1=C(C(=O)Nc2cc3cn[nH]c3cc2F)C(c2ccc(C(F)(F)F)cc2)CC(=O)N1,OLIIUAHHAZEXEX-UHFFFAOYSA-N,CC1=C(C(=O)Nc2cc3cn[nH]c3cc2F)C(c2ccc(C(F)(F)F)cc2)CC(=O)N1,OLIIUAHHAZEXEX-UHFFFAOYSA-N,11373846,"4-(4-(trifluoromethyl)phenyl)-N-(6-fluoro-1H-indazol-5-yl)-2-methyl-6-oxo-1,4,5,6-tetrahydro-3-pyridinecarboxamide",C21H16F4N4O2,432.377,31,1,False,True,pubchem_name,GSK429286A,2026-09-26
GSK591,O=C(NC[C@H](O)CN1CCc2ccccc2C1)c1ccnc(NC2CCC2)c1,TWKYXZSXXXKKJU-FQEVSTJZSA-N,O=C(NC[C@H](O)CN1CCc2ccccc2C1)c1ccnc(NC2CCC2)c1,TWKYXZSXXXKKJU-FQEVSTJZSA-N,117072552,Gsk591,C22H28N4O2,380.492,28,1,False,True,pubchem_name,GSK591,2026-09-26
GSK626616AC,O=C1NC(=Nc2c(Cl)cccc2Cl)S/C1=C\c1ccc2nccnc2c1,RJPNRXFBYZVRIB-DHDCSXOGSA-N,O=C1NC(=Nc2c(Cl)cccc2Cl)S/C1=C\c1ccc2nccnc2c1,RJPNRXFBYZVRIB-DHDCSXOGSA-N,135416229,Gsk-626616,C18H10Cl2N4OS,401.278,26,1,False,True,pubchem_code_variant,GSK626616,2026-09-26
GSK650394,O=C(O)c1ccc(-c2c[nH]c3ncc(-c4ccccc4)cc23)cc1C1CCCC1,WVSBGSNVCDAMCF-UHFFFAOYSA-N,O=C(O)c1ccc(-c2c[nH]c3ncc(-c4ccccc4)cc23)cc1C1CCCC1,WVSBGSNVCDAMCF-UHFFFAOYSA-N,25022668,Gsk-650394,C25H22N2O2,382.463,29,1,False,True,pubchem_name,GSK650394,2026-09-26
GSK690693,CCn1c(-c2nonc2N)nc2c(C#CC(C)(C)O)ncc(OC[C@H]3CCCNC3)c21,KGPGFQWBCSZGEL-ZDUSSCGKSA-N,CCn1c(-c2nonc2N)nc2c(C#CC(C)(C)O)ncc(OC[C@H]3CCCNC3)c21,KGPGFQWBCSZGEL-ZDUSSCGKSA-N,16725726,Gsk 690693,C21H27N7O3,425.493,31,1,False,True,pubchem_name,GSK690693,2026-09-26
GW-2580,COc1ccc(COc2ccc(Cc3cnc(N)nc3N)cc2OC)cc1,MYQAUKPBNJWPIE-UHFFFAOYSA-N,COc1ccc(COc2ccc(Cc3cnc(N)nc3N)cc2OC)cc1,MYQAUKPBNJWPIE-UHFFFAOYSA-N,11617559,GW-2580,C20H22N4O3,366.421,27,1,False,True,pubchem_name,GW-2580,2026-09-26
GW441756,Cl.Cn1cc(/C=C2\C(=O)Nc3cccnc32)c2ccccc21,GXUJPQDCLCDKLU-CHHCPSLASA-N,Cn1cc(/C=C2\C(=O)Nc3cccnc32)c2ccccc21,NXNQLECPAXXYTR-LCYFTJDESA-N,73755109,GW 441756,C17H14ClN3O,311.772,22,2,False,True,pubchem_name,GW441756,2026-09-26
GW843682X,COc1cc2ncn(-c3cc(OCc4ccccc4C(F)(F)F)c(C(N)=O)s3)c2cc1OC,JSKUWFIZUALZLX-UHFFFAOYSA-N,COc1cc2ncn(-c3cc(OCc4ccccc4C(F)(F)F)c(C(N)=O)s3)c2cc1OC,JSKUWFIZUALZLX-UHFFFAOYSA-N,9826308,GW843682X,C22H18F3N3O4S,477.464,33,1,False,True,pubchem_name,GW843682X,2026-09-26
Gallibiscoquinazole,COC(=O)NC1(NC(=O)OC)NC(=O)c2cc(OC)c(OC)c(OC)c2N1,LZHVHZJESCMXKN-UHFFFAOYSA-N,COC(=O)NC1(NC(=O)OC)NC(=O)c2cc(OC)c(OC)c(OC)c2N1,LZHVHZJESCMXKN-UHFFFAOYSA-N,353472,Gallibiscoquinazole,C15H20N4O8,384.345,27,1,False,True,pubchem_name,Gallibiscoquinazole,2026-09-26
Gefitinib,COc1cc2ncnc(Nc3ccc(F)c(Cl)c3)c2cc1OCCCN1CCOCC1,XGALLCVXEZPNRQ-UHFFFAOYSA-N,COc1cc2ncnc(Nc3ccc(F)c(Cl)c3)c2cc1OCCCN1CCOCC1,XGALLCVXEZPNRQ-UHFFFAOYSA-N,123631,Gefitinib,C22H24ClFN4O3,446.91,31,1,False,True,pubchem_name,Gefitinib,2026-09-26
Gemcitabine,Nc1ccn([C@@H]2O[C@H](CO)[C@@H](O)C2(F)F)c(=O)n1,SDUQYLNIPVEERB-QPPQHZFASA-N,Nc1ccn([C@@H]2O[C@H](CO)[C@@H](O)C2(F)F)c(=O)n1,SDUQYLNIPVEERB-QPPQHZFASA-N,60750,Gemcitabine,C9H11F2N3O4,263.2,18,1,False,True,pubchem_name,Gemcitabine,2026-09-26
HG-5-113-01,CNC(=O)c1ccc(Nc2cc(Nc3ccccc3S(=O)(=O)C(C)C)c3cc[nH]c3n2)nc1,INAFQGYNNQIERK-UHFFFAOYSA-N,CNC(=O)c1ccc(Nc2cc(Nc3ccccc3S(=O)(=O)C(C)C)c3cc[nH]c3n2)nc1,INAFQGYNNQIERK-UHFFFAOYSA-N,25226483,"N-methyl-6-[[4-(2-propan-2-ylsulfonylanilino)-1H-pyrrolo[2,3-b]pyridin-6-yl]amino]-3-pyridinecarboxamide",C23H24N6O3S,464.551,33,1,False,True,pubchem_name,HG-5-113-01,2026-09-26
HG-5-88-01,COc1cc(N2CCC(C(N)=O)CC2)ccc1Nc1nc(N)c(Cl)c(Nc2ccccc2S(=O)(=O)C(C)C)n1,IMEGLYUXMGWVQA-UHFFFAOYSA-N,COc1cc(N2CCC(C(N)=O)CC2)ccc1Nc1nc(N)c(Cl)c(Nc2ccccc2S(=O)(=O)C(C)C)n1,IMEGLYUXMGWVQA-UHFFFAOYSA-N,25226117,1-[4-[[4-Amino-5-chloro-6-(2-propan-2-ylsulfonylanilino)-2-pyrimidinyl]amino]-3-methoxyphenyl]-4-piperidinecarboxamide,C26H32ClN7O4S,574.107,39,1,False,True,pubchem_name,HG-5-88-01,2026-09-26
HG6-64-1,CCN1CCN(Cc2ccc(NC(=O)c3ccc(C)c(/C=C/c4cnc5[nH]ccc5c4OC)c3)cc2C(F)(F)F)CC1,UMBFDGUGXMOMHX-BQYQJAHWSA-N,CCN1CCN(Cc2ccc(NC(=O)c3ccc(C)c(/C=C/c4cnc5[nH]ccc5c4OC)c3)cc2C(F)(F)F)CC1,UMBFDGUGXMOMHX-BQYQJAHWSA-N,53302361,"(E)-N-(4-((4-Ethylpiperazin-1-yl)methyl)-3-(trifluoromethyl)phenyl)-3-(2-(4-methoxy-1H-pyrrolo[2,3-b]pyridin-5-yl)vinyl)-4-methylbenzamide",C32H34F3N5O2,577.651,42,1,False,True,pubchem_name,HG6-64-1,2026-09-26
HKMTI-1-005,COc1cc2nc(N3CCN(C)CC3)nc(NC3CCN(Cc4ccccc4)CC3)c2cc1OC,LDFAJFPHFKEJOI-UHFFFAOYSA-N,COc1cc2nc(N3CCN(C)CC3)nc(NC3CCN(Cc4ccccc4)CC3)c2cc1OC,LDFAJFPHFKEJOI-UHFFFAOYSA-N,53315436,HKMTi-1-005,C27H36N6O2,476.625,35,1,False,True,pubchem_name,HKMTI-1-005,2026-09-26
I-BET-151,COc1cc2c(cc1-c1c(C)noc1C)ncc1[nH]c(=O)n([C@H](C)c3ccccn3)c12,VUVUVNZRUGEAHB-CYBMUJFWSA-N,COc1cc2c(cc1-c1c(C)noc1C)ncc1[nH]c(=O)n([C@H](C)c3ccccn3)c12,VUVUVNZRUGEAHB-CYBMUJFWSA-N,52912189,I-Bet151,C23H21N5O3,415.453,31,1,False,True,pubchem_name,I-BET-151,2026-09-26
I-BET-762,CCNC(=O)C[C@@H]1N=C(c2ccc(Cl)cc2)c2cc(OC)ccc2-n2c(C)nnc21,AAAQFGUYHFJNHI-SFHVURJKSA-N,CCNC(=O)C[C@@H]1N=C(c2ccc(Cl)cc2)c2cc(OC)ccc2-n2c(C)nnc21,AAAQFGUYHFJNHI-SFHVURJKSA-N,46943432,"(4S)-6-(4-Chlorophenyl)-N-ethyl-8-methoxy-1-methyl-4H-(1,2,4)triazolo(4,3-a)(1,4)benzodiazepine-4-acetamide",C22H22ClN5O2,423.904,30,1,False,True,pubchem_name,I-BET-762,2026-09-26
I-BRD9,CCn1cc(-c2cccc(C(F)(F)F)c2)c2sc(C(N)=NC3CCS(=O)(=O)CC3)cc2c1=O,WRUWGLUCNBMGPS-UHFFFAOYSA-N,CCn1cc(-c2cccc(C(F)(F)F)c2)c2sc(C(N)=NC3CCS(=O)(=O)CC3)cc2c1=O,WRUWGLUCNBMGPS-UHFFFAOYSA-N,91668541,I-Brd9,C22H22F3N3O3S2,497.564,33,1,False,True,pubchem_name,I-BRD9,2026-09-26
I-CBP112,CCC(=O)N1CCOc2c(cc(-c3ccc(OC)c(OC)c3)cc2OC[C@H]2CCCN(C)C2)C1,YKNAKDFZAWQEEO-IBGZPJMESA-N,CCC(=O)N1CCOc2c(cc(-c3ccc(OC)c(OC)c3)cc2OC[C@H]2CCCN(C)C2)C1,YKNAKDFZAWQEEO-IBGZPJMESA-N,90488984,I-Cbp112,C27H36N2O5,468.594,34,1,False,True,pubchem_name,I-CBP112,2026-09-26
IC-87114,Cc1ccccc1-n1c(Cn2cnc3c(N)ncnc32)nc2cccc(C)c2c1=O,GNWHRHGTIBRNSM-UHFFFAOYSA-N,Cc1ccccc1-n1c(Cn2cnc3c(N)ncnc32)nc2cccc(C)c2c1=O,GNWHRHGTIBRNSM-UHFFFAOYSA-N,9908783,IC 87114,C22H19N7O,397.442,30,1,False,True,pubchem_name,IC-87114,2026-09-26
ICL-SIRT078,COc1ccc2ccccc2c1Cn1cnc2sc3c(c2c1=O)CCC(NCc1cccnc1)C3,UEJBOCXPGHSONP-UHFFFAOYSA-N,COc1ccc2ccccc2c1Cn1cnc2sc3c(c2c1=O)CCC(NCc1cccnc1)C3,UEJBOCXPGHSONP-UHFFFAOYSA-N,45168044,"3-((2-methoxynaphthalen-1-yl)methyl)-7-((pyridin-3-ylmethyl)amino)-5,6,7,8-tetrahydrobenzo(4,5)thieno(2,3-d)pyrimidin-4(3H)-one",C28H26N4O2S,482.609,35,1,False,True,pubchem_name,ICL-SIRT078,2026-09-26
IMD-0354,O=C(Nc1cc(C(F)(F)F)cc(C(F)(F)F)c1)c1cc(Cl)ccc1O,CHILCFMQWMQVAL-UHFFFAOYSA-N,O=C(Nc1cc(C(F)(F)F)cc(C(F)(F)F)c1)c1cc(Cl)ccc1O,CHILCFMQWMQVAL-UHFFFAOYSA-N,5081913,Imd-0354,C15H8ClF6NO2,383.675,25,1,False,True,pubchem_name,IMD-0354,2026-09-26
IOX2,O=C(O)CNC(=O)c1c(O)c2ccccc2n(Cc2ccccc2)c1=O,CAOSCCRYLYQBES-UHFFFAOYSA-N,O=C(O)CNC(=O)c1c(O)c2ccccc2n(Cc2ccccc2)c1=O,CAOSCCRYLYQBES-UHFFFAOYSA-N,54685215,"N-(1-Benzyl-4-hydroxy-2-oxo-1,2-dihydroquinoline-3-carbonyl)glycine",C19H16N2O5,352.346,26,1,False,True,pubchem_name,IOX2,2026-09-26
IPA-3,Oc1ccc2ccccc2c1SSc1c(O)ccc2ccccc12,RFAXLXKIAKIUDT-UHFFFAOYSA-N,Oc1ccc2ccccc2c1SSc1c(O)ccc2ccccc12,RFAXLXKIAKIUDT-UHFFFAOYSA-N,521106,Ipa-3,C20H14O2S2,350.464,24,1,False,True,pubchem_name,IPA-3,2026-09-26
IWP-2,Cc1ccc2nc(NC(=O)CSc3nc4c(c(=O)n3-c3ccccc3)SCC4)sc2c1,WRKPZSMRWPJJDH-UHFFFAOYSA-N,Cc1ccc2nc(NC(=O)CSc3nc4c(c(=O)n3-c3ccccc3)SCC4)sc2c1,WRKPZSMRWPJJDH-UHFFFAOYSA-N,2155128,Iwp-2,C22H18N4O2S3,466.613,31,1,False,True,pubchem_name,IWP-2,2026-09-26
Ibrutinib,C=CC(=O)N1CCC[C@@H](n2nc(-c3ccc(Oc4ccccc4)cc3)c3c(N)ncnc32)C1,XYFPWWZEPKGCCK-GOSISDBHSA-N,C=CC(=O)N1CCC[C@@H](n2nc(-c3ccc(Oc4ccccc4)cc3)c3c(N)ncnc32)C1,XYFPWWZEPKGCCK-GOSISDBHSA-N,24821094,Ibrutinib,C25H24N6O2,440.507,33,1,False,True,pubchem_name,Ibrutinib,2026-09-26
Idelalisib,CC[C@H](Nc1ncnc2nc[nH]c12)c1nc2cccc(F)c2c(=O)n1-c1ccccc1,IFSDAJWBUCMOAH-HNNXBMFYSA-N,CC[C@H](Nc1ncnc2nc[nH]c12)c1nc2cccc(F)c2c(=O)n1-c1ccccc1,IFSDAJWBUCMOAH-HNNXBMFYSA-N,11625818,Idelalisib,C22H18FN7O,415.432,31,1,False,True,pubchem_name,Idelalisib,2026-09-26
Imatinib,Cc1ccc(NC(=O)c2ccc(CN3CCN(C)CC3)cc2)cc1Nc1nccc(-c2cccnc2)n1,KTUFNOKKBVMGRW-UHFFFAOYSA-N,Cc1ccc(NC(=O)c2ccc(CN3CCN(C)CC3)cc2)cc1Nc1nccc(-c2cccnc2)n1,KTUFNOKKBVMGRW-UHFFFAOYSA-N,5291,Imatinib,C29H31N7O,493.615,37,1,False,True,pubchem_name,Imatinib,2026-09-26
Ipatasertib,CC(C)NC[C@@H](C(=O)N1CCN(c2ncnc3c2[C@H](C)C[C@H]3O)CC1)c1ccc(Cl)cc1,GRZXWCHAXNAUHY-NSISKUIASA-N,CC(C)NC[C@@H](C(=O)N1CCN(c2ncnc3c2[C@H](C)C[C@H]3O)CC1)c1ccc(Cl)cc1,GRZXWCHAXNAUHY-NSISKUIASA-N,24788740,Ipatasertib,C24H32ClN5O2,458.006,32,1,False,True,pubchem_name,Ipatasertib,2026-09-26
Irinotecan,CCc1c2c(nc3ccc(OC(=O)N4CCC(N5CCCCC5)CC4)cc13)-c1cc3c(c(=O)n1C2)COC(=O)[C@]3(O)CC,UWKQSNNFCGGAFS-XIFFEERXSA-N,CCc1c2c(nc3ccc(OC(=O)N4CCC(N5CCCCC5)CC4)cc13)-c1cc3c(c(=O)n1C2)COC(=O)[C@]3(O)CC,UWKQSNNFCGGAFS-XIFFEERXSA-N,60838,Irinotecan,C33H38N4O6,586.689,43,1,False,True,pubchem_name,Irinotecan,2026-09-26
Ispinesib Mesylate,CS(=O)(=O)O.Cc1ccc(C(=O)N(CCCN)[C@@H](c2nc3cc(Cl)ccc3c(=O)n2Cc2ccccc2)C(C)C)cc1,MRKSDPIHUJSKRA-HZPIKELBSA-N,Cc1ccc(C(=O)N(CCCN)[C@@H](c2nc3cc(Cl)ccc3c(=O)n2Cc2ccccc2)C(C)C)cc1,QJZRFPJCWMNVAV-HHHXNRCGSA-N,6450816,Ispinesib Mesylate,C31H37ClN4O5S,613.18,42,2,False,True,pubchem_name,Ispinesib Mesylate,2026-09-26
JNJ38877605,Cn1cc(-c2ccc3nnc(C(F)(F)c4ccc5ncccc5c4)n3n2)cn1,JRWCBEOAFGHNNU-UHFFFAOYSA-N,Cn1cc(-c2ccc3nnc(C(F)(F)c4ccc5ncccc5c4)n3n2)cn1,JRWCBEOAFGHNNU-UHFFFAOYSA-N,46911863,"6-(Difluoro(6-(1-methyl-1H-pyrazol-4-yl)-1,2,4-triazolo(4,3-b)pyridazin-3-yl)methyl)quinoline",C19H13F2N7,377.358,28,1,False,True,pubchem_code_variant,JNJ-38877605,2026-09-26
JNK Inhibitor VIII,CCOc1nc(NC(=O)Cc2cc(OC)ccc2OC)cc(N)c1C#N,KQMPRSZTUSSXND-UHFFFAOYSA-N,CCOc1nc(NC(=O)Cc2cc(OC)ccc2OC)cc(N)c1C#N,KQMPRSZTUSSXND-UHFFFAOYSA-N,11624601,JNK Inhibitor VIII,C18H20N4O4,356.382,26,1,False,True,pubchem_name,JNK Inhibitor VIII,2026-09-26
JNK-9L,Fc1cc(-c2ccnc(Nc3ccc(-n4cnc(N5CCOCC5)n4)cc3)n2)cc(N2CCOCC2)c1,AHMHIFXJPSHHPH-UHFFFAOYSA-N,Fc1cc(-c2ccnc(Nc3ccc(-n4cnc(N5CCOCC5)n4)cc3)n2)cc(N2CCOCC2)c1,AHMHIFXJPSHHPH-UHFFFAOYSA-N,25222038,"N-[(2z)-4-(3-Fluoro-5-Morpholin-4-Ylphenyl)pyrimidin-2(1h)-Ylidene]-4-(3-Morpholin-4-Yl-1h-1,2,4-Triazol-1-Yl)aniline",C26H27FN8O2,502.554,37,1,False,True,pubchem_synonym,JNK inhibitor 9l,2026-09-26
JQ1,Cc1sc2c(c1C)C(c1ccc(Cl)cc1)=N[C@@H](CC(=O)OC(C)(C)C)c1nnc(C)n1-2,DNVXATUJJDPFDM-KRWDZBQOSA-N,Cc1sc2c(c1C)C(c1ccc(Cl)cc1)=N[C@@H](CC(=O)OC(C)(C)C)c1nnc(C)n1-2,DNVXATUJJDPFDM-KRWDZBQOSA-N,46907787,JQ1 compound,C23H25ClN4O2S,456.999,31,1,False,True,pubchem_name,JQ1,2026-09-26
JW-7-24-1,COc1cc(OC)cc(-c2ccc3ncc4ccc(=O)n(-c5ccc(N6CCNCC6)c(C(F)(F)F)c5)c4c3c2)c1,VVTHOUCIAGHQBD-UHFFFAOYSA-N,COc1cc(OC)cc(-c2ccc3ncc4ccc(=O)n(-c5ccc(N6CCNCC6)c(C(F)(F)F)c5)c4c3c2)c1,VVTHOUCIAGHQBD-UHFFFAOYSA-N,69923936,"9-(3,5-Dimethoxyphenyl)-1-[4-(1-piperazinyl)-3-(trifluoromethyl)phenyl]-2-benzo[h][1,6]naphthyridinone",C31H27F3N4O3,560.576,41,1,False,True,pubchem_name,JW-7-24-1,2026-09-26
KIN001-244,O=C(NC(COc1ccc2[nH]c(=O)[nH]c2c1)c1ccccc1)c1cccn(Cc2ccc(F)c(F)c2)c1=O,GCWCGSPBENFEPE-UHFFFAOYSA-N,O=C(NC(COc1ccc2[nH]c(=O)[nH]c2c1)c1ccccc1)c1cccn(Cc2ccc(F)c(F)c2)c1=O,GCWCGSPBENFEPE-UHFFFAOYSA-N,56965967,"PDK1 inhibitor, 7",C28H22F2N4O4,516.504,38,1,False,True,pubchem_name,KIN001-244,2026-09-26
KIN001-260,N#Cc1c(C2CCNCC2)cc(-c2c(O)cccc2OCC2CC2)nc1N,DYVFBWXIOCLHPP-UHFFFAOYSA-N,N#Cc1c(C2CCNCC2)cc(-c2c(O)cccc2OCC2CC2)nc1N,DYVFBWXIOCLHPP-UHFFFAOYSA-N,135465539,2-Amino-6-(2-(cyclopropylmethoxy)-6-hydroxyphenyl)-4-piperidin-4-yl nicotinonitrile,C21H24N4O2,364.449,27,1,False,True,pubchem_synonym,Bayer IKKb inhibitor,2026-09-26
KIN001-266,CCN1CCC(n2cc(CNc3cc(Cl)c4ncc(C#N)c(Nc5ccc(F)c(Cl)c5)c4c3)nn2)CC1,PHNZIIMWDVXPGG-UHFFFAOYSA-N,CCN1CCC(n2cc(CNc3cc(Cl)c4ncc(C#N)c(Nc5ccc(F)c(Cl)c5)c4c3)nn2)CC1,PHNZIIMWDVXPGG-UHFFFAOYSA-N,44143370,"8-Chloro-4-(3-chloro-4-fluoroanilino)-6-(((1-(1-ethylpiperidin-4-yl)-1H-1,2,3-triazol-4-yl)methyl)amino)quinoline-3-carbonitrile",C26H25Cl2FN8,539.446,37,1,False,True,pubchem_name,KIN001-266,2026-09-26
KRAS (G12C) Inhibitor-12,C=CC(=O)N1CCN(C(=O)CNc2cc(I)c(Cl)cc2O)CC1,JFIFBWVNHLXJFY-UHFFFAOYSA-N,C=CC(=O)N1CCN(C(=O)CNc2cc(I)c(Cl)cc2O)CC1,JFIFBWVNHLXJFY-UHFFFAOYSA-N,73555129,K-Ras(G12C) inhibitor 12,C15H17ClIN3O3,449.676,23,1,False,True,pubchem_synonym,GTPL8020,2026-09-26
KU-55933,O=c1cc(-c2cccc3c2Sc2ccccc2S3)oc(N2CCOCC2)c1,XRKYMMUGXMWDAO-UHFFFAOYSA-N,O=c1cc(-c2cccc3c2Sc2ccccc2S3)oc(N2CCOCC2)c1,XRKYMMUGXMWDAO-UHFFFAOYSA-N,5278396,KU-55933,C21H17NO3S2,395.505,27,1,False,True,pubchem_name,KU-55933,2026-09-26
KU-60019,C[C@@H]1CN(CC(=O)Nc2ccc3c(c2)Cc2cccc(-c4cc(=O)cc(N5CCOCC5)o4)c2S3)C[C@H](C)O1,SCELLOWTHJGVIC-BGYRXZFFSA-N,C[C@@H]1CN(CC(=O)Nc2ccc3c(c2)Cc2cccc(-c4cc(=O)cc(N5CCOCC5)o4)c2S3)C[C@H](C)O1,SCELLOWTHJGVIC-BGYRXZFFSA-N,15953870,KU-60019,C30H33N3O5S,547.677,39,1,False,True,pubchem_name,KU-60019,2026-09-26
Kobe2602,O=[N+]([O-])c1cc(C(F)(F)F)cc([N+](=O)[O-])c1NNC(=S)Nc1ccc(F)cc1,NNPBSITXCGPXJC-UHFFFAOYSA-N,O=[N+]([O-])c1cc(C(F)(F)F)cc([N+](=O)[O-])c1NNC(=S)Nc1ccc(F)cc1,NNPBSITXCGPXJC-UHFFFAOYSA-N,3827738,Kobe2602,C14H9F4N5O4S,419.316,28,1,False,True,pubchem_name,Kobe2602,2026-09-26
L-Oxonoreleagnine,O=C1NCCc2c1[nH]c1ccccc21,FZHZQHNKCPJTNQ-UHFFFAOYSA-N,O=C1NCCc2c1[nH]c1ccccc21,FZHZQHNKCPJTNQ-UHFFFAOYSA-N,87371,"2,3,4,9-Tetrahydro-1H-pyrido(3,4-b)indol-1-one",C11H10N2O,186.214,14,1,False,True,pubchem_name,L-Oxonoreleagnine,2026-09-26
LCL161,CN[C@@H](C)C(=O)N[C@H](C(=O)N1CCC[C@H]1c1nc(C(=O)c2ccc(F)cc2)cs1)C1CCCCC1,UFPFGVNKHCLJJO-SSKFGXFMSA-N,CN[C@@H](C)C(=O)N[C@H](C(=O)N1CCC[C@H]1c1nc(C(=O)c2ccc(F)cc2)cs1)C1CCCCC1,UFPFGVNKHCLJJO-SSKFGXFMSA-N,24737642,Lcl-161,C26H33FN4O3S,500.64,35,1,False,True,pubchem_name,LCL161,2026-09-26
LDN-193189,c1ccc2c(-c3cnn4cc(-c5ccc(N6CCNCC6)cc5)cnc34)ccnc2c1,CDOVNWNANFFLFJ-UHFFFAOYSA-N,c1ccc2c(-c3cnn4cc(-c5ccc(N6CCNCC6)cc5)cnc34)ccnc2c1,CDOVNWNANFFLFJ-UHFFFAOYSA-N,25195294,"4-(6-(4-(1-Piperazinyl)phenyl)pyrazolo(1,5-a)pyrimidin-3-yl)quinoline",C25H22N6,406.493,31,1,False,True,pubchem_name,LDN-193189,2026-09-26
LFM-A13,C/C(O)=C(\C#N)C(=O)Nc1cc(Br)ccc1Br,UVSVTDVJQAJIFG-VURMDHGXSA-N,C/C(O)=C(\C#N)C(=O)Nc1cc(Br)ccc1Br,UVSVTDVJQAJIFG-VURMDHGXSA-N,54676905,Lfm-A13,C11H8Br2N2O2,360.005,17,1,False,True,pubchem_name,LFM-A13,2026-09-26
LGK974,Cc1cc(-c2ncc(CC(=O)Nc3ccc(-c4cnccn4)cn3)cc2C)ccn1,XXYGTCZJJLTAGH-UHFFFAOYSA-N,Cc1cc(-c2ncc(CC(=O)Nc3ccc(-c4cnccn4)cn3)cc2C)ccn1,XXYGTCZJJLTAGH-UHFFFAOYSA-N,46926973,Wnt-974,C23H20N6O,396.454,30,1,False,True,pubchem_name,LGK974,2026-09-26
LIMK1 inhibitor BMS4,CCNC(=O)Nc1ncc(-c2cc(-c3c(C)cc(OC)cc3C)nc(-c3cnccn3)n2)s1,WUCYRTXFXRZKSV-UHFFFAOYSA-N,CCNC(=O)Nc1ncc(-c2cc(-c3c(C)cc(OC)cc3C)nc(-c3cnccn3)n2)s1,WUCYRTXFXRZKSV-UHFFFAOYSA-N,46192505,LIMK1 inhibitor BMS-4,C23H23N7O2S,461.551,33,1,False,True,pubchem_name,LIMK1 inhibitor BMS4,2026-09-26
LJI308,Oc1c(F)cc(-c2cnccc2-c2ccc(N3CCOCC3)cc2)cc1F,YUYJEQHNWKQNBT-UHFFFAOYSA-N,Oc1c(F)cc(-c2cnccc2-c2ccc(N3CCOCC3)cc2)cc1F,YUYJEQHNWKQNBT-UHFFFAOYSA-N,118704762,"2,6-Difluoro-4-(4-(4-morpholinophenyl)pyridin-3-yl)phenol",C21H18F2N2O2,368.383,27,1,False,True,pubchem_name,LJI308,2026-09-26
LMP744,COc1cc2c3c(n(CCCNCCO)c(=O)c2cc1OC)-c1cc2c(cc1C3=O)OCO2,QCSDJDQOJBQTDV-UHFFFAOYSA-N,COc1cc2c3c(n(CCCNCCO)c(=O)c2cc1OC)-c1cc2c(cc1C3=O)OCO2,QCSDJDQOJBQTDV-UHFFFAOYSA-N,397888,"5H-(1,3)Dioxolo(5,6)indeno(1,2-C)isoquinoline-5,12(6H)-dione, 6-(3-((2-hydroxyethyl)amino)propyl)-2,3-dimethoxy-",C24H24N2O7,452.463,33,1,False,True,pubchem_name,LMP744,2026-09-26
LY2109761,c1ccc(-c2nn3c(c2-c2ccnc4cc(OCCN5CCOCC5)ccc24)CCC3)nc1,IHLVSLOZUHKNMQ-UHFFFAOYSA-N,c1ccc(-c2nn3c(c2-c2ccnc4cc(OCCN5CCOCC5)ccc24)CCC3)nc1,IHLVSLOZUHKNMQ-UHFFFAOYSA-N,11655119,LY2109761,C26H27N5O2,441.535,33,1,False,True,pubchem_name,LY2109761,2026-09-26
Lapatinib,CS(=O)(=O)CCNCc1ccc(-c2ccc3ncnc(Nc4ccc(OCc5cccc(F)c5)c(Cl)c4)c3c2)o1,BCFGMOOMADDAQU-UHFFFAOYSA-N,CS(=O)(=O)CCNCc1ccc(-c2ccc3ncnc(Nc4ccc(OCc5cccc(F)c5)c(Cl)c4)c3c2)o1,BCFGMOOMADDAQU-UHFFFAOYSA-N,208908,Lapatinib,C29H26ClFN4O4S,581.069,40,1,False,True,pubchem_name,Lapatinib,2026-09-26
Leflunomide,Cc1oncc1C(=O)Nc1ccc(C(F)(F)F)cc1,VHOGYURTWQBHIL-UHFFFAOYSA-N,Cc1oncc1C(=O)Nc1ccc(C(F)(F)F)cc1,VHOGYURTWQBHIL-UHFFFAOYSA-N,3899,Leflunomide,C12H9F3N2O2,270.21,19,1,False,True,pubchem_name,Leflunomide,2026-09-26
Lenalidomide,Nc1cccc2c1CN(C1CCC(=O)NC1=O)C2=O,GOTYRUGSSMKFNF-UHFFFAOYSA-N,Nc1cccc2c1CN(C1CCC(=O)NC1=O)C2=O,GOTYRUGSSMKFNF-UHFFFAOYSA-N,216326,Lenalidomide,C13H13N3O3,259.265,19,1,False,True,pubchem_name,Lenalidomide,2026-09-26
Lestaurtinib,C[C@]12O[C@H](C[C@]1(O)CO)n1c3ccccc3c3c4c(c5c6ccccc6n2c5c31)CNC4=O,UIARLYUEJFELEN-LROUJFHJSA-N,C[C@]12O[C@H](C[C@]1(O)CO)n1c3ccccc3c3c4c(c5c6ccccc6n2c5c31)CNC4=O,UIARLYUEJFELEN-LROUJFHJSA-N,126565,Lestaurtinib,C26H21N3O4,439.471,33,1,False,True,pubchem_name,Lestaurtinib,2026-09-26
Linifanib,Cc1ccc(F)c(NC(=O)Nc2ccc(-c3cccc4[nH]nc(N)c34)cc2)c1,MPVGZUGXCQEXTM-UHFFFAOYSA-N,Cc1ccc(F)c(NC(=O)Nc2ccc(-c3cccc4[nH]nc(N)c34)cc2)c1,MPVGZUGXCQEXTM-UHFFFAOYSA-N,11485656,Linifanib,C21H18FN5O,375.407,28,1,False,True,pubchem_name,Linifanib,2026-09-26
Linsitinib,CC1(O)CC(c2nc(-c3ccc4ccc(-c5ccccc5)nc4c3)c3c(N)nccn23)C1,PKCDDUHJAFVJJB-UHFFFAOYSA-N,CC1(O)CC(c2nc(-c3ccc4ccc(-c5ccccc5)nc4c3)c3c(N)nccn23)C1,PKCDDUHJAFVJJB-UHFFFAOYSA-N,11640390,Osi-906,C26H23N5O,421.504,32,1,False,True,pubchem_name,Linsitinib,2026-09-26
Luminespib,CCNC(=O)c1noc(-c2cc(C(C)C)c(O)cc2O)c1-c1ccc(CN2CCOCC2)cc1,NDAZATDQFDPQBD-UHFFFAOYSA-N,CCNC(=O)c1noc(-c2cc(C(C)C)c(O)cc2O)c1-c1ccc(CN2CCOCC2)cc1,NDAZATDQFDPQBD-UHFFFAOYSA-N,135539077,Luminespib,C26H31N3O5,465.55,34,1,False,True,pubchem_name,Luminespib,2026-09-26
MG-132,CC(C)C[C@@H](C=O)NC(=O)[C@H](CC(C)C)NC(=O)[C@H](CC(C)C)NC(=O)OCc1ccccc1,TZYWCYJVHRLUCT-VABKMULXSA-N,CC(C)C[C@@H](C=O)NC(=O)[C@H](CC(C)C)NC(=O)[C@H](CC(C)C)NC(=O)OCc1ccccc1,TZYWCYJVHRLUCT-VABKMULXSA-N,462382,MG-132,C26H41N3O5,475.63,34,1,False,True,pubchem_name,MG-132,2026-09-26
MIM1,Cc1csc(=NC2CCCCC2)n1/N=C/c1ccc(O)c(O)c1O,RGGFUBMUOVFZEF-CQPAABLISA-N,Cc1csc(=NC2CCCCC2)n1/N=C/c1ccc(O)c(O)c1O,RGGFUBMUOVFZEF-CQPAABLISA-N,135691163,"4-((E)-(((E)-2-(Cyclohexylimino)-4-methylthiazol-3(2h)-yl)imino)methyl)benzene-1,2,3-triol",C17H21N3O3S,347.44,24,1,False,True,pubchem_name,MIM1,2026-09-26
MIRA-1,CCC(=O)OCN1C(=O)C=CC1=O,YXEWPGYLMHXLPS-UHFFFAOYSA-N,CCC(=O)OCN1C(=O)C=CC1=O,YXEWPGYLMHXLPS-UHFFFAOYSA-N,227681,"(2,5-dioxo-2,5-dihydro-1H-pyrrol-1-yl)methyl propionate",C8H9NO4,183.163,13,1,False,True,pubchem_name,MIRA-1,2026-09-26
MK-1775,C=CCn1c(=O)c2cnc(Nc3ccc(N4CCN(C)CC4)cc3)nc2n1-c1cccc(C(C)(C)O)n1,BKWJAKQVGHWELA-UHFFFAOYSA-N,C=CCn1c(=O)c2cnc(Nc3ccc(N4CCN(C)CC4)cc3)nc2n1-c1cccc(C(C)(C)O)n1,BKWJAKQVGHWELA-UHFFFAOYSA-N,24856436,MK 1775,C27H32N8O2,500.607,37,1,False,True,pubchem_name,MK-1775,2026-09-26
MK-2206,NC1(c2ccc(-c3nc4ccn5c(=O)[nH]nc5c4cc3-c3ccccc3)cc2)CCC1,ULDXWLCXEDXJGE-UHFFFAOYSA-N,NC1(c2ccc(-c3nc4ccn5c(=O)[nH]nc5c4cc3-c3ccccc3)cc2)CCC1,ULDXWLCXEDXJGE-UHFFFAOYSA-N,24964624,Mk-2206,C25H21N5O,407.477,31,1,False,True,pubchem_name,MK-2206,2026-09-26
MK-8776,Cn1cc(-c2cnn3c(N)c(Br)c([C@@H]4CCCNC4)nc23)cn1,GMIZZEXBPRLVIV-SECBINFHSA-N,Cn1cc(-c2cnn3c(N)c(Br)c([C@@H]4CCCNC4)nc23)cn1,GMIZZEXBPRLVIV-SECBINFHSA-N,46239015,Sch-900776,C15H18BrN7,376.262,23,1,False,True,pubchem_name,MK-8776,2026-09-26
ML323,Cc1cnc(-c2ccccc2C(C)C)nc1NCc1ccc(-n2ccnn2)cc1,VUIRVWPJNKZOSS-UHFFFAOYSA-N,Cc1cnc(-c2ccccc2C(C)C)nc1NCc1ccc(-n2ccnn2)cc1,VUIRVWPJNKZOSS-UHFFFAOYSA-N,60167849,ML323,C23H24N6,384.487,29,1,False,True,pubchem_name,ML323,2026-09-26
MN-64,CC(C)c1ccc(-c2cc(=O)c3ccccc3o2)cc1,PYTOHIUBXSJKQH-UHFFFAOYSA-N,CC(C)c1ccc(-c2cc(=O)c3ccccc3o2)cc1,PYTOHIUBXSJKQH-UHFFFAOYSA-N,2802462,4'-Isopropylflavone,C18H16O2,264.324,20,1,False,True,pubchem_name,MN-64,2026-09-26
MPS-1-IN-1,COc1cc(N2CCC(O)CC2)ccc1Nc1cc(Nc2ccccc2S(=O)(=O)C(C)C)c2cc[nH]c2n1,NMJMRSQTDLRCRQ-UHFFFAOYSA-N,COc1cc(N2CCC(O)CC2)ccc1Nc1cc(Nc2ccccc2S(=O)(=O)C(C)C)c2cc[nH]c2n1,NMJMRSQTDLRCRQ-UHFFFAOYSA-N,25195352,Mps1-IN-1,C28H33N5O4S,535.67,38,1,False,True,pubchem_name,MPS-1-IN-1,2026-09-26
Masitinib,Cc1ccc(NC(=O)c2ccc(CN3CCN(C)CC3)cc2)cc1Nc1nc(-c2cccnc2)cs1,WJEOLQLKVOPQFV-UHFFFAOYSA-N,Cc1ccc(NC(=O)c2ccc(CN3CCN(C)CC3)cc2)cc1Nc1nc(-c2cccnc2)cs1,WJEOLQLKVOPQFV-UHFFFAOYSA-N,10074640,Masitinib,C28H30N6OS,498.656,36,1,False,True,pubchem_name,Masitinib,2026-09-26
Methotrexate,CN(Cc1cnc2nc(N)nc(N)c2n1)c1ccc(C(=O)N[C@@H](CCC(=O)O)C(=O)O)cc1,FBOZXECLQNJBKD-ZDUSSCGKSA-N,CN(Cc1cnc2nc(N)nc(N)c2n1)c1ccc(C(=O)N[C@@H](CCC(=O)O)C(=O)O)cc1,FBOZXECLQNJBKD-ZDUSSCGKSA-N,126941,Methotrexate,C20H22N8O5,454.447,33,1,False,True,pubchem_name,Methotrexate,2026-09-26
Midostaurin,CO[C@@H]1[C@H](N(C)C(=O)c2ccccc2)C[C@H]2O[C@]1(C)n1c3ccccc3c3c4c(c5c6ccccc6n2c5c31)C(=O)NC4,BMGQWWVMWDBQGC-IIFHNQTCSA-N,CO[C@@H]1[C@H](N(C)C(=O)c2ccccc2)C[C@H]2O[C@]1(C)n1c3ccccc3c3c4c(c5c6ccccc6n2c5c31)C(=O)NC4,BMGQWWVMWDBQGC-IIFHNQTCSA-N,9829523,Midostaurin,C35H30N4O4,570.649,43,1,False,True,pubchem_name,Midostaurin,2026-09-26
Mirin,NC1=NC(=O)/C(=C/c2ccc(O)cc2)S1,YBHQCJILTOVLHD-YVMONPNESA-N,NC1=NC(=O)/C(=C/c2ccc(O)cc2)S1,YBHQCJILTOVLHD-YVMONPNESA-N,1206243,Mirin,C10H8N2O2S,220.253,15,1,False,True,pubchem_name,Mirin,2026-09-26
Mitomycin-C,CO[C@@]12[C@H](COC(N)=O)C3=C(C(=O)C(C)=C(N)C3=O)N1C[C@@H]1N[C@@H]12,NWIBSHFKIJFRCO-WUDYKRTCSA-N,CO[C@@]12[C@H](COC(N)=O)C3=C(C(=O)C(C)=C(N)C3=O)N1C[C@@H]1N[C@@H]12,NWIBSHFKIJFRCO-WUDYKRTCSA-N,5746,Mitomycin C,C15H18N4O5,334.332,24,1,False,True,pubchem_name,Mitomycin-C,2026-09-26
Mitoxantrone,O=C1c2c(O)ccc(O)c2C(=O)c2c(NCCNCCO)ccc(NCCNCCO)c21,KKZJGLLVHKMTCM-UHFFFAOYSA-N,O=C1c2c(O)ccc(O)c2C(=O)c2c(NCCNCCO)ccc(NCCNCCO)c21,KKZJGLLVHKMTCM-UHFFFAOYSA-N,4212,Mitoxantrone,C22H28N4O6,444.488,32,1,False,True,pubchem_name,Mitoxantrone,2026-09-26
Motesanib,CC1(C)CNc2cc(NC(=O)c3cccnc3NCc3ccncc3)ccc21,RAHBGWKEPAQNFF-UHFFFAOYSA-N,CC1(C)CNc2cc(NC(=O)c3cccnc3NCc3ccncc3)ccc21,RAHBGWKEPAQNFF-UHFFFAOYSA-N,11667893,Motesanib,C22H23N5O,373.46,28,1,False,True,pubchem_name,Motesanib,2026-09-26
Mycophenolic acid,COc1c(C)c2c(c(O)c1C/C=C(\C)CCC(=O)O)C(=O)OC2,HPNSFSBZBAHARI-RUDMXATFSA-N,COc1c(C)c2c(c(O)c1C/C=C(\C)CCC(=O)O)C(=O)OC2,HPNSFSBZBAHARI-RUDMXATFSA-N,446541,Mycophenolic Acid,C17H20O6,320.341,23,1,False,True,pubchem_name,Mycophenolic acid,2026-09-26
N-acetyl cysteine,CC(=O)N[C@@H](CS)C(=O)O,PWKSKIMOESPYIA-BYPYZUCNSA-N,CC(=O)N[C@@H](CS)C(=O)O,PWKSKIMOESPYIA-BYPYZUCNSA-N,12035,N-Acetyl-L-Cysteine,C5H9NO3S,163.198,10,1,False,True,pubchem_name,N-acetyl cysteine,2026-09-26
NG-25,CCN1CCN(Cc2ccc(NC(=O)c3ccc(C)c(Oc4ccnc5[nH]ccc45)c3)cc2C(F)(F)F)CC1,SMPGEBOIKULBCT-UHFFFAOYSA-N,CCN1CCN(Cc2ccc(NC(=O)c3ccc(C)c(Oc4ccnc5[nH]ccc45)c3)cc2C(F)(F)F)CC1,SMPGEBOIKULBCT-UHFFFAOYSA-N,53340664,NG-25,C29H30F3N5O2,537.586,39,1,False,True,pubchem_name,NG-25,2026-09-26
NPK76-II-72-1,COc1cc(C(=O)NC2CCN(C)CC2)ccc1Nc1ncc2c(n1)N(C1CCCC1)C(C)CC(=O)N2C,KZLQLABUFJNPSZ-UHFFFAOYSA-N,COc1cc(C(=O)NC2CCN(C)CC2)ccc1Nc1ncc2c(n1)N(C1CCCC1)C(C)CC(=O)N2C,KZLQLABUFJNPSZ-UHFFFAOYSA-N,46843648,"4-[(9-cyclopentyl-5,8-dimethyl-6-oxo-7,8-dihydropyrimido[4,5-b][1,4]diazepin-2-yl)amino]-3-methoxy-N-(1-methyl-4-piperidinyl)benzamide",C28H39N7O3,521.666,38,1,False,True,pubchem_name,NPK76-II-72-1,2026-09-26
NSC-207895,CN1CCN(c2ccc([N+](=O)[O-])c3no[n+]([O-])c23)CC1,MWFZDJLPWDCQIL-UHFFFAOYSA-N,CN1CCN(c2ccc([N+](=O)[O-])c3no[n+]([O-])c23)CC1,MWFZDJLPWDCQIL-UHFFFAOYSA-N,42640,"4-(4-Methyl-1-piperazinyl)-7-nitro-2,1,3-benzoxadiazole 3-oxide",C11H13N5O4,279.256,20,1,False,True,pubchem_name,NSC-207895,2026-09-26
NSC-87877,O=S(=O)(O)c1ccc2cc(N=Nc3cc(S(=O)(=O)O)c4cccnc4c3O)ccc2c1,XGMFVZOKHBRUTL-UHFFFAOYSA-N,O=S(=O)(O)c1ccc2cc(N=Nc3cc(S(=O)(=O)O)c4cccnc4c3O)ccc2c1,XGMFVZOKHBRUTL-UHFFFAOYSA-N,92577,Nsc-87877,C19H13N3O7S2,459.461,31,1,False,True,pubchem_name,NSC-87877,2026-09-26
NSC319726,C/C(=N\NC(=S)N1CCC1)c1ccccn1,XDHBUMNIQRLHGO-UKTHLTGXSA-N,C/C(=N\NC(=S)N1CCC1)c1ccccn1,XDHBUMNIQRLHGO-UKTHLTGXSA-N,5351307,N-[(E)-1-pyridin-2-ylethylideneamino]azetidine-1-carbothioamide,C11H14N4S,234.328,16,1,False,True,pubchem_name,NSC319726,2026-09-26
NU7441,O=c1cc(N2CCOCC2)oc2c(-c3cccc4c3sc3ccccc34)cccc12,JAMULYFATHSZJM-UHFFFAOYSA-N,O=c1cc(N2CCOCC2)oc2c(-c3cccc4c3sc3ccccc34)cccc12,JAMULYFATHSZJM-UHFFFAOYSA-N,11327430,NU-7441,C25H19NO3S,413.498,30,1,False,True,pubchem_name,NU7441,2026-09-26
NVP-ADW742,Nc1ncnc2c1c(-c1cccc(OCc3ccccc3)c1)cn2C1CC(CN2CCCC2)C1,LSFLAQVDISHMNB-UHFFFAOYSA-N,Nc1ncnc2c1c(-c1cccc(OCc3ccccc3)c1)cn2C1CC(CN2CCCC2)C1,LSFLAQVDISHMNB-UHFFFAOYSA-N,9825149,Nvp-adw742,C28H31N5O,453.59,34,1,False,True,pubchem_name,NVP-ADW742,2026-09-26
NVP-BHG712,Cc1ccc(C(=O)Nc2cccc(C(F)(F)F)c2)cc1Nc1nc(-c2cccnc2)nc2c1cnn2C,ZCCPLJOKGAACRT-UHFFFAOYSA-N,Cc1ccc(C(=O)Nc2cccc(C(F)(F)F)c2)cc1Nc1nc(-c2cccnc2)nc2c1cnn2C,ZCCPLJOKGAACRT-UHFFFAOYSA-N,16747388,"4-methyl-3-(1-methyl-6-(pyridin-3-yl)-1H-pyrazolo(3,4-d)pyrimidin-4-ylamino)-N-(3-(trifluoromethyl)phenyl)benzamide",C26H20F3N7O,503.488,37,1,False,True,pubchem_name,NVP-BHG712,2026-09-26
NVP-TAE684,COc1cc(N2CCC(N3CCN(C)CC3)CC2)ccc1Nc1ncc(Cl)c(Nc2ccccc2S(=O)(=O)C(C)C)n1,QQWUGDVOUVUTOY-UHFFFAOYSA-N,COc1cc(N2CCC(N3CCN(C)CC3)CC2)ccc1Nc1ncc(Cl)c(Nc2ccccc2S(=O)(=O)C(C)C)n1,QQWUGDVOUVUTOY-UHFFFAOYSA-N,16038120,"5-Chloro-N2-(2-methoxy-4-(4-(4-methyl-1-piperazinyl)-1-piperidinyl)phenyl)-N4-(2-((1-methylethyl)sulfonyl)phenyl)-2,4-pyrimidinediamine",C30H40ClN7O3S,614.216,42,1,False,True,pubchem_name,NVP-TAE684,2026-09-26
Navitoclax,CC1(C)CCC(c2ccc(Cl)cc2)=C(CN2CCN(c3ccc(C(=O)NS(=O)(=O)c4ccc(N[C@H](CCN5CCOCC5)CSc5ccccc5)c(S(=O)(=O)C(F)(F)F)c4)cc3)CC2)C1,JLYAXFNOILIKPP-KXQOOQHDSA-N,CC1(C)CCC(c2ccc(Cl)cc2)=C(CN2CCN(c3ccc(C(=O)NS(=O)(=O)c4ccc(N[C@H](CCN5CCOCC5)CSc5ccccc5)c(S(=O)(=O)C(F)(F)F)c4)cc3)CC2)C1,JLYAXFNOILIKPP-KXQOOQHDSA-N,24978538,Abt 263,C47H55ClF3N5O6S3,974.634,65,1,False,True,pubchem_name,Navitoclax,2026-09-26
Nelarabine,COc1nc(N)nc2c1ncn2[C@@H]1O[C@H](CO)[C@@H](O)[C@@H]1O,IXOXBSCIXZEQEQ-UHTZMRCNSA-N,COc1nc(N)nc2c1ncn2[C@@H]1O[C@H](CO)[C@@H](O)[C@@H]1O,IXOXBSCIXZEQEQ-UHTZMRCNSA-N,3011155,Nelarabine,C11H15N5O5,297.271,21,1,False,True,pubchem_name,Nelarabine,2026-09-26
Nilotinib,Cc1cn(-c2cc(NC(=O)c3ccc(C)c(Nc4nccc(-c5cccnc5)n4)c3)cc(C(F)(F)F)c2)cn1,HHZIURLSWUIHRB-UHFFFAOYSA-N,Cc1cn(-c2cc(NC(=O)c3ccc(C)c(Nc4nccc(-c5cccnc5)n4)c3)cc(C(F)(F)F)c2)cn1,HHZIURLSWUIHRB-UHFFFAOYSA-N,644241,Nilotinib,C28H22F3N7O,529.526,39,1,False,True,pubchem_name,Nilotinib,2026-09-26
Niraparib,NC(=O)c1cccc2cn(-c3ccc([C@@H]4CCCNC4)cc3)nc12,PCHKPVIQAHNQLW-CQSZACIVSA-N,NC(=O)c1cccc2cn(-c3ccc([C@@H]4CCCNC4)cc3)nc12,PCHKPVIQAHNQLW-CQSZACIVSA-N,24958200,Niraparib,C19H20N4O,320.396,24,1,False,True,pubchem_name,Niraparib,2026-09-26
Nutlin-3a (-),COc1ccc(C2=N[C@@H](c3ccc(Cl)cc3)[C@@H](c3ccc(Cl)cc3)N2C(=O)N2CCNC(=O)C2)c(OC(C)C)c1,BDUHCSBCVGXTJM-WUFINQPMSA-N,COc1ccc(C2=N[C@@H](c3ccc(Cl)cc3)[C@@H](c3ccc(Cl)cc3)N2C(=O)N2CCNC(=O)C2)c(OC(C)C)c1,BDUHCSBCVGXTJM-WUFINQPMSA-N,11433190,Nutlin 3,C30H30Cl2N4O4,581.5,40,1,False,True,manual_override,active (-)-enantiomer Nutlin-3a rather than the racemate returned by the name search,2026-09-26
OF-1,COc1cc2c(cc1NS(=O)(=O)c1ccc(Br)cc1C)n(C)c(=O)n2C,YUNQZQREIHWDQT-UHFFFAOYSA-N,COc1cc2c(cc1NS(=O)(=O)c1ccc(Br)cc1C)n(C)c(=O)n2C,YUNQZQREIHWDQT-UHFFFAOYSA-N,35397514,"4-Bromo-N-(2,3-dihydro-6-methoxy-1,3-dimethyl-2-oxo-1H-benzimidazol-5-yl)-2-methyl-benzenesulfonamide",C17H18BrN3O4S,440.319,26,1,False,True,pubchem_name,OF-1,2026-09-26
OSI-027,COc1cccc2cc(-c3nc(C4CCC(C(=O)O)CC4)n4ncnc(N)c34)[nH]c12,JROFGZPOBKIAEW-UHFFFAOYSA-N,COc1cccc2cc(-c3nc(C4CCC(C(=O)O)CC4)n4ncnc(N)c34)[nH]c12,JROFGZPOBKIAEW-UHFFFAOYSA-N,135398516,Cerc 006,C21H22N6O3,406.446,30,1,False,True,pubchem_name,OSI-027,2026-09-26
OSI-930,O=C(Nc1ccc(OC(F)(F)F)cc1)c1sccc1NCc1ccnc2ccccc12,FGTCROZDHDSNIO-UHFFFAOYSA-N,O=C(Nc1ccc(OC(F)(F)F)cc1)c1sccc1NCc1ccnc2ccccc12,FGTCROZDHDSNIO-UHFFFAOYSA-N,9868037,Osi-930,C22H16F3N3O2S,443.45,31,1,False,True,pubchem_name,OSI-930,2026-09-26
OSU-03012,NCC(=O)Nc1ccc(-n2nc(C(F)(F)F)cc2-c2ccc3c(ccc4ccccc43)c2)cc1,YULUCECVQOCQFQ-UHFFFAOYSA-N,NCC(=O)Nc1ccc(-n2nc(C(F)(F)F)cc2-c2ccc3c(ccc4ccccc43)c2)cc1,YULUCECVQOCQFQ-UHFFFAOYSA-N,10027278,2-Amino-N-(4-(5-(2-phenanthrenyl)-3-(trifluoromethyl)-1H-pyrazol-1-yl)phenyl)acetamide,C26H19F3N4O,460.459,34,1,False,True,pubchem_name,OSU-03012,2026-09-26
OTX015,Cc1sc2c(c1C)C(c1ccc(Cl)cc1)=N[C@@H](CC(=O)Nc1ccc(O)cc1)c1nnc(C)n1-2,GNMUEVRJHCWKTO-FQEVSTJZSA-N,Cc1sc2c(c1C)C(c1ccc(Cl)cc1)=N[C@@H](CC(=O)Nc1ccc(O)cc1)c1nnc(C)n1-2,GNMUEVRJHCWKTO-FQEVSTJZSA-N,9936746,"(6S)-4-(4-Chlorophenyl)-N-(4-hydroxyphenyl)-2,3,9-trimethyl-6H-thieno(3,2-f)(1,2,4)triazolo(4,3-a)(1,4)diazepine-6-acetamide",C25H22ClN5O2S,492.004,34,1,False,True,pubchem_name,OTX015,2026-09-26
Obatoclax Mesylate,COc1c/c(=C2\C=c3ccccc3=N2)[nH]/c1=C\c1[nH]c(C)cc1C.CS(=O)(=O)O,ZVAGBRFUYHSUHA-LZOXOEDVSA-N,COc1c/c(=C2\C=c3ccccc3=N2)[nH]/c1=C\c1[nH]c(C)cc1C,CVCLJVVBHYOXDC-IAZSKANUSA-N,16681698,Obatoclax mesylate,C21H23N3O4S,413.499,29,2,False,True,pubchem_name,Obatoclax Mesylate,2026-09-26
Olaparib,O=C(c1cc(Cc2n[nH]c(=O)c3ccccc23)ccc1F)N1CCN(C(=O)C2CC2)CC1,FDLYAMZZIXQODN-UHFFFAOYSA-N,O=C(c1cc(Cc2n[nH]c(=O)c3ccccc23)ccc1F)N1CCN(C(=O)C2CC2)CC1,FDLYAMZZIXQODN-UHFFFAOYSA-N,23725625,Olaparib,C24H23FN4O3,434.471,32,1,False,True,pubchem_name,Olaparib,2026-09-26
Omipalisib,COc1ncc(-c2ccc3nccc(-c4ccnnc4)c3c2)cc1NS(=O)(=O)c1ccc(F)cc1F,CGBJSGAELGCMKE-UHFFFAOYSA-N,COc1ncc(-c2ccc3nccc(-c4ccnnc4)c3c2)cc1NS(=O)(=O)c1ccc(F)cc1F,CGBJSGAELGCMKE-UHFFFAOYSA-N,25167777,Omipalisib,C25H17F2N5O3S,505.506,36,1,False,True,pubchem_name,Omipalisib,2026-09-26
Osimertinib,C=CC(=O)Nc1cc(Nc2nccc(-c3cn(C)c4ccccc34)n2)c(OC)cc1N(C)CCN(C)C,DUYJMQONPNNFPI-UHFFFAOYSA-N,C=CC(=O)Nc1cc(Nc2nccc(-c3cn(C)c4ccccc34)n2)c(OC)cc1N(C)CCN(C)C,DUYJMQONPNNFPI-UHFFFAOYSA-N,71496458,Osimertinib,C28H33N7O2,499.619,37,1,False,True,pubchem_name,Osimertinib,2026-09-26
Oxaliplatin,O=C(O)C(=O)O.[NH-][C@@H]1CCCC[C@H]1[NH-].[Pt+2],DRMCATBEKSVAPL-BNTLRKBRSA-N,O=C(O)C(=O)O.[NH-][C@@H]1CCCC[C@H]1[NH-].[Pt+2],DRMCATBEKSVAPL-BNTLRKBRSA-N,9887053,"cis-oxalato-trans-l-1,2-diaminocyclohexaneplatinum(II)",C8H14N2O4Pt,397.288,15,3,True,True,pubchem_name,Oxaliplatin,2026-09-26
P22077,CC(=O)c1cc([N+](=O)[O-])c(Sc2ccc(F)cc2F)s1,RMAMGGNACJHXHO-UHFFFAOYSA-N,CC(=O)c1cc([N+](=O)[O-])c(Sc2ccc(F)cc2F)s1,RMAMGGNACJHXHO-UHFFFAOYSA-N,46931953,P22077,C12H7F2NO3S2,315.322,20,1,False,True,pubchem_name,P22077,2026-09-26
PAC-1,C=CCc1cccc(/C=N/NC(=O)CN2CCN(Cc3ccccc3)CC2)c1O,YQNRVGJCPCNMKT-LFVJCYFKSA-N,C=CCc1cccc(/C=N/NC(=O)CN2CCN(Cc3ccccc3)CC2)c1O,YQNRVGJCPCNMKT-LFVJCYFKSA-N,135421197,Pac-1,C23H28N4O2,392.503,29,1,False,True,pubchem_name,PAC-1,2026-09-26
PCI-34051,COc1ccc(Cn2ccc3ccc(C(=O)NO)cc32)cc1,AJRGHIGYPXNABY-UHFFFAOYSA-N,COc1ccc(Cn2ccc3ccc(C(=O)NO)cc32)cc1,AJRGHIGYPXNABY-UHFFFAOYSA-N,24753719,Pci-34051,C17H16N2O3,296.326,22,1,False,True,pubchem_name,PCI-34051,2026-09-26
PD0325901,O=C(NOC[C@H](O)CO)c1ccc(F)c(F)c1Nc1ccc(I)cc1F,SUDAHWBOROXANE-SECBINFHSA-N,O=C(NOC[C@H](O)CO)c1ccc(F)c(F)c1Nc1ccc(I)cc1F,SUDAHWBOROXANE-SECBINFHSA-N,9826528,"N-((2R)-2,3-Dihydroxypropoxy)-3,4-difluoro-2-((2-fluoro-4-iodophenyl)amino)benzamide",C16H14F3IN2O4,482.196,26,1,False,True,pubchem_name,PD0325901,2026-09-26
PD173074,CCN(CC)CCCCNc1ncc2cc(-c3cc(OC)cc(OC)c3)c(NC(=O)NC(C)(C)C)nc2n1,DXCUKNQANPLTEJ-UHFFFAOYSA-N,CCN(CC)CCCCNc1ncc2cc(-c3cc(OC)cc(OC)c3)c(NC(=O)NC(C)(C)C)nc2n1,DXCUKNQANPLTEJ-UHFFFAOYSA-N,1401,"N-(2-((4-(Diethylamino)butyl)amino)-6-(3,5-dimethoxyphenyl)pyrido(2,3-d)pyrimidin-7-yl)-N'-(1,1-dimethylethyl)urea",C28H41N7O3,523.682,38,1,False,True,pubchem_name,PD173074,2026-09-26
PF-00299804,COc1cc2ncnc(Nc3ccc(F)c(Cl)c3)c2cc1NC(=O)/C=C/CN1CCCCC1,LVXJQMNHJWSHET-AATRIKPKSA-N,COc1cc2ncnc(Nc3ccc(F)c(Cl)c3)c2cc1NC(=O)/C=C/CN1CCCCC1,LVXJQMNHJWSHET-AATRIKPKSA-N,11511120,Dacomitinib,C24H25ClFN5O2,469.948,33,1,False,True,pubchem_name,PF-00299804,2026-09-26
PF-4708671,CCc1cncnc1N1CCN(Cc2nc3ccc(C(F)(F)F)cc3[nH]2)CC1,FBLPQCAQRNSVHB-UHFFFAOYSA-N,CCc1cncnc1N1CCN(Cc2nc3ccc(C(F)(F)F)cc3[nH]2)CC1,FBLPQCAQRNSVHB-UHFFFAOYSA-N,51371303,PF-4708671,C19H21F3N6,390.413,28,1,False,True,pubchem_name,PF-4708671,2026-09-26
PF-562271,CN(c1ncccc1CNc1nc(Nc2ccc3c(c2)CC(=O)N3)ncc1C(F)(F)F)S(C)(=O)=O,MZDKLVOWGIOKTN-UHFFFAOYSA-N,CN(c1ncccc1CNc1nc(Nc2ccc3c(c2)CC(=O)N3)ncc1C(F)(F)F)S(C)(=O)=O,MZDKLVOWGIOKTN-UHFFFAOYSA-N,11713159,PF-562271,C21H20F3N7O3S,507.498,35,1,False,True,pubchem_name,PF-562271,2026-09-26
PFI-1,COc1ccccc1S(=O)(=O)Nc1ccc2c(c1)CN(C)C(=O)N2,TXZPMHLMPKIUGK-UHFFFAOYSA-N,COc1ccccc1S(=O)(=O)Nc1ccc2c(c1)CN(C)C(=O)N2,TXZPMHLMPKIUGK-UHFFFAOYSA-N,71271629,Pfi-1,C16H17N3O4S,347.396,24,1,False,True,pubchem_name,PFI-1,2026-09-26
PFI-3,O=C(/C=C/N1C[C@H]2C[C@@H]1CN2c1ccccn1)c1ccccc1O,INAICWLVUAKEPB-QSTFCLMHSA-N,O=C(/C=C/N1C[C@H]2C[C@@H]1CN2c1ccccn1)c1ccccc1O,INAICWLVUAKEPB-QSTFCLMHSA-N,78243717,Pfi-3,C19H19N3O2,321.38,24,1,False,True,pubchem_name,PFI-3,2026-09-26
PFI3,O=C(/C=C/N1C[C@H]2C[C@@H]1CN2c1ccccn1)c1ccccc1O,INAICWLVUAKEPB-QSTFCLMHSA-N,O=C(/C=C/N1C[C@H]2C[C@@H]1CN2c1ccccn1)c1ccccc1O,INAICWLVUAKEPB-QSTFCLMHSA-N,78243717,Pfi-3,C19H19N3O2,321.38,24,1,False,True,pubchem_name,PFI3,2026-09-26
PHA-665752,Cc1[nH]c(/C=C2\C(=O)Nc3ccc(S(=O)(=O)Cc4c(Cl)cccc4Cl)cc32)c(C)c1C(=O)N1CCC[C@@H]1CN1CCCC1,OYONTEXKYJZFHA-SSHUPFPWSA-N,Cc1[nH]c(/C=C2\C(=O)Nc3ccc(S(=O)(=O)Cc4c(Cl)cccc4Cl)cc32)c(C)c1C(=O)N1CCC[C@@H]1CN1CCCC1,OYONTEXKYJZFHA-SSHUPFPWSA-N,10461815,"(3Z)-5-(((2,6-Dichlorophenyl)methyl)sulfonyl)-3-((3,5-dimethyl-4-(((2R)-2-(1-pyrrolidinylmethyl)-1-pyrrolidinyl)carbonyl)-1H-pyrrol-2-yl)methylene)-1,3-dihydro-2H-indol-2-one",C32H34Cl2N4O4S,641.621,43,1,False,True,pubchem_name,PHA-665752,2026-09-26
PHA-793887,CC(C)CC(=O)Nc1n[nH]c2c1CN(C(=O)C1CCN(C)CC1)C2(C)C,HUXYBQXJVXOMKX-UHFFFAOYSA-N,CC(C)CC(=O)Nc1n[nH]c2c1CN(C(=O)C1CCN(C)CC1)C2(C)C,HUXYBQXJVXOMKX-UHFFFAOYSA-N,46191454,Pha-793887,C19H31N5O2,361.49,26,1,False,True,pubchem_name,PHA-793887,2026-09-26
PI-103,Oc1cccc(-c2nc(N3CCOCC3)c3oc4ncccc4c3n2)c1,TUVCWJQQGGETHL-UHFFFAOYSA-N,Oc1cccc(-c2nc(N3CCOCC3)c3oc4ncccc4c3n2)c1,TUVCWJQQGGETHL-UHFFFAOYSA-N,9884685,"3-(4-(4-Morpholinyl)pyrido(3',2':4,5)furo(3,2-d)pyrimidin-2-yl)phenol",C19H16N4O3,348.362,26,1,False,True,pubchem_name,PI-103,2026-09-26
PIK-93,CC(=O)Nc1nc(C)c(-c2ccc(Cl)c(S(=O)(=O)NCCO)c2)s1,JFVNFXCESCXMBC-UHFFFAOYSA-N,CC(=O)Nc1nc(C)c(-c2ccc(Cl)c(S(=O)(=O)NCCO)c2)s1,JFVNFXCESCXMBC-UHFFFAOYSA-N,6852167,"N-(5-{4-Chloro-3-[(2-hydroxyethyl)sulfamoyl]phenyl}-4-methyl-1,3-thiazol-2-yl)acetamide",C14H16ClN3O4S2,389.886,24,1,False,True,pubchem_name,PIK-93,2026-09-26
PLX-4720,CCCS(=O)(=O)Nc1ccc(F)c(C(=O)c2c[nH]c3ncc(Cl)cc23)c1F,YZDJQTHVDDOVHR-UHFFFAOYSA-N,CCCS(=O)(=O)Nc1ccc(F)c(C(=O)c2c[nH]c3ncc(Cl)cc23)c1F,YZDJQTHVDDOVHR-UHFFFAOYSA-N,24180719,Plx-4720,C17H14ClF2N3O3S,413.833,27,1,False,True,pubchem_name,PLX-4720,2026-09-26
POMHEX,CC(C)(C)C(=O)OCOP(=O)(OCOC(=O)C(C)(C)C)C1CCCN(O)C1=O,TVFIFFUSHZDTKT-UHFFFAOYSA-N,CC(C)(C)C(=O)OCOP(=O)(OCOC(=O)C(C)(C)C)C1CCCN(O)C1=O,TVFIFFUSHZDTKT-UHFFFAOYSA-N,122540908,Pomhex,C17H30NO9P,423.399,28,1,False,True,pubchem_name,POMHEX,2026-09-26
PRIMA-1MET,COCC1(CO)C(=O)C2CCN1CC2,BGBNULCRKBVAKL-UHFFFAOYSA-N,COCC1(CO)C(=O)C2CCN1CC2,BGBNULCRKBVAKL-UHFFFAOYSA-N,52918385,2-(Hydroxymethyl)-2-(methoxymethyl)-1-azabicyclo(2.2.2)octan-3-one,C10H17NO3,199.25,14,1,False,True,pubchem_name,PRIMA-1MET,2026-09-26
PRT062607,NC(=O)c1cnc(N[C@@H]2CCCC[C@@H]2N)nc1Nc1cccc(-n2nccn2)c1,TXGKRVFSSHPBAJ-JKSUJKDBSA-N,NC(=O)c1cnc(N[C@@H]2CCCC[C@@H]2N)nc1Nc1cccc(-n2nccn2)c1,TXGKRVFSSHPBAJ-JKSUJKDBSA-N,44462758,P505-15,C19H23N9O,393.455,29,1,False,True,pubchem_name,PRT062607,2026-09-26
Paclitaxel,CC(=O)O[C@H]1C(=O)[C@@]2(C)[C@H]([C@H](OC(=O)c3ccccc3)[C@]3(O)C[C@H](OC(=O)[C@H](O)[C@@H](NC(=O)c4ccccc4)c4ccccc4)C(C)=C1C3(C)C)[C@]1(OC(C)=O)CO[C@@H]1C[C@@H]2O,RCINICONZNJXQF-MZXODVADSA-N,CC(=O)O[C@H]1C(=O)[C@@]2(C)[C@H]([C@H](OC(=O)c3ccccc3)[C@]3(O)C[C@H](OC(=O)[C@H](O)[C@@H](NC(=O)c4ccccc4)c4ccccc4)C(C)=C1C3(C)C)[C@]1(OC(C)=O)CO[C@@H]1C[C@@H]2O,RCINICONZNJXQF-MZXODVADSA-N,36314,Paclitaxel,C47H51NO14,853.918,62,1,False,True,pubchem_name,Paclitaxel,2026-09-26
Palbociclib,CC(=O)c1c(C)c2cnc(Nc3ccc(N4CCNCC4)cn3)nc2n(C2CCCC2)c1=O,AHJRHEGDXFFMBM-UHFFFAOYSA-N,CC(=O)c1c(C)c2cnc(Nc3ccc(N4CCNCC4)cn3)nc2n(C2CCCC2)c1=O,AHJRHEGDXFFMBM-UHFFFAOYSA-N,5330286,Palbociclib,C24H29N7O2,447.543,33,1,False,True,pubchem_name,Palbociclib,2026-09-26
Panobinostat,Cc1[nH]c2ccccc2c1CCNCc1ccc(/C=C/C(=O)NO)cc1,FPOHNWQLNRZRFC-ZHACJKMWSA-N,Cc1[nH]c2ccccc2c1CCNCc1ccc(/C=C/C(=O)NO)cc1,FPOHNWQLNRZRFC-ZHACJKMWSA-N,6918837,Panobinostat,C21H23N3O2,349.434,26,1,False,True,pubchem_name,Panobinostat,2026-09-26
Parthenolide,C=C1C(=O)O[C@H]2[C@H]1CC/C(C)=C/CC[C@@]1(C)O[C@@H]21,KTEXNACQROZXEV-SLXBATTESA-N,C=C1C(=O)O[C@H]2[C@H]1CC/C(C)=C/CC[C@@]1(C)O[C@@H]21,KTEXNACQROZXEV-SLXBATTESA-N,6473881,Parthenolide,C15H20O3,248.322,18,1,False,True,pubchem_name,Parthenolide,2026-09-26
Pazopanib,Cc1ccc(Nc2nccc(N(C)c3ccc4c(C)n(C)nc4c3)n2)cc1S(N)(=O)=O,CUIHSIWYWATEQL-UHFFFAOYSA-N,Cc1ccc(Nc2nccc(N(C)c3ccc4c(C)n(C)nc4c3)n2)cc1S(N)(=O)=O,CUIHSIWYWATEQL-UHFFFAOYSA-N,10113978,Pazopanib,C21H23N7O2S,437.529,31,1,False,True,pubchem_name,Pazopanib,2026-09-26
Pelitinib,CCOc1cc2ncc(C#N)c(Nc3ccc(F)c(Cl)c3)c2cc1NC(=O)/C=C/CN(C)C,WVUNYSQLFKLYNI-AATRIKPKSA-N,CCOc1cc2ncc(C#N)c(Nc3ccc(F)c(Cl)c3)c2cc1NC(=O)/C=C/CN(C)C,WVUNYSQLFKLYNI-AATRIKPKSA-N,6445562,Pelitinib,C24H23ClFN5O2,467.932,33,1,False,True,pubchem_name,Pelitinib,2026-09-26
Pemetrexed,Nc1nc2[nH]cc(CCc3ccc(C(=O)N[C@@H](CCC(=O)O)C(=O)O)cc3)c2c(=O)[nH]1,WBXPDJSOTKVWSJ-ZDUSSCGKSA-N,Nc1nc2[nH]cc(CCc3ccc(C(=O)N[C@@H](CCC(=O)O)C(=O)O)cc3)c2c(=O)[nH]1,WBXPDJSOTKVWSJ-ZDUSSCGKSA-N,135410875,Pemetrexed,C20H21N5O6,427.417,31,1,False,True,pubchem_name,Pemetrexed,2026-09-26
Pevonedistat,NS(=O)(=O)OC[C@@H]1C[C@@H](n2ccc3c(N[C@H]4CCc5ccccc54)ncnc32)C[C@@H]1O,MPUQHZXIXSTTDU-QXGSTGNESA-N,NS(=O)(=O)OC[C@@H]1C[C@@H](n2ccc3c(N[C@H]4CCc5ccccc54)ncnc32)C[C@@H]1O,MPUQHZXIXSTTDU-QXGSTGNESA-N,16720766,Pevonedistat,C21H25N5O4S,443.529,31,1,False,True,pubchem_name,Pevonedistat,2026-09-26
Phenformin,NC(N)=NC(N)=NCCc1ccccc1,ICFJFFQQTFMIBG-UHFFFAOYSA-N,NC(N)=NC(N)=NCCc1ccccc1,ICFJFFQQTFMIBG-UHFFFAOYSA-N,8249,Phenformin,C10H15N5,205.265,15,1,False,True,pubchem_name,Phenformin,2026-09-26
Picolinici-acid,O=C(O)c1ccccn1,SIOXPEMLGUPBBT-UHFFFAOYSA-N,O=C(O)c1ccccn1,SIOXPEMLGUPBBT-UHFFFAOYSA-N,1018,Picolinic acid,C6H5NO2,123.111,9,1,False,True,manual_override,GDSC typo for picolinic acid; use the neutral acid rather than the picolinate anion,2026-09-26
Pictilisib,CS(=O)(=O)N1CCN(Cc2cc3nc(-c4cccc5[nH]ncc45)nc(N4CCOCC4)c3s2)CC1,LHNIIDJUOCFXAP-UHFFFAOYSA-N,CS(=O)(=O)N1CCN(Cc2cc3nc(-c4cccc5[nH]ncc45)nc(N4CCOCC4)c3s2)CC1,LHNIIDJUOCFXAP-UHFFFAOYSA-N,17755052,Pictilisib,C23H27N7O3S2,513.649,35,1,False,True,pubchem_name,Pictilisib,2026-09-26
Pilaralisib,COc1ccc(Cl)c(Nc2nc3ccccc3nc2NS(=O)(=O)c2cccc(NC(=O)C(C)(C)N)c2)c1,QINPEPAQOBZPOF-UHFFFAOYSA-N,COc1ccc(Cl)c(Nc2nc3ccccc3nc2NS(=O)(=O)c2cccc(NC(=O)C(C)(C)N)c2)c1,QINPEPAQOBZPOF-UHFFFAOYSA-N,56599306,Pilaralisib,C25H25ClN6O4S,541.033,37,1,False,True,pubchem_name,Pilaralisib,2026-09-26
Piperlongumine,COc1cc(/C=C/C(=O)N2CCC=CC2=O)cc(OC)c1OC,VABYUUZNAVQNPG-BQYQJAHWSA-N,COc1cc(/C=C/C(=O)N2CCC=CC2=O)cc(OC)c1OC,VABYUUZNAVQNPG-BQYQJAHWSA-N,637858,Piperlongumine,C17H19NO5,317.341,23,1,False,True,pubchem_name,Piperlongumine,2026-09-26
Podophyllotoxin bromide,COc1cc([C@@H]2c3cc4c(cc3C(Br)[C@H]3COC(=O)[C@H]23)OCO4)cc(OC)c1OC,VNDCSULMOTZMNT-KSRYTWCQSA-N,COc1cc([C@@H]2c3cc4c(cc3C(Br)[C@H]3COC(=O)[C@H]23)OCO4)cc(OC)c1OC,VNDCSULMOTZMNT-KSRYTWCQSA-N,234820,Podophyllotoxin bromide,C22H21BrO7,477.307,30,1,False,True,pubchem_name,Podophyllotoxin bromide,2026-09-26
Ponatinib,Cc1ccc(C(=O)Nc2ccc(CN3CCN(C)CC3)c(C(F)(F)F)c2)cc1C#Cc1cnc2cccnn12,PHXJVRSECIGDHY-UHFFFAOYSA-N,Cc1ccc(C(=O)Nc2ccc(CN3CCN(C)CC3)c(C(F)(F)F)c2)cc1C#Cc1cnc2cccnn12,PHXJVRSECIGDHY-UHFFFAOYSA-N,24826799,Ponatinib,C29H27F3N6O,532.57,39,1,False,True,pubchem_name,Ponatinib,2026-09-26
Pyridostatin,NCCOc1cc(C(=O)Nc2cc(OCCN)c3ccccc3n2)nc(C(=O)Nc2cc(OCCN)c3ccccc3n2)c1,VGHSATQVJCTKEF-UHFFFAOYSA-N,NCCOc1cc(C(=O)Nc2cc(OCCN)c3ccccc3n2)nc(C(=O)Nc2cc(OCCN)c3ccccc3n2)c1,VGHSATQVJCTKEF-UHFFFAOYSA-N,25227847,Pyridostatin,C31H32N8O5,596.648,44,1,False,True,pubchem_name,Pyridostatin,2026-09-26
Pyrimethamine,CCc1nc(N)nc(N)c1-c1ccc(Cl)cc1,WKSAUQYGYAYLPV-UHFFFAOYSA-N,CCc1nc(N)nc(N)c1-c1ccc(Cl)cc1,WKSAUQYGYAYLPV-UHFFFAOYSA-N,4993,Pyrimethamine,C12H13ClN4,248.717,17,1,False,True,pubchem_name,Pyrimethamine,2026-09-26
QL-X-138,C=CC(=O)Nc1cc(-n2c(=O)ccc3cnc4ccc(-c5cn[nH]c5)cc4c32)ccc1C,JMVDIGHUQAXWIE-UHFFFAOYSA-N,C=CC(=O)Nc1cc(-n2c(=O)ccc3cnc4ccc(-c5cn[nH]c5)cc4c32)ccc1C,JMVDIGHUQAXWIE-UHFFFAOYSA-N,73707530,"N-[2-methyl-5-[2-oxo-9-(1H-pyrazol-4-yl)-1-benzo[h][1,6]naphthyridinyl]phenyl]-2-propenamide",C25H19N5O2,421.46,32,1,False,True,pubchem_name,QL-X-138,2026-09-26
QL-XI-92,C=CC(=O)Nc1cc(NC(=O)c2ccc(C)c(NC(=O)c3ccno3)c2)cc(C(F)(F)F)c1,UASQUKUDXJFTCO-UHFFFAOYSA-N,C=CC(=O)Nc1cc(NC(=O)c2ccc(C)c(NC(=O)c3ccno3)c2)cc(C(F)(F)F)c1,UASQUKUDXJFTCO-UHFFFAOYSA-N,73265214,N-[2-methyl-5-[oxo-[3-(1-oxoprop-2-enylamino)-5-(trifluoromethyl)anilino]methyl]phenyl]-5-isoxazolecarboxamide,C22H17F3N4O4,458.396,33,1,False,True,pubchem_name,QL-XI-92,2026-09-26
QS11,OC[C@H](Cc1ccccc1)Nc1nc(Oc2ccc3c(c2)CCC3)nc2c1ncn2Cc1ccc(-c2ccccc2)cc1,DOKZLKDGUQWMSX-HKBQPEDESA-N,OC[C@H](Cc1ccccc1)Nc1nc(Oc2ccc3c(c2)CCC3)nc2c1ncn2Cc1ccc(-c2ccccc2)cc1,DOKZLKDGUQWMSX-HKBQPEDESA-N,42623900,"(S)-2-((9-([1,1'-biphenyl]-4-ylmethyl)-2-((2,3-dihydro-1H-inden-5-yl)oxy)-9H-purin-6-yl)amino)-3-phenylpropan-1-ol",C36H33N5O2,567.693,43,1,False,True,pubchem_name,QS11,2026-09-26
Quizartinib,CC(C)(C)c1cc(NC(=O)Nc2ccc(-c3cn4c(n3)sc3cc(OCCN5CCOCC5)ccc34)cc2)no1,CVWXJKQAOSCOAB-UHFFFAOYSA-N,CC(C)(C)c1cc(NC(=O)Nc2ccc(-c3cn4c(n3)sc3cc(OCCN5CCOCC5)ccc34)cc2)no1,CVWXJKQAOSCOAB-UHFFFAOYSA-N,24889392,Quizartinib,C29H32N6O4S,560.68,40,1,False,True,pubchem_name,Quizartinib,2026-09-26
RO-3306,O=C1NC(=NCc2cccs2)SC1=Cc1ccc2ncccc2c1,XOLMRFUGOINFDQ-UHFFFAOYSA-N,O=C1NC(=NCc2cccs2)SC1=Cc1ccc2ncccc2c1,XOLMRFUGOINFDQ-UHFFFAOYSA-N,136240579,RO3306,C18H13N3OS2,351.456,24,1,False,True,pubchem_name,RO-3306,2026-09-26
RU-SKI 43,CCC(C)CNCC(=O)N1CCc2sccc2C1COc1cccc(C)c1,AEENEMOEBJOKGN-UHFFFAOYSA-N,CCC(C)CNCC(=O)N1CCc2sccc2C1COc1cccc(C)c1,AEENEMOEBJOKGN-UHFFFAOYSA-N,46006640,RU-Ski 43,C22H30N2O2S,386.561,27,1,False,True,pubchem_name,RU-SKI 43,2026-09-26
RVX-208,COc1cc(OC)c2c(=O)[nH]c(-c3cc(C)c(OCCO)c(C)c3)nc2c1,NETXMUIMUZJUTB-UHFFFAOYSA-N,COc1cc(OC)c2c(=O)[nH]c(-c3cc(C)c(OCCO)c(C)c3)nc2c1,NETXMUIMUZJUTB-UHFFFAOYSA-N,135564749,Apabetalone,C20H22N2O5,370.405,27,1,False,True,pubchem_name,RVX-208,2026-09-26
Rapamycin,CO[C@H]1C[C@@H]2CC[C@@H](C)[C@@](O)(O2)C(=O)C(=O)N2CCCC[C@H]2C(=O)O[C@H]([C@H](C)C[C@@H]2CC[C@@H](O)[C@H](OC)C2)CC(=O)[C@H](C)/C=C(\C)[C@@H](O)[C@@H](OC)C(=O)[C@H](C)C[C@H](C)/C=C/C=C/C=C/1C,QFJCIRLUMZQUOT-HPLJOQBZSA-N,CO[C@H]1C[C@@H]2CC[C@@H](C)[C@@](O)(O2)C(=O)C(=O)N2CCCC[C@H]2C(=O)O[C@H]([C@H](C)C[C@@H]2CC[C@@H](O)[C@H](OC)C2)CC(=O)[C@H](C)/C=C(\C)[C@@H](O)[C@@H](OC)C(=O)[C@H](C)C[C@H](C)/C=C/C=C/C=C/1C,QFJCIRLUMZQUOT-HPLJOQBZSA-N,5284616,Sirolimus,C51H79NO13,914.187,65,1,False,True,pubchem_name,Rapamycin,2026-09-26
Refametinib,COc1cc(F)c(F)c(Nc2ccc(I)cc2F)c1NS(=O)(=O)C1(C[C@H](O)CO)CC1,RDSACQWTXKSHJT-NSHDSACASA-N,COc1cc(F)c(F)c(Nc2ccc(I)cc2F)c1NS(=O)(=O)C1(C[C@H](O)CO)CC1,RDSACQWTXKSHJT-NSHDSACASA-N,44182295,Refametinib,C19H20F3IN2O5S,572.343,31,1,False,True,pubchem_name,Refametinib,2026-09-26
Remodelin,N#Cc1ccc(-c2csc(NN=C3CCCC3)n2)cc1,XAEJIFARBQJLML-UHFFFAOYSA-N,N#Cc1ccc(-c2csc(NN=C3CCCC3)n2)cc1,XAEJIFARBQJLML-UHFFFAOYSA-N,44442376,4-(4-Cyanophenyl)-2-(2-cyclopentylidenehydrazinyl)thiazole,C15H14N4S,282.372,20,1,False,True,pubchem_name,Remodelin,2026-09-26
Ribociclib,CN(C)C(=O)c1cc2cnc(Nc3ccc(N4CCNCC4)cn3)nc2n1C1CCCC1,RHXHGRAEPCAFML-UHFFFAOYSA-N,CN(C)C(=O)c1cc2cnc(Nc3ccc(N4CCNCC4)cn3)nc2n1C1CCCC1,RHXHGRAEPCAFML-UHFFFAOYSA-N,44631912,Ribociclib,C23H30N8O,434.548,32,1,False,True,pubchem_name,Ribociclib,2026-09-26
Romidepsin,C/C=C1\NC(=O)[C@H]2CSSCC/C=C/[C@H](CC(=O)N[C@H](C(C)C)C(=O)N2)OC(=O)[C@H](C(C)C)NC1=O,OHRURASPPZQGQM-GCCNXGTGSA-N,C/C=C1\NC(=O)[C@H]2CSSCC/C=C/[C@H](CC(=O)N[C@H](C(C)C)C(=O)N2)OC(=O)[C@H](C(C)C)NC1=O,OHRURASPPZQGQM-GCCNXGTGSA-N,5352062,Romidepsin,C24H36N4O6S2,540.708,36,1,False,True,pubchem_name,Romidepsin,2026-09-26
Rucaparib,CNCc1ccc(-c2[nH]c3cc(F)cc4c3c2CCNC4=O)cc1,HMABYWSNWIZPAG-UHFFFAOYSA-N,CNCc1ccc(-c2[nH]c3cc(F)cc4c3c2CCNC4=O)cc1,HMABYWSNWIZPAG-UHFFFAOYSA-N,9931954,Rucaparib,C19H18FN3O,323.371,24,1,False,True,pubchem_name,Rucaparib,2026-09-26
Ruxolitinib,N#CC[C@H](C1CCCC1)n1cc(-c2ncnc3[nH]ccc23)cn1,HFNKQEVNSGCOJV-OAHLLOKOSA-N,N#CC[C@H](C1CCCC1)n1cc(-c2ncnc3[nH]ccc23)cn1,HFNKQEVNSGCOJV-OAHLLOKOSA-N,25126798,Ruxolitinib,C17H18N6,306.373,23,1,False,True,pubchem_name,Ruxolitinib,2026-09-26
S-Trityl-L-cysteine,N[C@@H](CSC(c1ccccc1)(c1ccccc1)c1ccccc1)C(=O)O,DLMYFMLKORXJPO-FQEVSTJZSA-N,N[C@@H](CSC(c1ccccc1)(c1ccccc1)c1ccccc1)C(=O)O,DLMYFMLKORXJPO-FQEVSTJZSA-N,76044,S-Trityl-L-Cysteine,C22H21NO2S,363.482,26,1,False,True,pubchem_name,S-Trityl-L-cysteine,2026-09-26
SB216763,Cn1cc(C2=C(c3ccc(Cl)cc3Cl)C(=O)NC2=O)c2ccccc21,JCSGFHVFHSKIJH-UHFFFAOYSA-N,Cn1cc(C2=C(c3ccc(Cl)cc3Cl)C(=O)NC2=O)c2ccccc21,JCSGFHVFHSKIJH-UHFFFAOYSA-N,176158,SB 216763,C19H12Cl2N2O2,371.223,25,1,False,True,pubchem_name,SB216763,2026-09-26
SB505124,Cc1cccc(-c2[nH]c(C(C)(C)C)nc2-c2ccc3c(c2)OCO3)n1,WGZOTBUYUFBEPZ-UHFFFAOYSA-N,Cc1cccc(-c2[nH]c(C(C)(C)C)nc2-c2ccc3c(c2)OCO3)n1,WGZOTBUYUFBEPZ-UHFFFAOYSA-N,9858940,SB-505124,C20H21N3O2,335.407,25,1,False,True,pubchem_name,SB505124,2026-09-26
SB52334,Cc1cccc(-c2[nH]c(C(C)(C)C)nc2-c2ccc3nccnc3c2)n1,DKPQHFZUICCZHF-UHFFFAOYSA-N,Cc1cccc(-c2[nH]c(C(C)(C)C)nc2-c2ccc3nccnc3c2)n1,DKPQHFZUICCZHF-UHFFFAOYSA-N,9967941,SB-525334,C21H21N5,343.434,26,1,False,True,manual_override,GDSC name is a typo of SB-525334 (ALK5/TGFBR1 inhibitor); PubChem matched 2-phenylnicotinic acid,2026-09-26
SB590885,CN(C)CCOc1ccc(-c2nc(-c3ccc4c(c3)CCC4=NO)c(-c3ccncc3)[nH]2)cc1,MLSAQOINCGAULQ-UHFFFAOYSA-N,CN(C)CCOc1ccc(-c2nc(-c3ccc4c(c3)CCC4=NO)c(-c3ccncc3)[nH]2)cc1,MLSAQOINCGAULQ-UHFFFAOYSA-N,135564599,SB 590885,C27H27N5O2,453.546,34,1,False,True,pubchem_name,SB590885,2026-09-26
SCH772984,O=C(Nc1ccc2[nH]nc(-c3ccncc3)c2c1)[C@@H]1CCN(CC(=O)N2CCN(c3ccc(-c4ncccn4)cc3)CC2)C1,HDAJDNHIBCDLQF-RUZDIDTESA-N,O=C(Nc1ccc2[nH]nc(-c3ccncc3)c2c1)[C@@H]1CCN(CC(=O)N2CCN(c3ccc(-c4ncccn4)cc3)CC2)C1,HDAJDNHIBCDLQF-RUZDIDTESA-N,24866313,Sch772984,C33H33N9O2,587.688,44,1,False,True,pubchem_name,SCH772984,2026-09-26
SGC-CBP30,COc1ccc(CCc2nc3cc(-c4c(C)noc4C)ccc3n2C[C@H](C)N2CCOCC2)cc1Cl,GEPYBHCJBORHCE-SFHVURJKSA-N,COc1ccc(CCc2nc3cc(-c4c(C)noc4C)ccc3n2C[C@H](C)N2CCOCC2)cc1Cl,GEPYBHCJBORHCE-SFHVURJKSA-N,72201027,Sgc-cbp30,C28H33ClN4O3,509.05,36,1,False,True,pubchem_name,SGC-CBP30,2026-09-26
SGC0946,CC(C)N(CCCNC(=O)Nc1ccc(C(C)(C)C)cc1)C[C@H]1O[C@@H](n2cc(Br)c3c(N)ncnc32)[C@H](O)[C@@H]1O,IQCKJUKAQJINMK-HUBRGWSESA-N,CC(C)N(CCCNC(=O)Nc1ccc(C(C)(C)C)cc1)C[C@H]1O[C@@H](n2cc(Br)c3c(N)ncnc32)[C@H](O)[C@@H]1O,IQCKJUKAQJINMK-HUBRGWSESA-N,56962337,Sgc0946,C28H40BrN7O4,618.577,40,1,False,True,pubchem_name,SGC0946,2026-09-26
SL0101,CC(=O)O[C@@H]1[C@@H](OC(C)=O)[C@@H](O)[C@H](Oc2c(-c3ccc(O)cc3)oc3cc(O)cc(O)c3c2=O)O[C@H]1C,SXOZSDJHGMAEGZ-IGKKHSBFSA-N,CC(=O)O[C@@H]1[C@@H](OC(C)=O)[C@@H](O)[C@H](Oc2c(-c3ccc(O)cc3)oc3cc(O)cc(O)c3c2=O)O[C@H]1C,SXOZSDJHGMAEGZ-IGKKHSBFSA-N,10459196,"Kaempferol 3-(3'',4''-diacetylrhamnoside)",C25H24O12,516.455,37,1,False,True,pubchem_name,SL0101,2026-09-26
SN-38,CCc1c2c(nc3ccc(O)cc13)-c1cc3c(c(=O)n1C2)COC(=O)[C@]3(O)CC,FJHBVJOVLFPMQE-QFIPXVFZSA-N,CCc1c2c(nc3ccc(O)cc13)-c1cc3c(c(=O)n1C2)COC(=O)[C@]3(O)CC,FJHBVJOVLFPMQE-QFIPXVFZSA-N,104842,7-Ethyl-10-Hydroxycamptothecin,C22H20N2O5,392.411,29,1,False,True,pubchem_name,SN-38,2026-09-26
SNX-2112,CC1(C)CC(=O)c2c(C(F)(F)F)nn(-c3ccc(C(N)=O)c(NC4CCC(O)CC4)c3)c2C1,ZFVRYNYOPQZKDG-UHFFFAOYSA-N,CC1(C)CC(=O)c2c(C(F)(F)F)nn(-c3ccc(C(N)=O)c(NC4CCC(O)CC4)c3)c2C1,ZFVRYNYOPQZKDG-UHFFFAOYSA-N,24772860,"4-(6,6-dimethyl-4-oxo-3-(trifluoromethyl)-4,5,6,7-tetrahydro-1H-indazol-1-yl)-2-((1r,4r)-4-hydroxycyclohexylamino)benzamide",C23H27F3N4O3,464.488,33,1,False,True,pubchem_name,SNX-2112,2026-09-26
STF-62247,Cc1cccc(Nc2nc(-c3ccncc3)cs2)c1,KATNUHQNJGNLPW-UHFFFAOYSA-N,Cc1cccc(Nc2nc(-c3ccncc3)cs2)c1,KATNUHQNJGNLPW-UHFFFAOYSA-N,704473,Stf-62247,C15H13N3S,267.357,19,1,False,True,pubchem_name,STF-62247,2026-09-26
SU11274,Cc1[nH]c(/C=C2\C(=O)Nc3ccc(S(=O)(=O)N(C)c4cccc(Cl)c4)cc32)c(C)c1C(=O)N1CCN(C)CC1,FPYJSJDOHRDAMT-KQWNVCNZSA-N,Cc1[nH]c(/C=C2\C(=O)Nc3ccc(S(=O)(=O)N(C)c4cccc(Cl)c4)cc32)c(C)c1C(=O)N1CCN(C)CC1,FPYJSJDOHRDAMT-KQWNVCNZSA-N,9549297,SU11274,C28H30ClN5O4S,568.099,39,1,False,True,pubchem_name,SU11274,2026-09-26
Sabutoclax,Cc1cc2c(C(=O)NC[C@H](C)c3ccccc3)c(O)c(O)cc2c(O)c1-c1c(C)cc2c(C(=O)NC[C@H](C)c3ccccc3)c(O)c(O)cc2c1O,RAYNZUHYMMLQQA-ZEQRLZLVSA-N,Cc1cc2c(C(=O)NC[C@H](C)c3ccccc3)c(O)c(O)cc2c(O)c1-c1c(C)cc2c(C(=O)NC[C@H](C)c3ccccc3)c(O)c(O)cc2c1O,RAYNZUHYMMLQQA-ZEQRLZLVSA-N,46236925,Sabutoclax,C42H40N2O8,700.788,52,1,False,True,pubchem_name,Sabutoclax,2026-09-26
Salubrinal,O=C(/C=C/c1ccccc1)NC(NC(=S)Nc1cccc2cccnc12)C(Cl)(Cl)Cl,LCOIAYJMPKXARU-VAWYXSNFSA-N,O=C(/C=C/c1ccccc1)NC(NC(=S)Nc1cccc2cccnc12)C(Cl)(Cl)Cl,LCOIAYJMPKXARU-VAWYXSNFSA-N,5717801,"(2E)-3-Phenyl-N-(2,2,2-trichloro-1-(((8-quinolinylamino)thioxomethyl)amino)ethyl)-2-propenamide",C21H17Cl3N4OS,479.82,30,1,False,True,pubchem_name,Salubrinal,2026-09-26
Sapitinib,CNC(=O)CN1CCC(Oc2cc3c(Nc4cccc(Cl)c4F)ncnc3cc2OC)CC1,DFJSJLGUIXFDJP-UHFFFAOYSA-N,CNC(=O)CN1CCC(Oc2cc3c(Nc4cccc(Cl)c4F)ncnc3cc2OC)CC1,DFJSJLGUIXFDJP-UHFFFAOYSA-N,11488320,Sapitinib,C23H25ClFN5O3,473.936,33,1,False,True,pubchem_name,Sapitinib,2026-09-26
Saracatinib,CN1CCN(CCOc2cc(OC3CCOCC3)c3c(Nc4c(Cl)ccc5c4OCO5)ncnc3c2)CC1,OUKYUETWWIPKQR-UHFFFAOYSA-N,CN1CCN(CCOc2cc(OC3CCOCC3)c3c(Nc4c(Cl)ccc5c4OCO5)ncnc3c2)CC1,OUKYUETWWIPKQR-UHFFFAOYSA-N,10302451,Saracatinib,C27H32ClN5O5,542.036,38,1,False,True,pubchem_name,Saracatinib,2026-09-26
Savolitinib,C[C@@H](c1ccc2nccn2c1)n1nnc2ncc(-c3cnn(C)c3)nc21,XYDNMOZJKOGZLS-NSHDSACASA-N,C[C@@H](c1ccc2nccn2c1)n1nnc2ncc(-c3cnn(C)c3)nc21,XYDNMOZJKOGZLS-NSHDSACASA-N,68289010,Savolitinib,C17H15N9,345.37,26,1,False,True,pubchem_name,Savolitinib,2026-09-26
Schweinfurthin A,CC(C)=CCC/C(C)=C/Cc1c(O)cc(/C=C/c2cc(O)c3c(c2)C[C@@H]2C(C)(C)[C@H](O)[C@H](O)C[C@@]2(C)O3)cc1O,HSDZWMOBUPRZEU-LXYWBZBZSA-N,CC(C)=CCC/C(C)=C/Cc1c(O)cc(/C=C/c2cc(O)c3c(c2)C[C@@H]2C(C)(C)[C@H](O)[C@H](O)C[C@@]2(C)O3)cc1O,HSDZWMOBUPRZEU-LXYWBZBZSA-N,643462,Schweinfurthin A,C34H44O6,548.72,40,1,False,True,pubchem_name,Schweinfurthin A,2026-09-26
Seliciclib,CC[C@H](CO)Nc1nc(NCc2ccccc2)c2ncn(C(C)C)c2n1,BTIHMVBBUGXLCJ-OAHLLOKOSA-N,CC[C@H](CO)Nc1nc(NCc2ccccc2)c2ncn(C(C)C)c2n1,BTIHMVBBUGXLCJ-OAHLLOKOSA-N,160355,Roscovitine,C19H26N6O,354.458,26,1,False,True,pubchem_name,Seliciclib,2026-09-26
Selisistat,NC(=O)C1CCCc2c1[nH]c1ccc(Cl)cc21,FUZYTVDVLBBXDL-UHFFFAOYSA-N,NC(=O)C1CCCc2c1[nH]c1ccc(Cl)cc21,FUZYTVDVLBBXDL-UHFFFAOYSA-N,5113032,EX 527,C13H13ClN2O,248.713,17,1,False,True,pubchem_name,Selisistat,2026-09-26
Selumetinib,Cn1cnc2c(F)c(Nc3ccc(Br)cc3Cl)c(C(=O)NOCCO)cc21,CYOHGALHFOKKQC-UHFFFAOYSA-N,Cn1cnc2c(F)c(Nc3ccc(Br)cc3Cl)c(C(=O)NOCCO)cc21,CYOHGALHFOKKQC-UHFFFAOYSA-N,10127622,Selumetinib,C17H15BrClFN4O3,457.687,27,1,False,True,pubchem_name,Selumetinib,2026-09-26
Sepantronium bromide,COCCn1c2c([n+](Cc3cnccn3)c1C)C(=O)c1ccccc1C2=O.[Br-],QBIYUDDJPRGKNJ-UHFFFAOYSA-M,COCCn1c2c([n+](Cc3cnccn3)c1C)C(=O)c1ccccc1C2=O,OTSOOHRUMBRSHZ-UHFFFAOYSA-N,11178236,Sepantronium Bromide,C20H19BrN4O3,443.301,28,2,False,True,pubchem_name,Sepantronium bromide,2026-09-26
Serdemetan,c1ccc2c(CCNc3ccc(Nc4ccncc4)cc3)c[nH]c2c1,CEGSUKYESLWKJP-UHFFFAOYSA-N,c1ccc2c(CCNc3ccc(Nc4ccncc4)cc3)c[nH]c2c1,CEGSUKYESLWKJP-UHFFFAOYSA-N,11609586,Serdemetan,C21H20N4,328.419,25,1,False,True,pubchem_name,Serdemetan,2026-09-26
Shikonin,CC(C)=CC[C@@H](O)C1=CC(=O)c2c(O)ccc(O)c2C1=O,NEZONWMXZKDMKF-SNVBAGLBSA-N,CC(C)=CC[C@@H](O)C1=CC(=O)c2c(O)ccc(O)c2C1=O,NEZONWMXZKDMKF-SNVBAGLBSA-N,479503,Shikonin,C16H16O5,288.299,21,1,False,True,pubchem_name,Shikonin,2026-09-26
Sinularin,C=C1C(=O)O[C@@H]2C[C@H]1CC[C@]1(C)O[C@H]1CC/C(C)=C/CC[C@]2(C)O,YKKJETNBRNDYKN-JZZWRREUSA-N,C=C1C(=O)O[C@@H]2C[C@H]1CC[C@]1(C)O[C@H]1CC/C(C)=C/CC[C@]2(C)O,YKKJETNBRNDYKN-JZZWRREUSA-N,5458571,Flexibilide,C20H30O4,334.456,24,1,False,True,pubchem_name,Sinularin,2026-09-26
Sorafenib,CNC(=O)c1cc(Oc2ccc(NC(=O)Nc3ccc(Cl)c(C(F)(F)F)c3)cc2)ccn1,MLDQJTXFUGDVEO-UHFFFAOYSA-N,CNC(=O)c1cc(Oc2ccc(NC(=O)Nc3ccc(Cl)c(C(F)(F)F)c3)cc2)ccn1,MLDQJTXFUGDVEO-UHFFFAOYSA-N,216239,Sorafenib,C21H16ClF3N4O3,464.831,32,1,False,True,pubchem_name,Sorafenib,2026-09-26
Sphingosine Kinase 1 Inhibitor II,Cc1cc(CS(=O)(=O)c2ccccc2)cc(OCc2ccc(CN3CCC[C@@H]3CO)cc2)c1,NPUXORBZRBIOMQ-RUZDIDTESA-N,Cc1cc(CS(=O)(=O)c2ccccc2)cc(OCc2ccc(CN3CCC[C@@H]3CO)cc2)c1,NPUXORBZRBIOMQ-RUZDIDTESA-N,66577038,PF-543,C27H31NO4S,465.615,33,1,False,True,pubchem_name,Sphingosine Kinase 1 Inhibitor II,2026-09-26
Staurosporine,CN[C@@H]1C[C@H]2O[C@@](C)([C@@H]1OC)n1c3ccccc3c3c4c(c5c6ccccc6n2c5c31)C(=O)NC4,HKSZLNNOFSGOKW-FYTWVXJKSA-N,CN[C@@H]1C[C@H]2O[C@@](C)([C@@H]1OC)n1c3ccccc3c3c4c(c5c6ccccc6n2c5c31)C(=O)NC4,HKSZLNNOFSGOKW-FYTWVXJKSA-N,44259,Staurosporine,C28H26N4O3,466.541,35,1,False,True,pubchem_name,Staurosporine,2026-09-26
Sunitinib,CCN(CC)CCNC(=O)c1c(C)[nH]c(/C=C2\C(=O)Nc3ccc(F)cc32)c1C,WINHZLLDWRZWRT-ATVHPVEESA-N,CCN(CC)CCNC(=O)c1c(C)[nH]c(/C=C2\C(=O)Nc3ccc(F)cc32)c1C,WINHZLLDWRZWRT-ATVHPVEESA-N,5329102,Sunitinib,C22H27FN4O2,398.482,29,1,False,True,pubchem_name,Sunitinib,2026-09-26
T0901317,O=S(=O)(c1ccccc1)N(CC(F)(F)F)c1ccc(C(O)(C(F)(F)F)C(F)(F)F)cc1,SGIWFELWJPNFDH-UHFFFAOYSA-N,O=S(=O)(c1ccccc1)N(CC(F)(F)F)c1ccc(C(O)(C(F)(F)F)C(F)(F)F)cc1,SGIWFELWJPNFDH-UHFFFAOYSA-N,447912,"N-(2,2,2-Trifluoroethyl)-N-(4-(2,2,2-trifluoro-1-hydroxy-1-(trifluoromethyl)ethyl)phenyl)-benzenesulfonamide",C17H12F9NO3S,481.336,31,1,False,True,pubchem_name,T0901317,2026-09-26
TAK-715,CCc1nc(-c2cccc(C)c2)c(-c2ccnc(NC(=O)c3ccccc3)c2)s1,HEKAIDKUDLCBRU-UHFFFAOYSA-N,CCc1nc(-c2cccc(C)c2)c(-c2ccnc(NC(=O)c3ccccc3)c2)s1,HEKAIDKUDLCBRU-UHFFFAOYSA-N,9952773,Tak-715,C24H21N3OS,399.519,29,1,False,True,pubchem_name,TAK-715,2026-09-26
TGX221,Cc1cc(C(C)Nc2ccccc2)c2nc(N3CCOCC3)cc(=O)n2c1,CPRAGQJXBLMUEL-UHFFFAOYSA-N,Cc1cc(C(C)Nc2ccccc2)c2nc(N3CCOCC3)cc(=O)n2c1,CPRAGQJXBLMUEL-UHFFFAOYSA-N,9907093,Tgx-221,C21H24N4O2,364.449,27,1,False,True,pubchem_name,TGX221,2026-09-26
TPCA-1,NC(=O)Nc1sc(-c2ccc(F)cc2)cc1C(N)=O,SAYGKHKXGCPTLX-UHFFFAOYSA-N,NC(=O)Nc1sc(-c2ccc(F)cc2)cc1C(N)=O,SAYGKHKXGCPTLX-UHFFFAOYSA-N,9903786,Tpca-1,C12H10FN3O2S,279.296,19,1,False,True,pubchem_name,TPCA-1,2026-09-26
TW 37,CC(C)c1ccccc1Cc1cc(C(=O)Nc2ccc(S(=O)(=O)c3ccccc3C(C)(C)C)cc2)c(O)c(O)c1O,PQAPVTKIEGUPRN-UHFFFAOYSA-N,CC(C)c1ccccc1Cc1cc(C(=O)Nc2ccc(S(=O)(=O)c3ccccc3C(C)(C)C)cc2)c(O)c(O)c1O,PQAPVTKIEGUPRN-UHFFFAOYSA-N,11455910,TW-37,C33H35NO6S,573.711,41,1,False,True,pubchem_name,TW 37,2026-09-26
TWS119,Nc1cccc(-c2cc3c(Oc4cccc(O)c4)ncnc3[nH]2)c1,VPVLEBIVXZSOMQ-UHFFFAOYSA-N,Nc1cccc(-c2cc3c(Oc4cccc(O)c4)ncnc3[nH]2)c1,VPVLEBIVXZSOMQ-UHFFFAOYSA-N,9549289,Tws119,C18H14N4O2,318.336,24,1,False,True,pubchem_name,TWS119,2026-09-26
Talazoparib,Cn1ncnc1[C@H]1c2n[nH]c(=O)c3cc(F)cc(c23)N[C@@H]1c1ccc(F)cc1,HWGQMRYQVZSGDQ-HZPDHXFCSA-N,Cn1ncnc1[C@H]1c2n[nH]c(=O)c3cc(F)cc(c23)N[C@@H]1c1ccc(F)cc1,HWGQMRYQVZSGDQ-HZPDHXFCSA-N,135565082,Talazoparib,C19H14F2N6O,380.358,28,1,False,True,pubchem_name,Talazoparib,2026-09-26
Tamoxifen,CC/C(=C(\c1ccccc1)c1ccc(OCCN(C)C)cc1)c1ccccc1,NKANXQFJJICGDU-QPLCGJKRSA-N,CC/C(=C(\c1ccccc1)c1ccc(OCCN(C)C)cc1)c1ccccc1,NKANXQFJJICGDU-QPLCGJKRSA-N,2733526,Tamoxifen,C26H29NO,371.524,28,1,False,True,pubchem_name,Tamoxifen,2026-09-26
Tanespimycin,C=CCNC1=C2C[C@@H](C)C[C@H](OC)[C@H](O)[C@@H](C)/C=C(\C)[C@H](OC(N)=O)[C@@H](OC)/C=C\C=C(/C)C(=O)NC(=CC1=O)C2=O,AYUNIORJHRXIBJ-TXHRRWQRSA-N,C=CCNC1=C2C[C@@H](C)C[C@H](OC)[C@H](O)[C@@H](C)/C=C(\C)[C@H](OC(N)=O)[C@@H](OC)/C=C\C=C(/C)C(=O)NC(=CC1=O)C2=O,AYUNIORJHRXIBJ-TXHRRWQRSA-N,6505803,Tanespimycin,C31H43N3O8,585.698,42,1,False,True,pubchem_name,Tanespimycin,2026-09-26
Taselisib,Cc1nc(-c2cn3c(n2)-c2ccc(-c4cnn(C(C)(C)C(N)=O)c4)cc2OCC3)n(C(C)C)n1,BEUQXVWXFDOSAQ-UHFFFAOYSA-N,Cc1nc(-c2cn3c(n2)-c2ccc(-c4cnn(C(C)(C)C(N)=O)c4)cc2OCC3)n(C(C)C)n1,BEUQXVWXFDOSAQ-UHFFFAOYSA-N,51001932,Taselisib,C24H28N8O2,460.542,34,1,False,True,pubchem_name,Taselisib,2026-09-26
Telomerase Inhibitor IX,O=C(Nc1cccc(NC(=O)c2cccc(O)c2O)c1)c1cccc(O)c1O,MIQUEZGHEJGPJB-UHFFFAOYSA-N,O=C(Nc1cccc(NC(=O)c2cccc(O)c2O)c1)c1cccc(O)c1O,MIQUEZGHEJGPJB-UHFFFAOYSA-N,10385095,Telomerase Inhibitor IX,C20H16N2O6,380.356,28,1,False,True,pubchem_name,Telomerase Inhibitor IX,2026-09-26
Temozolomide,Cn1nnc2c(C(N)=O)ncn2c1=O,BPEGJWRSRHCHSN-UHFFFAOYSA-N,Cn1nnc2c(C(N)=O)ncn2c1=O,BPEGJWRSRHCHSN-UHFFFAOYSA-N,5394,Temozolomide,C6H6N6O2,194.154,14,1,False,True,pubchem_name,Temozolomide,2026-09-26
Temsirolimus,CO[C@H]1C[C@@H]2CC[C@@H](C)[C@@](O)(O2)C(=O)C(=O)N2CCCC[C@H]2C(=O)O[C@H]([C@H](C)C[C@@H]2CC[C@@H](OC(=O)C(C)(CO)CO)[C@H](OC)C2)CC(=O)[C@H](C)/C=C(\C)[C@@H](O)[C@@H](OC)C(=O)[C@H](C)C[C@H](C)/C=C/C=C/C=C/1C,CBPNZQVSJQDFBE-FUXHJELOSA-N,CO[C@H]1C[C@@H]2CC[C@@H](C)[C@@](O)(O2)C(=O)C(=O)N2CCCC[C@H]2C(=O)O[C@H]([C@H](C)C[C@@H]2CC[C@@H](OC(=O)C(C)(CO)CO)[C@H](OC)C2)CC(=O)[C@H](C)/C=C(\C)[C@@H](O)[C@@H](OC)C(=O)[C@H](C)C[C@H](C)/C=C/C=C/C=C/1C,CBPNZQVSJQDFBE-FUXHJELOSA-N,6918289,Temsirolimus,C56H87NO16,1030.303,73,1,False,True,pubchem_name,Temsirolimus,2026-09-26
Teniposide,COc1cc([C@@H]2c3cc4c(cc3[C@@H](O[C@@H]3O[C@@H]5CO[C@@H](c6cccs6)O[C@H]5[C@H](O)[C@H]3O)[C@H]3COC(=O)[C@H]23)OCO4)cc(OC)c1O,NRUKOCRGYNPUPR-QBPJDGROSA-N,COc1cc([C@@H]2c3cc4c(cc3[C@@H](O[C@@H]3O[C@@H]5CO[C@@H](c6cccs6)O[C@H]5[C@H](O)[C@H]3O)[C@H]3COC(=O)[C@H]23)OCO4)cc(OC)c1O,NRUKOCRGYNPUPR-QBPJDGROSA-N,452548,Teniposide,C32H32O13S,656.662,46,1,False,True,pubchem_name,Teniposide,2026-09-26
Tenovin-6,CN(C)CCCCC(=O)Nc1ccc(NC(=S)NC(=O)c2ccc(C(C)(C)C)cc2)cc1,BVJSXSQRIUSRCO-UHFFFAOYSA-N,CN(C)CCCCC(=O)Nc1ccc(NC(=S)NC(=O)c2ccc(C(C)(C)C)cc2)cc1,BVJSXSQRIUSRCO-UHFFFAOYSA-N,24772043,Tenovin-6,C25H34N4O2S,454.64,32,1,False,True,pubchem_name,Tenovin-6,2026-09-26
Thapsigargin,C/C=C(/C)C(=O)O[C@H]1C(C)=C2[C@H]([C@@H]1OC(=O)CCCCCCC)[C@@](C)(OC(C)=O)C[C@H](OC(=O)CCC)[C@@]1(O)[C@H]2OC(=O)[C@@]1(C)O,IXFPJGBNCFXKPI-FSIHEZPISA-N,C/C=C(/C)C(=O)O[C@H]1C(C)=C2[C@H]([C@@H]1OC(=O)CCCCCCC)[C@@](C)(OC(C)=O)C[C@H](OC(=O)CCC)[C@@]1(O)[C@H]2OC(=O)[C@@]1(C)O,IXFPJGBNCFXKPI-FSIHEZPISA-N,446378,Thapsigargin,C34H50O12,650.762,46,1,False,True,pubchem_name,Thapsigargin,2026-09-26
Tipifarnib,Cn1cncc1[C@@](N)(c1ccc(Cl)cc1)c1ccc2c(c1)c(-c1cccc(Cl)c1)cc(=O)n2C,PLHJCIYEEKOWNM-HHHXNRCGSA-N,Cn1cncc1[C@@](N)(c1ccc(Cl)cc1)c1ccc2c(c1)c(-c1cccc(Cl)c1)cc(=O)n2C,PLHJCIYEEKOWNM-HHHXNRCGSA-N,159324,Tipifarnib,C27H22Cl2N4O,489.406,34,1,False,True,pubchem_name,Tipifarnib,2026-09-26
Tivozanib,COc1cc2nccc(Oc3ccc(NC(=O)Nc4cc(C)on4)c(Cl)c3)c2cc1OC,SPMVMDHWKHCIDT-UHFFFAOYSA-N,COc1cc2nccc(Oc3ccc(NC(=O)Nc4cc(C)on4)c(Cl)c3)c2cc1OC,SPMVMDHWKHCIDT-UHFFFAOYSA-N,9911830,Tivozanib,C22H19ClN4O5,454.87,32,1,False,True,pubchem_name,Tivozanib,2026-09-26
Topotecan,CC[C@@]1(O)C(=O)OCc2c1cc1n(c2=O)Cc2cc3c(CN(C)C)c(O)ccc3nc2-1,UCFGDBYHRUNTLO-QHCPKHFHSA-N,CC[C@@]1(O)C(=O)OCc2c1cc1n(c2=O)Cc2cc3c(CN(C)C)c(O)ccc3nc2-1,UCFGDBYHRUNTLO-QHCPKHFHSA-N,60700,Topotecan,C23H23N3O5,421.453,31,1,False,True,pubchem_name,Topotecan,2026-09-26
Torin 2,Nc1ccc(-c2ccc3ncc4ccc(=O)n(-c5cccc(C(F)(F)F)c5)c4c3c2)cn1,GUXXEUUYCAYESJ-UHFFFAOYSA-N,Nc1ccc(-c2ccc3ncc4ccc(=O)n(-c5cccc(C(F)(F)F)c5)c4c3c2)cn1,GUXXEUUYCAYESJ-UHFFFAOYSA-N,51358113,"9-(6-Aminopyridin-3-yl)-1-(3-(trifluoromethyl)phenyl)benzo(h)(1,6)naphthyridin-2(1H)-one",C24H15F3N4O,432.405,32,1,False,True,pubchem_name,Torin 2,2026-09-26
Tozasertib,Cc1cc(Nc2cc(N3CCN(C)CC3)nc(Sc3ccc(NC(=O)C4CC4)cc3)n2)n[nH]1,GCIKSSRWRFVXBI-UHFFFAOYSA-N,Cc1cc(Nc2cc(N3CCN(C)CC3)nc(Sc3ccc(NC(=O)C4CC4)cc3)n2)n[nH]1,GCIKSSRWRFVXBI-UHFFFAOYSA-N,5494449,Tozasertib,C23H28N8OS,464.599,33,1,False,True,pubchem_name,Tozasertib,2026-09-26
Trametinib,CC(=O)Nc1cccc(-n2c(=O)n(C3CC3)c(=O)c3c(Nc4ccc(I)cc4F)n(C)c(=O)c(C)c32)c1,LIRYPHYGHXZJBZ-UHFFFAOYSA-N,CC(=O)Nc1cccc(-n2c(=O)n(C3CC3)c(=O)c3c(Nc4ccc(I)cc4F)n(C)c(=O)c(C)c32)c1,LIRYPHYGHXZJBZ-UHFFFAOYSA-N,11707110,Trametinib,C26H23FIN5O4,615.403,37,1,False,True,pubchem_name,Trametinib,2026-09-26
Tretinoin,CC1=C(/C=C/C(C)=C/C=C/C(C)=C/C(=O)O)C(C)(C)CCC1,SHGAZHPCJJPHSC-YCNIQYBTSA-N,CC1=C(/C=C/C(C)=C/C=C/C(C)=C/C(=O)O)C(C)(C)CCC1,SHGAZHPCJJPHSC-YCNIQYBTSA-N,444795,Retinoic Acid,C20H28O2,300.442,22,1,False,True,pubchem_name,Tretinoin,2026-09-26
Trichostatin A,CC(/C=C/C(=O)NO)=C\[C@@H](C)C(=O)c1ccc(N(C)C)cc1,RTKIYFITIVXBLE-QEQCGCAPSA-N,CC(/C=C/C(=O)NO)=C\[C@@H](C)C(=O)c1ccc(N(C)C)cc1,RTKIYFITIVXBLE-QEQCGCAPSA-N,444732,Trichostatin A,C17H22N2O3,302.374,22,1,False,True,pubchem_name,Trichostatin A,2026-09-26
Tubastatin A,CN1CCc2c(c3ccccc3n2Cc2ccc(C(=O)NO)cc2)C1,GOVYBPLHWIEHEJ-UHFFFAOYSA-N,CN1CCc2c(c3ccccc3n2Cc2ccc(C(=O)NO)cc2)C1,GOVYBPLHWIEHEJ-UHFFFAOYSA-N,49850262,Tubastatin A,C20H21N3O2,335.407,25,1,False,True,pubchem_name,Tubastatin A,2026-09-26
UMI-77,O=C(O)CSc1cc(NS(=O)(=O)c2ccc(Br)cc2)c2ccccc2c1O,WUGANDSUVKXMEC-UHFFFAOYSA-N,O=C(O)CSc1cc(NS(=O)(=O)c2ccc(Br)cc2)c2ccccc2c1O,WUGANDSUVKXMEC-UHFFFAOYSA-N,992586,Umi-77,C18H14BrNO5S2,468.35,27,1,False,True,pubchem_name,UMI-77,2026-09-26
UNC0379,COc1cc2nc(N3CCCC3)nc(NCCCCCN3CCCC3)c2cc1OC,WEXCGGWTIDNVNT-UHFFFAOYSA-N,COc1cc2nc(N3CCCC3)nc(NCCCCCN3CCCC3)c2cc1OC,WEXCGGWTIDNVNT-UHFFFAOYSA-N,78357767,Unc0379,C23H35N5O2,413.566,30,1,False,True,pubchem_name,UNC0379,2026-09-26
UNC0638,COc1cc2c(NC3CCN(C(C)C)CC3)nc(C3CCCCC3)nc2cc1OCCCN1CCCC1,QOECJCJVIMVJGX-UHFFFAOYSA-N,COc1cc2c(NC3CCN(C(C)C)CC3)nc(C3CCCCC3)nc2cc1OCCCN1CCCC1,QOECJCJVIMVJGX-UHFFFAOYSA-N,46224516,2-Cyclohexyl-6-methoxy-N-(1-(1-methylethyl)-4-piperidinyl)-7-(3-(1-pyrrolidinyl)propoxy)-4-quinazolinamine,C30H47N5O2,509.739,37,1,False,True,pubchem_name,UNC0638,2026-09-26
UNC0642,COc1cc2c(NC3CCN(C(C)C)CC3)nc(N3CCC(F)(F)CC3)nc2cc1OCCCN1CCCC1,RNAMYOYQYRYFQY-UHFFFAOYSA-N,COc1cc2c(NC3CCN(C(C)C)CC3)nc(N3CCC(F)(F)CC3)nc2cc1OCCCN1CCCC1,RNAMYOYQYRYFQY-UHFFFAOYSA-N,53315878,Unc-0642,C29H44F2N6O2,546.707,39,1,False,True,pubchem_name,UNC0642,2026-09-26
UNC1215,O=C(c1ccc(C(=O)N2CCC(N3CCCC3)CC2)c(Nc2ccccc2)c1)N1CCC(N2CCCC2)CC1,PQOOIERVZAXHBP-UHFFFAOYSA-N,O=C(c1ccc(C(=O)N2CCC(N3CCCC3)CC2)c(Nc2ccccc2)c1)N1CCC(N2CCCC2)CC1,PQOOIERVZAXHBP-UHFFFAOYSA-N,57339144,Unc1215,C32H43N5O2,529.729,39,1,False,True,pubchem_name,UNC1215,2026-09-26
Ulixertinib,CC(C)Nc1cc(-c2c[nH]c(C(=O)N[C@H](CO)c3cccc(Cl)c3)c2)c(Cl)cn1,KSERXGMCDHOLSS-LJQANCHMSA-N,CC(C)Nc1cc(-c2c[nH]c(C(=O)N[C@H](CO)c3cccc(Cl)c3)c2)c(Cl)cn1,KSERXGMCDHOLSS-LJQANCHMSA-N,11719003,Ulixertinib,C21H22Cl2N4O2,433.339,29,1,False,True,pubchem_name,Ulixertinib,2026-09-26
Uprosertib,Cn1ncc(Cl)c1-c1cc(C(=O)N[C@H](CN)Cc2ccc(F)c(F)c2)oc1Cl,AXTAPYRUEKNRBA-JTQLQIEISA-N,Cn1ncc(Cl)c1-c1cc(C(=O)N[C@H](CN)Cc2ccc(F)c(F)c2)oc1Cl,AXTAPYRUEKNRBA-JTQLQIEISA-N,51042438,Uprosertib,C18H16Cl2F2N4O2,429.254,28,1,False,True,pubchem_name,Uprosertib,2026-09-26
VE-822,CNCc1ccc(-c2cc(-c3nc(-c4ccc(S(=O)(=O)C(C)C)cc4)cnc3N)on2)cc1,JZCWLJDSIRUGIN-UHFFFAOYSA-N,CNCc1ccc(-c2cc(-c3nc(-c4ccc(S(=O)(=O)C(C)C)cc4)cnc3N)on2)cc1,JZCWLJDSIRUGIN-UHFFFAOYSA-N,59472121,Berzosertib,C24H25N5O3S,463.563,33,1,False,True,pubchem_name,VE-822,2026-09-26
VE821,CS(=O)(=O)c1ccc(-c2cnc(N)c(C(=O)Nc3ccccc3)n2)cc1,DUIHHZKTCSNTGM-UHFFFAOYSA-N,CS(=O)(=O)c1ccc(-c2cnc(N)c(C(=O)Nc3ccccc3)n2)cc1,DUIHHZKTCSNTGM-UHFFFAOYSA-N,51000408,VE-821,C18H16N4O3S,368.418,26,1,False,True,pubchem_name,VE821,2026-09-26
VX-11e,Cc1cnc(Nc2ccc(F)cc2Cl)nc1-c1c[nH]c(C(=O)N[C@H](CO)c2cccc(Cl)c2)c1,WUTVMXLIGHTZJC-OAQYLSRUSA-N,Cc1cnc(Nc2ccc(F)cc2Cl)nc1-c1c[nH]c(C(=O)N[C@H](CO)c2cccc(Cl)c2)c1,WUTVMXLIGHTZJC-OAQYLSRUSA-N,11634725,4-(2-((2-Chloro-4-fluorophenyl)amino)-5-methyl-4-pyrimidinyl)-N-((1S)-1-(3-chlorophenyl)-2-hydroxyethyl)-1H-pyrrole-2-carboxamide,C24H20Cl2FN5O2,500.361,34,1,False,True,pubchem_name,VX-11e,2026-09-26
VX-702,NC(=O)c1ccc(N(C(N)=O)c2c(F)cccc2F)nc1-c1ccc(F)cc1F,FYSRKRZDBHOFAY-UHFFFAOYSA-N,NC(=O)c1ccc(N(C(N)=O)c2c(F)cccc2F)nc1-c1ccc(F)cc1F,FYSRKRZDBHOFAY-UHFFFAOYSA-N,10341154,Vx-702,C19H12F4N4O2,404.323,29,1,False,True,pubchem_name,VX-702,2026-09-26
Veliparib,C[C@]1(c2nc3c(C(N)=O)cccc3[nH]2)CCCN1,JNAHVYVRKWKWKQ-CYBMUJFWSA-N,C[C@]1(c2nc3c(C(N)=O)cccc3[nH]2)CCCN1,JNAHVYVRKWKWKQ-CYBMUJFWSA-N,11960529,Veliparib,C13H16N4O,244.298,18,1,False,True,pubchem_name,Veliparib,2026-09-26
Venetoclax,CC1(C)CCC(CN2CCN(c3ccc(C(=O)NS(=O)(=O)c4ccc(NCC5CCOCC5)c([N+](=O)[O-])c4)c(Oc4cnc5[nH]ccc5c4)c3)CC2)=C(c2ccc(Cl)cc2)C1,LQBVNQSMGBZMKD-UHFFFAOYSA-N,CC1(C)CCC(CN2CCN(c3ccc(C(=O)NS(=O)(=O)c4ccc(NCC5CCOCC5)c([N+](=O)[O-])c4)c(Oc4cnc5[nH]ccc5c4)c3)CC2)=C(c2ccc(Cl)cc2)C1,LQBVNQSMGBZMKD-UHFFFAOYSA-N,49846579,Venetoclax,C45H50ClN7O7S,868.457,61,1,False,True,pubchem_name,Venetoclax,2026-09-26
Venotoclax,CC1(C)CCC(CN2CCN(c3ccc(C(=O)NS(=O)(=O)c4ccc(NCC5CCOCC5)c([N+](=O)[O-])c4)c(Oc4cnc5[nH]ccc5c4)c3)CC2)=C(c2ccc(Cl)cc2)C1,LQBVNQSMGBZMKD-UHFFFAOYSA-N,CC1(C)CCC(CN2CCN(c3ccc(C(=O)NS(=O)(=O)c4ccc(NCC5CCOCC5)c([N+](=O)[O-])c4)c(Oc4cnc5[nH]ccc5c4)c3)CC2)=C(c2ccc(Cl)cc2)C1,LQBVNQSMGBZMKD-UHFFFAOYSA-N,49846579,Venetoclax,C45H50ClN7O7S,868.457,61,1,False,True,pubchem_synonym,ABT-199,2026-09-26
Vinblastine,CC[C@]1(O)C[C@@H]2CN(CCc3c([nH]c4ccccc34)[C@@](C(=O)OC)(c3cc4c(cc3OC)N(C)[C@H]3[C@@](O)(C(=O)OC)[C@H](OC(C)=O)[C@]5(CC)C=CCN6CC[C@]43[C@@H]65)C2)C1,JXLYSJRDGCGARV-CFWMRBGOSA-N,CC[C@]1(O)C[C@@H]2CN(CCc3c([nH]c4ccccc34)[C@@](C(=O)OC)(c3cc4c(cc3OC)N(C)[C@H]3[C@@](O)(C(=O)OC)[C@H](OC(C)=O)[C@]5(CC)C=CCN6CC[C@]43[C@@H]65)C2)C1,JXLYSJRDGCGARV-CFWMRBGOSA-N,13342,Vinblastine,C46H58N4O9,810.989,59,1,False,True,pubchem_name,Vinblastine,2026-09-26
Vinorelbine,CCC1=C[C@@H]2CN(C1)Cc1c([nH]c3ccccc13)[C@@](C(=O)OC)(c1cc3c(cc1OC)N(C)[C@H]1[C@@](O)(C(=O)OC)[C@H](OC(C)=O)[C@]4(CC)C=CCN5CC[C@]31[C@@H]54)C2,GBABOYUKABKIAF-IELIFDKJSA-N,CCC1=C[C@@H]2CN(C1)Cc1c([nH]c3ccccc13)[C@@](C(=O)OC)(c1cc3c(cc1OC)N(C)[C@H]1[C@@](O)(C(=O)OC)[C@H](OC(C)=O)[C@]4(CC)C=CCN5CC[C@]31[C@@H]54)C2,GBABOYUKABKIAF-IELIFDKJSA-N,5311497,Vinorelbine,C45H54N4O8,778.947,57,1,False,True,pubchem_name,Vinorelbine,2026-09-26
Vismodegib,CS(=O)(=O)c1ccc(C(=O)Nc2ccc(Cl)c(-c3ccccn3)c2)c(Cl)c1,BPQMGSKTAYIVFO-UHFFFAOYSA-N,CS(=O)(=O)c1ccc(C(=O)Nc2ccc(Cl)c(-c3ccccn3)c2)c(Cl)c1,BPQMGSKTAYIVFO-UHFFFAOYSA-N,24776445,Vismodegib,C19H14Cl2N2O3S,421.305,27,1,False,True,pubchem_name,Vismodegib,2026-09-26
Vorinostat,O=C(CCCCCCC(=O)Nc1ccccc1)NO,WAEXFXRVDQXREF-UHFFFAOYSA-N,O=C(CCCCCCC(=O)Nc1ccccc1)NO,WAEXFXRVDQXREF-UHFFFAOYSA-N,5311,Vorinostat,C14H20N2O3,264.325,19,1,False,True,pubchem_name,Vorinostat,2026-09-26
Voxtalisib,CCn1c(=O)c(-c2ccn[nH]2)cc2c(C)nc(N)nc21,RGHYDLZMTYDBDT-UHFFFAOYSA-N,CCn1c(=O)c(-c2ccn[nH]2)cc2c(C)nc(N)nc21,RGHYDLZMTYDBDT-UHFFFAOYSA-N,16123056,Voxtalisib,C13H14N6O,270.296,20,1,False,True,pubchem_name,Voxtalisib,2026-09-26
WEHI-539,NCc1ccc(OCCCc2sc(-c3ccc4c(c3)/C(=N/Nc3nc5ccccc5s3)CCC4)nc2C(=O)O)cc1,JKMWZKPAXZBYEH-JWHWKPFMSA-N,NCc1ccc(OCCCc2sc(-c3ccc4c(c3)/C(=N/Nc3nc5ccccc5s3)CCC4)nc2C(=O)O)cc1,JKMWZKPAXZBYEH-JWHWKPFMSA-N,71297207,Wehi-539,C31H29N5O3S2,583.739,41,1,False,True,pubchem_name,WEHI-539,2026-09-26
WH-4-023,COc1ccc(N(C(=O)Oc2c(C)cccc2C)c2ccnc(Nc3ccc(N4CCN(C)CC4)cc3)n2)c(OC)c1,NBTNHSGBRGTFJS-UHFFFAOYSA-N,COc1ccc(N(C(=O)Oc2c(C)cccc2C)c2ccnc(Nc3ccc(N4CCN(C)CC4)cc3)n2)c(OC)c1,NBTNHSGBRGTFJS-UHFFFAOYSA-N,11844351,"2,6-Dimethylphenyl N-(2,4-dimethoxyphenyl)-N-[2-[[4-(4-methyl-1-piperazinyl)phenyl]amino]-4-pyrimidinyl]carbamate",C32H36N6O4,568.678,42,1,False,True,pubchem_name,WH-4-023,2026-09-26
WHI-P97,COc1cc2ncnc(Nc3cc(Br)c(O)c(Br)c3)c2cc1OC,YVCXQRVVNQMZEI-UHFFFAOYSA-N,COc1cc2ncnc(Nc3cc(Br)c(O)c(Br)c3)c2cc1OC,YVCXQRVVNQMZEI-UHFFFAOYSA-N,3796,Whi-P97,C16H13Br2N3O3,455.106,24,1,False,True,pubchem_name,WHI-P97,2026-09-26
WIKI4,COc1ccc(-n2c(SCCCN3C(=O)c4cccc5cccc(c45)C3=O)nnc2-c2ccncc2)cc1,RNUXIZKXJOGYQP-UHFFFAOYSA-N,COc1ccc(-n2c(SCCCN3C(=O)c4cccc5cccc(c45)C3=O)nnc2-c2ccncc2)cc1,RNUXIZKXJOGYQP-UHFFFAOYSA-N,2984337,"2-[3-[[4-(4-Methoxyphenyl)-5-pyridin-4-yl-1,2,4-triazol-3-yl]sulfanyl]propyl]benzo[de]isoquinoline-1,3-dione",C29H23N5O3S,521.602,38,1,False,True,pubchem_name,WIKI4,2026-09-26
WYE-125132,CNC(=O)Nc1ccc(-c2nc(N3CC4CCC(C3)O4)c3cnn(C4CCC5(CC4)OCCO5)c3n2)cc1,QLHHRYZMBGPBJG-UHFFFAOYSA-N,CNC(=O)Nc1ccc(-c2nc(N3CC4CCC(C3)O4)c3cnn(C4CCC5(CC4)OCCO5)c3n2)cc1,QLHHRYZMBGPBJG-UHFFFAOYSA-N,25260757,"1-(4-(1-(1,4-Dioxaspiro(4.5)decan-8-yl)-4-(8-oxa-3-azabicyclo(3.2.1)octan-3-yl)pyrazolo(3,4-d)pyrimidin-6-yl)phenyl)-3-methylurea",C27H33N7O4,519.606,38,1,False,True,pubchem_name,WYE-125132,2026-09-26
WZ-1-84,C=CC(=O)N1CCCC(Nc2nc(Nc3ccc(N(C)C(=O)CC)cc3)nc3nc[nH]c23)C1,OTPQDXLFXQGSHS-UHFFFAOYSA-N,C=CC(=O)N1CCCC(Nc2nc(Nc3ccc(N(C)C(=O)CC)cc3)nc3nc[nH]c23)C1,OTPQDXLFXQGSHS-UHFFFAOYSA-N,49821040,N-methyl-N-[4-[[6-[[1-(1-oxoprop-2-enyl)-3-piperidinyl]amino]-7H-purin-2-yl]amino]phenyl]propanamide,C23H28N8O2,448.531,33,1,False,True,pubchem_synonym,KIN001-123,2026-09-26
WZ3105,C=CC(=O)Nc1cccc(Nc2nc(NC3CCC(N(C)C)CC3)nc3c2ncn3C(C)C)c1,DGEBYERMQBTMHV-UHFFFAOYSA-N,C=CC(=O)Nc1cccc(Nc2nc(NC3CCC(N(C)C)CC3)nc3c2ncn3C(C)C)c1,DGEBYERMQBTMHV-UHFFFAOYSA-N,42628507,N-[3-[[2-[[4-(dimethylamino)cyclohexyl]amino]-9-propan-2-yl-6-purinyl]amino]phenyl]-2-propenamide,C25H34N8O,462.602,34,1,False,True,pubchem_name,WZ3105,2026-09-26
WZ4003,CCC(=O)Nc1cccc(Oc2nc(Nc3ccc(N4CCN(C)CC4)cc3OC)ncc2Cl)c1,SDGJBAUIGHSMRI-UHFFFAOYSA-N,CCC(=O)Nc1cccc(Oc2nc(Nc3ccc(N4CCN(C)CC4)cc3OC)ncc2Cl)c1,SDGJBAUIGHSMRI-UHFFFAOYSA-N,72200024,N-(3-((5-Chloro-2-((2-methoxy-4-(4-methyl-1-piperazinyl)phenyl)amino)-4-pyrimidinyl)oxy)phenyl)propanamide,C25H29ClN6O3,496.999,35,1,False,True,pubchem_name,WZ4003,2026-09-26
Wee1 Inhibitor,O=C1NC(=O)c2c1c(-c1ccccc1Cl)cc1[nH]c3ccc(O)cc3c21,DPEXRCOBPACFOO-UHFFFAOYSA-N,O=C1NC(=O)c2c1c(-c1ccccc1Cl)cc1[nH]c3ccc(O)cc3c21,DPEXRCOBPACFOO-UHFFFAOYSA-N,10384072,Wee1 Inhibitor,C20H11ClN2O3,362.772,26,1,False,True,pubchem_name,Wee1 Inhibitor,2026-09-26
Wnt-C59,Cc1cc(-c2ccc(CC(=O)Nc3ccc(-c4cccnc4)cc3)cc2)ccn1,KHZOJCQBHJUJFY-UHFFFAOYSA-N,Cc1cc(-c2ccc(CC(=O)Nc3ccc(-c4cccnc4)cc3)cc2)ccn1,KHZOJCQBHJUJFY-UHFFFAOYSA-N,57519544,2-(4-(2-Methylpyridin-4-yl)phenyl)-N-(4-(pyridin-3-yl)phenyl)acetamide,C25H21N3O,379.463,29,1,False,True,pubchem_name,Wnt-C59,2026-09-26
XAV939,O=c1[nH]c(-c2ccc(C(F)(F)F)cc2)nc2c1CSCC2,KLGQSVMIPOVQAX-UHFFFAOYSA-N,O=c1[nH]c(-c2ccc(C(F)(F)F)cc2)nc2c1CSCC2,KLGQSVMIPOVQAX-UHFFFAOYSA-N,135418940,Xav-939,C14H11F3N2OS,312.316,21,1,False,True,pubchem_name,XAV939,2026-09-26
XMD11-50,COc1cc(C(=O)N2CCC(N3CCN(C)CC3)CC2)ccc1Nc1ncc2c(n1)N(C)c1ccccc1C(=O)N2C,IWMCPJZTADUIFX-UHFFFAOYSA-N,COc1cc(C(=O)N2CCC(N3CCN(C)CC3)CC2)ccc1Nc1ncc2c(n1)N(C)c1ccccc1C(=O)N2C,IWMCPJZTADUIFX-UHFFFAOYSA-N,46843906,Lrrk2-IN-1,C31H38N8O3,570.698,42,1,False,True,pubchem_name,XMD11-50,2026-09-26
XMD11-85h,COc1cc(C(=O)NC2CCN(C)CC2)ccc1Nc1ncc2c(n1)N(C1CCCC1)CCC(=O)N2C(C)C,VIJIVCXRKDRGGA-UHFFFAOYSA-N,COc1cc(C(=O)NC2CCN(C)CC2)ccc1Nc1ncc2c(n1)N(C1CCCC1)CCC(=O)N2C(C)C,VIJIVCXRKDRGGA-UHFFFAOYSA-N,42628535,"4-[(9-cyclopentyl-6-oxo-5-propan-2-yl-7,8-dihydropyrimido[4,5-b][1,4]diazepin-2-yl)amino]-3-methoxy-N-(1-methyl-4-piperidinyl)benzamide",C29H41N7O3,535.693,39,1,False,True,pubchem_name,XMD11-85h,2026-09-26
XMD13-2,O=C(NC1CC1)c1cccc(-c2ccc3c(NC(=O)C4CC4)n[nH]c3c2)c1,WBLZCNIEEVRRTG-UHFFFAOYSA-N,O=C(NC1CC1)c1cccc(-c2ccc3c(NC(=O)C4CC4)n[nH]c3c2)c1,WBLZCNIEEVRRTG-UHFFFAOYSA-N,68234129,N-cyclopropyl-3-[3-[[cyclopropyl(oxo)methyl]amino]-1H-indazol-6-yl]benzamide,C21H20N4O2,360.417,27,1,False,True,pubchem_name,XMD13-2,2026-09-26
XMD14-99,COc1cc(N2CCN(C)CC2)ccc1Nc1nc(N)c(C(=O)c2c(Cl)cccc2Cl)s1,UISRWLSAXIOCND-UHFFFAOYSA-N,COc1cc(N2CCN(C)CC2)ccc1Nc1nc(N)c(C(=O)c2c(Cl)cccc2Cl)s1,UISRWLSAXIOCND-UHFFFAOYSA-N,73265211,"[4-Amino-2-[2-methoxy-4-(4-methyl-1-piperazinyl)anilino]-5-thiazolyl]-(2,6-dichlorophenyl)methanone",C22H23Cl2N5O2S,492.432,32,1,False,True,pubchem_name,XMD14-99,2026-09-26
XMD8-85,COc1cc(N2CCN(C)CC2)ccc1Nc1ncc2c(n1)N(C)c1ccccc1C(=O)N2C,DDTPGANIPBKTNU-UHFFFAOYSA-N,COc1cc(N2CCN(C)CC2)ccc1Nc1ncc2c(n1)N(C)c1ccccc1C(=O)N2C,DDTPGANIPBKTNU-UHFFFAOYSA-N,46844147,"2-[2-Methoxy-4-(4-methyl-1-piperazinyl)anilino]-5,11-dimethyl-6-pyrimido[4,5-b][1,4]benzodiazepinone",C25H29N7O2,459.554,34,1,False,True,pubchem_name,XMD8-85,2026-09-26
XMD8-92,CCOc1cc(N2CCC(O)CC2)ccc1Nc1ncc2c(n1)N(C)c1ccccc1C(=O)N2C,QAPAJIZPZGWAND-UHFFFAOYSA-N,CCOc1cc(N2CCC(O)CC2)ccc1Nc1ncc2c(n1)N(C)c1ccccc1C(=O)N2C,QAPAJIZPZGWAND-UHFFFAOYSA-N,46843772,Xmd8-92,C26H30N6O3,474.565,35,1,False,True,pubchem_name,XMD8-92,2026-09-26
Y-39983,C[C@@H](N)c1ccc(C(=O)Nc2ccnc3[nH]ccc23)cc1.Cl,IILQESWQPZIAGP-HNCPQSOCSA-N,C[C@@H](N)c1ccc(C(=O)Nc2ccnc3[nH]ccc23)cc1,JTVBXQAYBIJXRP-SNVBAGLBSA-N,11507964,Y-39983,C16H17ClN4O,316.792,22,2,False,True,pubchem_name,Y-39983,2026-09-26
YK-4-279,COc1ccc(C(=O)CC2(O)C(=O)Nc3c(Cl)ccc(Cl)c32)cc1,HLXSCTYHLQHQDJ-UHFFFAOYSA-N,COc1ccc(C(=O)CC2(O)C(=O)Nc3c(Cl)ccc(Cl)c32)cc1,HLXSCTYHLQHQDJ-UHFFFAOYSA-N,44632017,"4,7-Dichloro-3-hydroxy-3-(2-(4-methoxyphenyl)-2-oxoethyl)-1,3-dihydro-2H-indol-2-one",C17H13Cl2NO4,366.2,24,1,False,True,pubchem_name,YK-4-279,2026-09-26
YM201636,Nc1ccc(C(=O)Nc2cccc(-c3nc(N4CCOCC4)c4oc5ncccc5c4n3)c2)cn1,YBPIBGNBHHGLEB-UHFFFAOYSA-N,Nc1ccc(C(=O)Nc2cccc(-c3nc(N4CCOCC4)c4oc5ncccc5c4n3)c2)cn1,YBPIBGNBHHGLEB-UHFFFAOYSA-N,9956222,YM-201636,C25H21N7O3,467.489,35,1,False,True,pubchem_name,YM201636,2026-09-26
Z-LLNle-CHO,CCCC[C@@H](C=O)NC(=O)[C@H](CC(C)C)NC(=O)[C@H](CC(C)C)NC(=O)OCc1ccccc1,RNPDUXVFGTULLP-VABKMULXSA-N,CCCC[C@@H](C=O)NC(=O)[C@H](CC(C)C)NC(=O)[C@H](CC(C)C)NC(=O)OCc1ccccc1,RNPDUXVFGTULLP-VABKMULXSA-N,11754711,Benzyloxycarbonyl-leucyl-leucyl-norleucinal,C26H41N3O5,475.63,34,1,False,True,pubchem_name,Z-LLNle-CHO,2026-09-26
ZG-10,CN(C)C/C=C/C(=O)Nc1ccc(C(=O)Nc2cccc(Nc3nccc(-c4cccnc4)n3)c2)cc1,VZEONOGFXYTZGT-WEVVVXLNSA-N,CN(C)C/C=C/C(=O)Nc1ccc(C(=O)Nc2cccc(Nc3nccc(-c4cccnc4)n3)c2)cc1,VZEONOGFXYTZGT-WEVVVXLNSA-N,57340680,Jnk-IN-2,C28H27N7O2,493.571,37,1,False,True,pubchem_name,ZG-10,2026-09-26
ZM447439,COc1cc2c(Nc3ccc(NC(=O)c4ccccc4)cc3)ncnc2cc1OCCCN1CCOCC1,OGNYUTNQZVRGMN-UHFFFAOYSA-N,COc1cc2c(Nc3ccc(NC(=O)c4ccccc4)cc3)ncnc2cc1OCCCN1CCOCC1,OGNYUTNQZVRGMN-UHFFFAOYSA-N,9914412,4-(4-(N-benzoylamino)anilino)-6-methoxy-7-(3-(1-morpholino)propoxy)quinazoline,C29H31N5O4,513.598,38,1,False,True,pubchem_name,ZM447439,2026-09-26
ZSTK474,FC(F)c1nc2ccccc2n1-c1nc(N2CCOCC2)nc(N2CCOCC2)n1,HGVNLRPZOWWDKD-UHFFFAOYSA-N,FC(F)c1nc2ccccc2n1-c1nc(N2CCOCC2)nc(N2CCOCC2)n1,HGVNLRPZOWWDKD-UHFFFAOYSA-N,11647372,"2-(Difluoromethyl)-1-(4,6-di-4-morpholinyl-1,3,5-triazin-2-yl)-1H-benzimidazole",C19H21F2N7O2,417.42,30,1,False,True,pubchem_name,ZSTK474,2026-09-26
Zibotentan,COc1nc(C)cnc1NS(=O)(=O)c1cccnc1-c1ccc(-c2nnco2)cc1,FJHHZXWJVIEFGJ-UHFFFAOYSA-N,COc1nc(C)cnc1NS(=O)(=O)c1cccnc1-c1ccc(-c2nnco2)cc1,FJHHZXWJVIEFGJ-UHFFFAOYSA-N,9910224,Zibotentan,C19H16N6O4S,424.442,30,1,False,True,pubchem_name,Zibotentan,2026-09-26
Zoledronate,O=P(O)(O)C(O)(Cn1ccnc1)P(=O)(O)O,XRASPMIURGNCCH-UHFFFAOYSA-N,O=P(O)(O)C(O)(Cn1ccnc1)P(=O)(O)O,XRASPMIURGNCCH-UHFFFAOYSA-N,68740,Zoledronic Acid,C5H10N2O7P2,272.09,16,1,False,True,pubchem_name,Zoledronate,2026-09-26
alpha-lipoic acid,O=C(O)CCCCC1CCSS1,AGBQKNBQESQNJD-UHFFFAOYSA-N,O=C(O)CCCCC1CCSS1,AGBQKNBQESQNJD-UHFFFAOYSA-N,864,alpha Lipoic acid,C8H14O2S2,206.332,12,1,False,True,pubchem_name,alpha-lipoic acid,2026-09-26
ascorbate (vitamin C),O=C1O[C@H]([C@@H](O)CO)C(O)=C1O,CIWBSHSKHKDKBQ-JLAZNSOCSA-N,O=C1O[C@H]([C@@H](O)CO)C(O)=C1O,CIWBSHSKHKDKBQ-JLAZNSOCSA-N,54670067,L-Ascorbic Acid,C6H8O6,176.124,12,1,False,True,manual_override,L-ascorbic acid (neutral form) rather than the ascorbate anion record,2026-09-26
"eEF2K Inhibitor, A-484954",CCn1c(=O)c2cc(C(N)=O)c(N)nc2n(C2CC2)c1=O,HWODCHXORCTEGU-UHFFFAOYSA-N,CCn1c(=O)c2cc(C(N)=O)c(N)nc2n(C2CC2)c1=O,HWODCHXORCTEGU-UHFFFAOYSA-N,14998470,"7-Amino-1-cyclopropyl-3-ethyl-2,4-dioxo-1,2,3,4-tetrahydropyrido[2,3-d]pyrimidine-6-carboxamide",C13H15N5O3,289.295,21,1,False,True,pubchem_alias,A-484954,2026-09-26
glutathione,N[C@@H](CCC(=O)N[C@@H](CS)C(=O)NCC(=O)O)C(=O)O,RWSXRVCMGQZWBV-WDSKDSINSA-N,N[C@@H](CCC(=O)N[C@@H](CS)C(=O)NCC(=O)O)C(=O)O,RWSXRVCMGQZWBV-WDSKDSINSA-N,124886,Glutathione,C10H17N3O6S,307.328,20,1,False,True,pubchem_name,glutathione,2026-09-26
kb NB 142-70,O=C1NCCSc2c1sc1ccc(O)cc21,DHUAGGSHTKPOHU-UHFFFAOYSA-N,O=C1NCCSc2c1sc1ccc(O)cc21,DHUAGGSHTKPOHU-UHFFFAOYSA-N,45258277,kb-NB142-70,C11H9NO2S2,251.332,16,1,False,True,pubchem_name,kb NB 142-70,2026-09-26
torin2,Nc1ccc(-c2ccc3ncc4ccc(=O)n(-c5cccc(C(F)(F)F)c5)c4c3c2)cn1,GUXXEUUYCAYESJ-UHFFFAOYSA-N,Nc1ccc(-c2ccc3ncc4ccc(=O)n(-c5cccc(C(F)(F)F)c5)c4c3c2)cn1,GUXXEUUYCAYESJ-UHFFFAOYSA-N,51358113,"9-(6-Aminopyridin-3-yl)-1-(3-(trifluoromethyl)phenyl)benzo(h)(1,6)naphthyridin-2(1H)-one",C24H15F3N4O,432.405,32,1,False,True,pubchem_name,torin2,2026-09-26
